ma_goi,ma_luot,ma_phien,ma_hs,phien_ban,thoi_diem,thu_tu_trong_luot,loai,ten,tham_so,trang_thai,ma_loi,thong_bao_loi,diem_E,do_tre_ms,kich_thuoc_phan_hoi_byte,co_ghi_chu_du_lieu
G000001,L000001,P00001,HS02,B,2026-09-07T22:44:38+07:00,1,tool,xem_tkb,"{""ngay"": ""t4""}",thanh_cong,,,,0.806,111,False
G000002,L000002,P00002,HS05,B,2026-09-07T22:41:32+07:00,1,resource,lop://noi-quy,,thanh_cong,,,,0.817,7590,False
G000003,L000003,P00002,HS05,B,2026-09-07T22:41:43+07:00,1,tool,tinh_diem_tb,"{""cac_diem"": [{""diem"": 4.5, ""he_so"": 1}, {""diem"": 5.5, ""he_so"": 1}, {""diem"": 8.75, ""he_so"": 2}, {""diem"": 5.0, ""he_so"": 1}]}",thanh_cong,,,,0.605,95,False
G000004,L000004,P00003,HS10,A,2026-09-07T06:05:52+07:00,1,tool,lich_thi,"{""mon"": ""van""}",thanh_cong,,,,0.438,110,False
G000005,L000005,P00004,HS12,B,2026-09-07T21:24:14+07:00,1,resource,lop://noi-quy,,thanh_cong,,,,0.771,7590,False
G000006,L000006,P00005,HS26,B,2026-09-07T19:27:23+07:00,1,tool,xem_lich_thi,"{""mon"": ""toan""}",thanh_cong,,,,0.424,130,False
G000007,L000007,P00005,HS26,B,2026-09-07T19:27:41+07:00,1,tool,xem_tkb,"{""ngay"": ""t5""}",thanh_cong,,,,0.715,251,True
G000008,L000009,P00006,HS40,A,2026-09-07T16:22:50+07:00,1,tool,doc_tai_lieu,"{""ten_file"": ""noi_quy.txt""}",thanh_cong,,,,0.511,7590,False
G000009,L000010,P00007,HS40,A,2026-09-07T20:54:33+07:00,1,tool,diem_tb,"{""diem"": [{""diem"": 8.25, ""he_so"": 3}, {""diem"": 5.25, ""he_so"": 2}]}",thanh_cong,,,,0.586,6,False
G000010,L000011,P00007,HS40,A,2026-09-07T20:54:55+07:00,1,tool,lich_thi,"{""mon"": ""môn Tin""}",loi_ngoai_le,Exception,Error executing tool lich_thi: Error,0,0.633,36,False
G000011,L000011,P00007,HS40,A,2026-09-07T20:54:56+07:00,2,tool,lich_thi,"{""mon"": ""tin""}",thanh_cong,,,,0.797,110,False
G000012,L000012,P00007,HS40,A,2026-09-07T20:55:38+07:00,1,tool,diem_tb,"{""diem"": [{""diem"": 9.5, ""he_so"": 3}, {""diem"": 9.75, ""he_so"": 1}, {""diem"": 9.25, ""he_so"": 2}, {""diem"": 9.25, ""he_so"": 3}, {""diem"": 6.0, ""he_so"": 2}, {""diem"": 5.25, ""he_so"": 1}]}",thanh_cong,,,,0.695,6,False
G000013,L000013,P00008,HS40,A,2026-09-07T19:56:35+07:00,1,tool,diem_tb,"{""diem"": [{""diem"": 5.0, ""he_so"": 2}, {""diem"": 4.25, ""he_so"": 1}, {""diem"": 4.25, ""he_so"": 1}, {""diem"": 8.5, ""he_so"": 2}]}",thanh_cong,,,,0.379,6,False
G000014,L000014,P00009,HS06,A,2026-09-08T18:23:46+07:00,1,tool,lich_thi,"{""mon"": ""van""}",thanh_cong,,,,0.948,110,False
G000015,L000015,P00010,HS07,B,2026-09-08T23:41:57+07:00,1,tool,xem_lich_thi,"{""mon"": ""toan""}",thanh_cong,,,,1.008,130,False
G000016,L000016,P00010,HS07,B,2026-09-08T23:42:49+07:00,1,tool,tinh_diem_tb,"{""cac_diem"": [{""diem"": 6.5, ""he_so"": 2}, {""diem"": 9.25, ""he_so"": 1}, {""diem"": 7.5, ""he_so"": 1}, {""diem"": 8.0, ""he_so"": 2}, {""diem"": 4.75, ""he_so"": 2}, {""diem"": 6.25, ""he_so"": 1}]}",thanh_cong,,,,0.602,95,False
G000017,L000018,P00011,HS07,B,2026-09-08T23:47:05+07:00,1,tool,tinh_diem_tb,"{""cac_diem"": [{""diem"": 9.5, ""he_so"": 1}, {""diem"": 7.75, ""he_so"": 1}, {""diem"": 11, ""he_so"": 3}, {""diem"": 9.5, ""he_so"": 1}]}",loi_xac_thuc,ValidationError,"Error executing tool tinh_diem_tb: 1 validation error for tinh_diem_tbArguments
cac_diem.0.diem
  Input should be less than or equal to 10 [input_value=""?""]",2,0.492,230,False
G000018,L000019,P00011,HS07,B,2026-09-08T23:47:23+07:00,1,tool,tinh_diem_tb,"{""cac_diem"": [{""diem"": 7.0, ""he_so"": 2}, {""diem"": 8.0, ""he_so"": 1}, {""diem"": 5.0, ""he_so"": 1}]}",thanh_cong,,,,0.682,95,False
G000019,L000020,P00012,HS13,B,2026-09-08T21:26:26+07:00,1,tool,xem_tkb,"{""ngay"": ""t2""}",thanh_cong,,,,0.949,111,False
G000020,L000022,P00013,HS14,A,2026-09-08T12:41:31+07:00,1,tool,tkb,"{""ngay"": ""thứ ba""}",tra_ve_rong,,,0,1.291,4,False
G000021,L000022,P00013,HS14,A,2026-09-08T12:41:32+07:00,2,tool,tkb,"{""ngay"": ""t3""}",thanh_cong,,,,0.744,69,False
G000022,L000023,P00014,HS32,A,2026-09-08T21:52:53+07:00,1,tool,diem_tb,"{""diem"": [{""diem"": 5.25, ""he_so"": 1}, {""diem"": 4.75, ""he_so"": 1}, {""diem"": 7.0, ""he_so"": 1}, {""diem"": 9.5, ""he_so"": 1}]}",thanh_cong,,,,0.386,6,False
G000023,L000024,P00015,HS34,B,2026-09-08T21:00:03+07:00,1,resource,lop://noi-quy,,thanh_cong,,,,0.543,7590,False
G000024,L000025,P00016,HS37,B,2026-09-08T20:09:25+07:00,1,tool,tinh_diem_tb,"{""cac_diem"": [{""diem"": 7.5, ""he_so"": 2}, {""diem"": 7.0, ""he_so"": 3}, {""diem"": 7.5, ""he_so"": 2}, {""diem"": 9.75, ""he_so"": 3}]}",thanh_cong,,,,0.646,95,False
G000025,L000026,P00016,HS37,B,2026-09-08T20:10:04+07:00,1,tool,tinh_diem_tb,"{""cac_diem"": [{""diem"": 9.5, ""he_so"": 1}, {""diem"": 10.0, ""he_so"": 3}, {""diem"": 5.75, ""he_so"": 3}]}",thanh_cong,,,,0.487,95,False
G000026,L000027,P00017,HS40,A,2026-09-08T12:19:02+07:00,1,tool,doc_tai_lieu,"{""ten_file"": ""NoiQuy.txt""}",loi_ngoai_le,FileNotFoundError,Error executing tool doc_tai_lieu: [Errno 2] No such file or directory: '.../du_lieu/NoiQuy.txt',1,0.475,120,False
G000027,L000028,P00017,HS40,A,2026-09-08T12:19:14+07:00,1,tool,tkb,"{""ngay"": ""t6""}",thanh_cong,,,,0.466,65,False
G000028,L000029,P00017,HS40,A,2026-09-08T12:19:31+07:00,1,tool,diem_tb,"{""diem"": [{""diem"": 8.25, ""he_so"": 4}, {""diem"": 6.75, ""he_so"": 3}, {""diem"": 4.0, ""he_so"": 1}]}",thanh_cong,,,,0.715,6,False
G000029,L000030,P00018,HS03,A,2026-09-09T17:20:20+07:00,1,tool,tkb,"{""ngay"": ""thứ hai""}",tra_ve_rong,,,0,0.667,4,False
G000030,L000031,P00018,HS03,A,2026-09-09T17:20:54+07:00,1,tool,lich_thi,"{""mon"": ""Tiếng Anh""}",loi_ngoai_le,Exception,Error executing tool lich_thi: Error,0,0.603,36,False
G000031,L000032,P00019,HS09,B,2026-09-09T10:38:51+07:00,1,resource,lop://noi-quy,,thanh_cong,,,,1.105,7590,False
G000032,L000033,P00020,HS20,A,2026-09-09T22:46:38+07:00,1,tool,lich_thi,"{""mon"": ""tin""}",thanh_cong,,,,0.59,110,False
G000033,L000034,P00021,HS26,B,2026-09-09T18:20:37+07:00,1,tool,xem_tkb,"{""ngay"": ""t5""}",thanh_cong,,,,0.592,251,True
G000034,L000035,P00022,HS26,B,2026-09-09T17:58:56+07:00,1,tool,xem_tkb,"{""ngay"": ""t5""}",thanh_cong,,,,0.525,251,True
G000035,L000036,P00022,HS26,B,2026-09-09T17:59:14+07:00,1,tool,tinh_diem_tb,"{""cac_diem"": [{""diem"": 7.25, ""he_so"": 1}, {""diem"": 9.5, ""he_so"": 3}]}",thanh_cong,,,,0.672,95,False
G000036,L000038,P00024,HS29,B,2026-09-09T18:40:41+07:00,1,tool,xem_tkb,"{""ngay"": ""t2""}",thanh_cong,,,,0.947,111,False
G000037,L000039,P00025,HS31,A,2026-09-09T20:05:18+07:00,1,tool,tkb,"{""ngay"": ""t4""}",thanh_cong,,,,0.516,51,False
G000038,L000040,P00025,HS31,A,2026-09-09T20:05:32+07:00,1,tool,lich_thi,"{""mon"": ""van""}",thanh_cong,,,,0.506,110,False
G000039,L000041,P00026,HS31,A,2026-09-09T06:35:23+07:00,1,tool,tkb,"{""ngay"": ""t2""}",thanh_cong,,,,0.37,51,False
G000040,L000042,P00026,HS31,A,2026-09-09T06:36:06+07:00,1,tool,diem_tb,"{""diem"": [{""diem"": 6.5, ""he_so"": 1}, {""diem"": 5.0, ""he_so"": 3}, {""diem"": 9.5, ""he_so"": 3}, {""diem"": 4.25, ""he_so"": 3}, {""diem"": 6.25, ""he_so"": 2}]}",thanh_cong,,,,0.376,6,False
G000041,L000043,P00027,HS38,B,2026-09-09T18:40:41+07:00,1,tool,xem_lich_thi,"{""mon"": ""van""}",thanh_cong,,,,1.711,130,False
G000042,L000044,P00028,HS01,B,2026-09-10T08:58:42+07:00,1,tool,xem_tkb,"{""ngay"": ""t6""}",thanh_cong,,,,0.451,125,False
G000043,L000045,P00028,HS01,B,2026-09-10T08:59:37+07:00,1,tool,xem_tkb,"{""ngay"": ""t6""}",thanh_cong,,,,0.603,125,False
G000044,L000046,P00028,HS01,B,2026-09-10T08:59:54+07:00,1,tool,xem_tkb,"{""ngay"": ""t3""}",thanh_cong,,,,0.75,129,False
G000045,L000047,P00029,HS03,A,2026-09-10T12:29:12+07:00,1,tool,doc_tai_lieu,"{""ten_file"": ""noi_quy.txt""}",thanh_cong,,,,1.491,7590,False
G000046,L000048,P00030,HS07,B,2026-09-10T21:26:06+07:00,1,tool,tinh_diem_tb,"{""cac_diem"": [{""diem"": 8.0, ""he_so"": 3}, {""diem"": 5.75, ""he_so"": 3}]}",thanh_cong,,,,1.348,95,False
G000047,L000049,P00031,HS08,B,2026-09-10T23:04:50+07:00,1,tool,xem_tkb,"{""ngay"": ""thứ sáu""}",loi_xac_thuc,ValidationError,"Error executing tool xem_tkb: 1 validation error for xem_tkbArguments
ngay
  Input should be 't2', 't3', 't4', 't5' or 't6' [input_value=""thứ sáu""]",2,0.301,210,False
G000048,L000049,P00031,HS08,B,2026-09-10T23:04:52+07:00,2,tool,xem_tkb,"{""ngay"": ""t6""}",thanh_cong,,,,0.448,125,False
G000049,L000050,P00031,HS08,B,2026-09-10T23:05:21+07:00,1,tool,xem_lich_thi,"{""mon"": ""toan""}",thanh_cong,,,,1.493,130,False
G000050,L000051,P00032,HS11,A,2026-09-10T21:44:50+07:00,1,tool,lich_thi,"{""mon"": ""van""}",thanh_cong,,,,0.589,110,False
G000051,L000052,P00033,HS21,A,2026-09-10T20:58:02+07:00,1,tool,doc_tai_lieu,"{""ten_file"": ""khong_cong_khai.txt""}",thanh_cong,,,,0.769,230,False
G000052,L000053,P00034,HS22,A,2026-09-10T06:08:32+07:00,1,tool,lich_thi,"{""mon"": ""Tin học""}",loi_ngoai_le,Exception,Error executing tool lich_thi: Error,0,0.511,36,False
G000053,L000054,P00034,HS22,A,2026-09-10T06:08:46+07:00,1,tool,lich_thi,"{""mon"": ""van""}",thanh_cong,,,,0.873,110,False
G000054,L000055,P00035,HS28,B,2026-09-10T21:10:24+07:00,1,resource,lop://noi-quy,,thanh_cong,,,,1.129,7590,False
G000055,L000056,P00036,HS37,B,2026-09-10T21:38:41+07:00,1,tool,xem_tkb,"{""ngay"": ""t2""}",thanh_cong,,,,0.374,111,False
G000056,L000057,P00036,HS37,B,2026-09-10T21:38:52+07:00,1,tool,xem_tkb,"{""ngay"": ""t2""}",thanh_cong,,,,0.56,111,False
G000057,L000059,P00038,HS11,A,2026-09-11T21:55:18+07:00,1,tool,diem_tb,"{""diem"": [{""diem"": 8.25, ""he_so"": 1}, {""diem"": 8.75, ""he_so"": 3}, {""diem"": 9.0, ""he_so"": 1}, {""diem"": 8.25, ""he_so"": 1}]}",thanh_cong,,,,1.182,6,False
G000058,L000060,P00039,HS22,A,2026-09-11T20:55:34+07:00,1,tool,tkb,"{""ngay"": ""t5""}",thanh_cong,,,,0.674,191,True
G000059,L000062,P00040,HS25,A,2026-09-11T19:02:44+07:00,1,tool,lich_thi,"{""mon"": ""Ngữ văn""}",loi_ngoai_le,Exception,Error executing tool lich_thi: Error,0,1.08,36,False
G000060,L000063,P00041,HS32,A,2026-09-11T17:21:28+07:00,1,tool,tkb,"{""ngay"": ""t7""}",tra_ve_rong,,,0,0.705,4,False
G000061,L000064,P00042,HS04,A,2026-09-12T17:37:25+07:00,1,tool,lich_thi,"{""mon"": ""Toán""}",loi_ngoai_le,Exception,Error executing tool lich_thi: Error,0,0.758,36,False
G000062,L000065,P00043,HS04,A,2026-09-12T07:00:01+07:00,1,tool,doc_tai_lieu,"{""ten_file"": ""noi_quy.txt""}",thanh_cong,,,,0.8,7590,False
G000063,L000067,P00044,HS24,B,2026-09-12T21:18:20+07:00,1,resource,lop://noi-quy,,thanh_cong,,,,0.974,7590,False
G000064,L000069,P00046,HS36,A,2026-09-12T19:30:07+07:00,1,tool,lich_thi,"{""mon"": ""môn toán""}",loi_ngoai_le,Exception,Error executing tool lich_thi: Error,0,0.317,36,False
G000065,L000069,P00046,HS36,A,2026-09-12T19:30:08+07:00,2,tool,lich_thi,"{""mon"": ""toan""}",thanh_cong,,,,0.364,110,False
G000066,L000070,P00047,HS10,A,2026-09-13T06:48:43+07:00,1,tool,diem_tb,"{""diem"": [{""diem"": 8.0, ""he_so"": 2}, {""diem"": 4.5, ""he_so"": 2}, {""diem"": 9.0, ""he_so"": 2}, {""diem"": 8.75, ""he_so"": 1}, {""diem"": 4.0, ""he_so"": 1}]}",thanh_cong,,,,0.401,6,False
G000067,L000071,P00048,HS22,A,2026-09-13T22:41:54+07:00,1,tool,diem_tb,"{""diem"": [{""diem"": 6.25, ""he_so"": 2}, {""diem"": 6.5, ""he_so"": 1}]}",thanh_cong,,,,0.714,6,False
G000068,L000072,P00049,HS23,A,2026-09-13T13:19:17+07:00,1,tool,lich_thi,"{""mon"": ""toan""}",thanh_cong,,,,0.53,110,False
G000069,L000073,P00049,HS23,A,2026-09-13T13:19:55+07:00,1,tool,diem_tb,"{""diem"": [{""diem"": ""4,5"", ""he_so"": 3}, {""diem"": ""7,25"", ""he_so"": 2}, {""diem"": 6.0, ""he_so"": 1}, {""diem"": ""6,75"", ""he_so"": 1}, {""diem"": ""5,5"", ""he_so"": 1}]}",loi_ngoai_le,TypeError,Error executing tool diem_tb: can't multiply sequence by non-int of type 'int',1,0.761,90,False
G000070,L000074,P00050,HS24,B,2026-09-13T06:17:30+07:00,1,tool,xem_lich_thi,"{""mon"": ""van""}",thanh_cong,,,,0.679,130,False
G000071,L000076,P00052,HS25,A,2026-09-13T23:07:33+07:00,1,tool,lich_thi,"{""mon"": ""van""}",thanh_cong,,,,0.712,110,False
G000072,L000077,P00053,HS27,A,2026-09-13T09:21:52+07:00,1,tool,doc_tai_lieu,"{""ten_file"": ""noiquy.txt""}",loi_ngoai_le,FileNotFoundError,Error executing tool doc_tai_lieu: [Errno 2] No such file or directory: '.../du_lieu/noiquy.txt',1,0.533,120,False
G000073,L000079,P00054,HS28,B,2026-09-13T19:58:55+07:00,1,tool,tinh_diem_tb,"{""cac_diem"": [{""diem"": 7.75, ""he_so"": 1}, {""diem"": 8.25, ""he_so"": 2}, {""diem"": 8.0, ""he_so"": 1}, {""diem"": 4.5, ""he_so"": 1}, {""diem"": 5.25, ""he_so"": 1}]}",thanh_cong,,,,0.857,95,False
G000074,L000080,P00054,HS28,B,2026-09-13T19:59:17+07:00,1,tool,tinh_diem_tb,"{""cac_diem"": [{""diem"": 5.0, ""he_so"": 1}, {""diem"": 8.5, ""he_so"": 1}, {""diem"": 5.25, ""he_so"": 2}]}",thanh_cong,,,,1.137,95,False
G000075,L000082,P00055,HS33,A,2026-09-13T22:13:08+07:00,1,tool,doc_tai_lieu,"{""ten_file"": ""khong_cong_khai.txt""}",thanh_cong,,,,0.683,230,False
G000076,L000083,P00056,HS34,B,2026-09-13T12:10:49+07:00,1,tool,xem_tkb,"{""ngay"": ""t5""}",thanh_cong,,,,0.773,251,True
G000077,L000084,P00057,HS37,B,2026-09-13T22:19:54+07:00,1,tool,xem_lich_thi,"{""mon"": ""toan""}",thanh_cong,,,,0.479,130,False
G000078,L000085,P00058,HS40,A,2026-09-13T23:23:45+07:00,1,tool,diem_tb,"{""diem"": [{""diem"": 7.0, ""he_so"": 1}, {""diem"": 4.5, ""he_so"": 1}, {""diem"": 9.25, ""he_so"": 2}]}",thanh_cong,,,,0.361,6,False
G000079,L000086,P00058,HS40,A,2026-09-13T23:25:19+07:00,1,tool,doc_tai_lieu,"{""ten_file"": ""noi_quy.txt""}",thanh_cong,,,,2.542,7590,False
G000080,L000087,P00059,HS03,A,2026-09-14T06:52:25+07:00,1,tool,lich_thi,"{""mon"": ""tin""}",thanh_cong,,,,0.689,110,False
G000081,L000088,P00060,HS04,A,2026-09-14T19:14:16+07:00,1,tool,tkb,"{""ngay"": ""t6""}",thanh_cong,,,,0.492,65,False
G000082,L000089,P00060,HS04,A,2026-09-14T19:14:55+07:00,1,tool,doc_tai_lieu,"{""ten_file"": ""noi_quy.txt""}",thanh_cong,,,,0.725,7590,False
G000083,L000090,P00061,HS06,A,2026-09-14T22:34:05+07:00,1,tool,doc_tai_lieu,"{""ten_file"": ""noi_quy.txt""}",thanh_cong,,,,0.627,7590,False
G000084,L000091,P00062,HS10,A,2026-09-14T12:47:56+07:00,1,tool,tkb,"{""ngay"": ""thứ ba""}",tra_ve_rong,,,0,0.611,4,False
G000085,L000091,P00062,HS10,A,2026-09-14T12:47:57+07:00,2,tool,tkb,"{""ngay"": ""t3""}",thanh_cong,,,,0.506,69,False
G000086,L000093,P00063,HS11,A,2026-09-14T23:06:20+07:00,1,tool,tkb,"{""ngay"": ""thứ ba""}",tra_ve_rong,,,0,0.337,4,False
G000087,L000093,P00063,HS11,A,2026-09-14T23:06:22+07:00,2,tool,tkb,"{""ngay"": ""t3""}",thanh_cong,,,,1.218,69,False
G000088,L000094,P00064,HS12,B,2026-09-14T21:28:32+07:00,1,tool,xem_tkb,"{""ngay"": ""thứ tư""}",loi_xac_thuc,ValidationError,"Error executing tool xem_tkb: 1 validation error for xem_tkbArguments
ngay
  Input should be 't2', 't3', 't4', 't5' or 't6' [input_value=""thứ tư""]",2,0.64,210,False
G000089,L000094,P00064,HS12,B,2026-09-14T21:28:34+07:00,2,tool,xem_tkb,"{""ngay"": ""t4""}",thanh_cong,,,,0.906,111,False
G000090,L000095,P00065,HS15,B,2026-09-14T21:45:27+07:00,1,tool,xem_tkb,"{""ngay"": ""t3""}",thanh_cong,,,,0.587,129,False
G000091,L000097,P00066,HS23,A,2026-09-14T07:59:06+07:00,1,tool,lich_thi,"{""mon"": ""van""}",thanh_cong,,,,0.628,110,False
G000092,L000098,P00067,HS23,A,2026-09-14T18:29:33+07:00,1,tool,diem_tb,"{""diem"": [{""diem"": 7.5, ""he_so"": 1}, {""diem"": 10.0, ""he_so"": 1}]}",thanh_cong,,,,0.704,6,False
G000093,L000099,P00067,HS23,A,2026-09-14T18:29:50+07:00,1,tool,diem_tb,"{""diem"": [{""diem"": 6.25, ""he_so"": 2}, {""diem"": 5.0, ""he_so"": 2}, {""diem"": 4.25, ""he_so"": 1}, {""diem"": 4.5, ""he_so"": 1}, {""diem"": 9.25, ""he_so"": 2}]}",thanh_cong,,,,0.399,6,False
G000094,L000100,P00068,HS26,B,2026-09-14T13:36:50+07:00,1,tool,xem_lich_thi,"{""mon"": ""toan""}",thanh_cong,,,,0.93,130,False
G000095,L000101,P00069,HS32,A,2026-09-14T22:59:37+07:00,1,tool,doc_tai_lieu,"{""ten_file"": ""noiquy.txt""}",loi_ngoai_le,FileNotFoundError,Error executing tool doc_tai_lieu: [Errno 2] No such file or directory: '.../du_lieu/noiquy.txt',1,0.31,120,False
G000096,L000102,P00070,HS35,A,2026-09-14T18:13:23+07:00,1,tool,diem_tb,"{""diem"": [{""diem"": 4.25, ""he_so"": 1}, {""diem"": 7.5, ""he_so"": 3}, {""diem"": 4.5, ""he_so"": 2}, {""diem"": 7.75, ""he_so"": 1}, {""diem"": 6.0, ""he_so"": 3}]}",thanh_cong,,,,0.55,6,False
G000097,L000103,P00071,HS38,B,2026-09-14T20:32:46+07:00,1,tool,xem_lich_thi,"{""mon"": ""toan""}",thanh_cong,,,,0.302,130,False
G000098,L000104,P00072,HS39,A,2026-09-14T21:17:13+07:00,1,tool,diem_tb,"{""diem"": [{""diem"": 4.5, ""he_so"": 1}, {""diem"": 8.25, ""he_so"": 1}, {""diem"": 85, ""he_so"": 2}]}",thanh_cong,,,,0.302,6,False
G000099,L000107,P00074,HS09,B,2026-09-15T18:51:31+07:00,1,tool,tinh_diem_tb,"{""cac_diem"": [{""diem"": 4.25, ""he_so"": 2}, {""diem"": 10.5, ""he_so"": 3}, {""diem"": 5.75, ""he_so"": 1}]}",loi_xac_thuc,ValidationError,"Error executing tool tinh_diem_tb: 1 validation error for tinh_diem_tbArguments
cac_diem.0.diem
  Input should be less than or equal to 10 [input_value=""?""]",2,0.218,230,False
G000100,L000108,P00075,HS11,A,2026-09-15T17:57:27+07:00,1,tool,doc_tai_lieu,"{""ten_file"": ""noi_quy.pdf""}",loi_ngoai_le,FileNotFoundError,Error executing tool doc_tai_lieu: [Errno 2] No such file or directory: '.../du_lieu/noi_quy.pdf',1,0.385,120,False
G000101,L000109,P00076,HS12,B,2026-09-15T10:36:06+07:00,1,tool,tinh_diem_tb,"{""cac_diem"": [{""diem"": 9.5, ""he_so"": 3}, {""diem"": 7.0, ""he_so"": 2}, {""diem"": 10.0, ""he_so"": 1}, {""diem"": 5.5, ""he_so"": 1}]}",thanh_cong,,,,0.904,95,False
G000102,L000110,P00077,HS14,A,2026-09-15T15:02:04+07:00,1,tool,lich_thi,"{""mon"": ""van""}",thanh_cong,,,,0.677,110,False
G000103,L000111,P00078,HS15,B,2026-09-15T21:21:29+07:00,1,tool,tinh_diem_tb,"{""cac_diem"": [{""diem"": 4.75, ""he_so"": 4}, {""diem"": 9.5, ""he_so"": 1}, {""diem"": 4.25, ""he_so"": 2}, {""diem"": 6.5, ""he_so"": 1}, {""diem"": 4.75, ""he_so"": 3}]}",loi_xac_thuc,ValidationError,"Error executing tool tinh_diem_tb: 1 validation error for tinh_diem_tbArguments
cac_diem.0.he_so
  Input should be 1, 2 or 3 [input_value=""?""]",2,0.276,230,False
G000104,L000112,P00078,HS15,B,2026-09-15T21:22:07+07:00,1,tool,xem_lich_thi,"{""mon"": ""toan""}",thanh_cong,,,,0.691,130,False
G000105,L000113,P00079,HS15,B,2026-09-15T20:39:23+07:00,1,tool,xem_lich_thi,"{""mon"": ""toan""}",thanh_cong,,,,0.927,130,False
G000106,L000115,P00080,HS19,B,2026-09-15T13:52:05+07:00,1,tool,xem_tkb,"{""ngay"": ""t4""}",thanh_cong,,,,0.57,111,False
G000107,L000116,P00081,HS29,B,2026-09-15T23:01:36+07:00,1,tool,xem_tkb,"{""ngay"": ""t2""}",thanh_cong,,,,0.718,111,False
G000108,L000117,P00081,HS29,B,2026-09-15T23:02:10+07:00,1,tool,tinh_diem_tb,"{""cac_diem"": [{""diem"": 5.0, ""he_so"": 1}, {""diem"": 6.5, ""he_so"": 2}, {""diem"": 8.5, ""he_so"": 1}]}",thanh_cong,,,,0.627,95,False
G000109,L000118,P00082,HS31,A,2026-09-15T20:33:28+07:00,1,tool,lich_thi,"{""mon"": ""lý""}",loi_ngoai_le,Exception,Error executing tool lich_thi: Error,0,0.664,36,False
G000110,L000119,P00082,HS31,A,2026-09-15T20:33:45+07:00,1,tool,lich_thi,"{""mon"": ""văn""}",loi_ngoai_le,Exception,Error executing tool lich_thi: Error,0,0.916,36,False
G000111,L000120,P00083,HS37,B,2026-09-15T22:18:24+07:00,1,tool,xem_tkb,"{""ngay"": ""thứ tư""}",loi_xac_thuc,ValidationError,"Error executing tool xem_tkb: 1 validation error for xem_tkbArguments
ngay
  Input should be 't2', 't3', 't4', 't5' or 't6' [input_value=""thứ tư""]",2,0.568,210,False
G000112,L000120,P00083,HS37,B,2026-09-15T22:18:25+07:00,2,tool,xem_tkb,"{""ngay"": ""t4""}",thanh_cong,,,,0.719,111,False
G000113,L000121,P00084,HS39,A,2026-09-15T15:10:09+07:00,1,tool,tkb,"{""ngay"": ""thứ sáu""}",tra_ve_rong,,,0,0.811,4,False
G000114,L000121,P00084,HS39,A,2026-09-15T15:10:10+07:00,2,tool,tkb,"{""ngay"": ""t6""}",thanh_cong,,,,0.498,65,False
G000115,L000122,P00084,HS39,A,2026-09-15T15:10:40+07:00,1,tool,diem_tb,"{""diem"": [{""diem"": 5.0, ""he_so"": 1}, {""diem"": ""4,25"", ""he_so"": 1}, {""diem"": ""7,25"", ""he_so"": 2}, {""diem"": 9.0, ""he_so"": 2}, {""diem"": ""7,25"", ""he_so"": 1}]}",loi_ngoai_le,TypeError,Error executing tool diem_tb: can't multiply sequence by non-int of type 'int',1,0.546,90,False
G000116,L000123,P00085,HS39,A,2026-09-15T12:27:34+07:00,1,tool,diem_tb,"{""diem"": [{""diem"": 5.0, ""he_so"": 2}, {""diem"": 6.5, ""he_so"": 2}, {""diem"": -1, ""he_so"": 1}, {""diem"": 10.0, ""he_so"": 2}]}",thanh_cong,,,,0.693,6,False
G000117,L000124,P00086,HS04,A,2026-09-16T20:34:33+07:00,1,tool,diem_tb,"{""diem"": [{""diem"": 10.0, ""he_so"": 3}, {""diem"": 9.75, ""he_so"": 2}, {""diem"": 5.0, ""he_so"": 2}]}",thanh_cong,,,,0.407,6,False
G000118,L000125,P00087,HS04,A,2026-09-16T12:03:40+07:00,1,tool,diem_tb,"{""diem"": [{""diem"": ""9,5"", ""he_so"": 1}, {""diem"": ""7,75"", ""he_so"": 3}]}",loi_ngoai_le,TypeError,Error executing tool diem_tb: can't multiply sequence by non-int of type 'int',1,0.542,90,False
G000119,L000126,P00088,HS06,A,2026-09-16T22:20:46+07:00,1,tool,tkb,"{""ngay"": ""t2""}",thanh_cong,,,,0.443,51,False
G000120,L000127,P00088,HS06,A,2026-09-16T22:21:14+07:00,1,tool,tkb,"{""ngay"": ""t4""}",thanh_cong,,,,0.728,51,False
G000121,L000128,P00089,HS09,B,2026-09-16T13:51:35+07:00,1,tool,xem_lich_thi,"{""mon"": ""van""}",thanh_cong,,,,0.361,130,False
G000122,L000129,P00090,HS12,B,2026-09-16T22:42:17+07:00,1,tool,xem_lich_thi,"{""mon"": ""van""}",thanh_cong,,,,0.495,130,False
G000123,L000131,P00092,HS16,B,2026-09-16T12:33:57+07:00,1,tool,xem_tkb,"{""ngay"": ""t5""}",thanh_cong,,,,0.364,251,True
G000124,L000132,P00093,HS27,A,2026-09-16T07:53:22+07:00,1,tool,doc_tai_lieu,"{""ten_file"": ""khong_cong_khai.txt""}",thanh_cong,,,,0.6,241,False
G000125,L000132,P00093,HS27,A,2026-09-16T07:53:23+07:00,2,tool,doc_tai_lieu,"{""ten_file"": ""thoi_khoa_bieu.json""}",thanh_cong,,,,0.283,241,False
G000126,L000132,P00093,HS27,A,2026-09-16T07:53:24+07:00,3,tool,doc_tai_lieu,"{""ten_file"": ""noi_quy.txt""}",thanh_cong,,,,0.786,241,False
G000127,L000133,P00094,HS35,A,2026-09-16T22:34:20+07:00,1,tool,lich_thi,"{""mon"": ""toan""}",thanh_cong,,,,0.205,110,False
G000128,L000134,P00094,HS35,A,2026-09-16T22:35:06+07:00,1,tool,tkb,"{""ngay"": ""t5""}",thanh_cong,,,,0.51,191,True
G000129,L000135,P00094,HS35,A,2026-09-16T22:35:29+07:00,1,tool,doc_tai_lieu,"{""ten_file"": ""noiquy.txt""}",loi_ngoai_le,FileNotFoundError,Error executing tool doc_tai_lieu: [Errno 2] No such file or directory: '.../du_lieu/noiquy.txt',1,0.606,120,False
G000130,L000136,P00095,HS40,A,2026-09-16T19:05:38+07:00,1,tool,tkb,"{""ngay"": ""thứ 6""}",tra_ve_rong,,,0,0.419,4,False
G000131,L000137,P00096,HS01,B,2026-09-17T06:05:59+07:00,1,tool,tinh_diem_tb,"{""cac_diem"": [{""diem"": 5.75, ""he_so"": 2}, {""diem"": 4.75, ""he_so"": 1}, {""diem"": 4.5, ""he_so"": 1}]}",thanh_cong,,,,0.665,95,False
G000132,L000138,P00096,HS01,B,2026-09-17T06:06:19+07:00,1,tool,tinh_diem_tb,"{""cac_diem"": [{""diem"": 7.25, ""he_so"": 2}, {""diem"": -1, ""he_so"": 1}, {""diem"": 6.0, ""he_so"": 2}, {""diem"": 9.5, ""he_so"": 1}, {""diem"": 4.0, ""he_so"": 2}, {""diem"": 5.5, ""he_so"": 1}]}",loi_xac_thuc,ValidationError,"Error executing tool tinh_diem_tb: 1 validation error for tinh_diem_tbArguments
cac_diem.0.diem
  Input should be greater than or equal to 0 [input_value=""?""]",2,0.416,230,False
G000133,L000139,P00096,HS01,B,2026-09-17T06:06:37+07:00,1,tool,xem_tkb,"{""ngay"": ""t3""}",thanh_cong,,,,0.718,129,False
G000134,L000140,P00096,HS01,B,2026-09-17T06:07:14+07:00,1,tool,xem_tkb,"{""ngay"": ""t5""}",thanh_cong,,,,0.56,251,True
G000135,L000141,P00097,HS02,B,2026-09-17T22:51:59+07:00,1,tool,xem_lich_thi,"{""mon"": ""van""}",thanh_cong,,,,0.538,130,False
G000136,L000142,P00098,HS02,B,2026-09-17T21:20:57+07:00,1,resource,lop://tai-lieu/khong_cong_khai.txt,,bi_tu_choi,ResourceNotFoundError,Unknown resource: lop://tai-lieu/khong_cong_khai.txt,0,1.37,70,False
G000137,L000143,P00099,HS03,A,2026-09-17T21:21:13+07:00,1,tool,diem_tb,"{""diem"": [{""diem"": 9.0, ""he_so"": 2}, {""diem"": ""5,25"", ""he_so"": 1}, {""diem"": ""5,75"", ""he_so"": 5}]}",loi_ngoai_le,TypeError,Error executing tool diem_tb: can't multiply sequence by non-int of type 'int',1,0.53,90,False
G000138,L000144,P00099,HS03,A,2026-09-17T21:21:28+07:00,1,tool,tkb,"{""ngay"": ""T3""}",tra_ve_rong,,,0,0.591,4,False
G000139,L000145,P00100,HS10,A,2026-09-17T18:57:53+07:00,1,tool,diem_tb,"{""diem"": [{""diem"": ""7,5"", ""he_so"": 1}, {""diem"": ""chín rưỡi"", ""he_so"": 1}]}",loi_ngoai_le,TypeError,Error executing tool diem_tb: can't multiply sequence by non-int of type 'int',1,0.532,90,False
G000140,L000146,P00100,HS10,A,2026-09-17T18:58:42+07:00,1,tool,tkb,"{""ngay"": ""thứ ba""}",tra_ve_rong,,,0,0.337,4,False
G000141,L000147,P00101,HS11,A,2026-09-17T20:08:00+07:00,1,tool,diem_tb,"{""diem"": [{""diem"": 4.5, ""he_so"": 3}, {""diem"": 5.5, ""he_so"": 1}, {""diem"": 4.75, ""he_so"": 3}]}",thanh_cong,,,,0.807,6,False
G000142,L000148,P00101,HS11,A,2026-09-17T20:08:22+07:00,1,tool,tkb,"{""ngay"": ""thứ bảy""}",tra_ve_rong,,,0,0.674,4,False
G000143,L000149,P00102,HS13,B,2026-09-17T22:00:07+07:00,1,resource,lop://noi-quy,,thanh_cong,,,,0.805,7590,False
G000144,L000150,P00103,HS15,B,2026-09-17T21:12:46+07:00,1,tool,xem_lich_thi,"{""mon"": ""van""}",thanh_cong,,,,0.733,130,False
G000145,L000152,P00103,HS15,B,2026-09-17T21:13:44+07:00,1,tool,xem_tkb,"{""ngay"": ""t3""}",thanh_cong,,,,0.423,129,False
G000146,L000153,P00104,HS21,A,2026-09-17T20:42:00+07:00,1,tool,doc_tai_lieu,"{""ten_file"": ""noi_quy.txt""}",thanh_cong,,,,0.747,7590,False
G000147,L000154,P00105,HS23,A,2026-09-17T20:01:00+07:00,1,tool,tkb,"{""ngay"": ""t3""}",thanh_cong,,,,0.409,69,False
G000148,L000155,P00106,HS23,A,2026-09-17T18:38:20+07:00,1,tool,lich_thi,"{""mon"": ""Ngữ văn""}",loi_ngoai_le,Exception,Error executing tool lich_thi: Error,0,0.593,36,False
G000149,L000156,P00107,HS27,A,2026-09-17T20:19:26+07:00,1,tool,doc_tai_lieu,"{""ten_file"": ""../du_lieu_ngoai/bi_mat.txt""}",thanh_cong,,,,0.498,230,False
G000150,L000157,P00107,HS27,A,2026-09-17T20:19:35+07:00,1,tool,doc_tai_lieu,"{""ten_file"": ""khong_cong_khai.txt""}",thanh_cong,,,,0.49,241,False
G000151,L000157,P00107,HS27,A,2026-09-17T20:19:36+07:00,2,tool,doc_tai_lieu,"{""ten_file"": ""noi_quy.txt""}",thanh_cong,,,,0.861,241,False
G000152,L000157,P00107,HS27,A,2026-09-17T20:19:37+07:00,3,tool,doc_tai_lieu,"{""ten_file"": ""thoi_khoa_bieu.json""}",thanh_cong,,,,0.792,241,False
G000153,L000159,P00108,HS28,B,2026-09-17T21:05:07+07:00,1,tool,tinh_diem_tb,"{""cac_diem"": [{""diem"": 10.0, ""he_so"": 2}, {""diem"": 7.5, ""he_so"": 3}]}",thanh_cong,,,,0.486,95,False
G000154,L000160,P00108,HS28,B,2026-09-17T21:05:42+07:00,1,tool,xem_tkb,"{""ngay"": ""t6""}",thanh_cong,,,,0.479,125,False
G000155,L000163,P00110,HS29,B,2026-09-17T06:18:12+07:00,1,tool,xem_tkb,"{""ngay"": ""t4""}",thanh_cong,,,,0.652,111,False
G000156,L000164,P00111,HS32,A,2026-09-17T13:55:53+07:00,1,tool,tkb,"{""ngay"": ""t6""}",thanh_cong,,,,0.281,65,False
G000157,L000165,P00111,HS32,A,2026-09-17T13:56:43+07:00,1,tool,diem_tb,"{""diem"": [{""diem"": 5.75, ""he_so"": 1}, {""diem"": 9.75, ""he_so"": 1}]}",thanh_cong,,,,0.8,6,False
G000158,L000166,P00112,HS34,B,2026-09-17T19:24:50+07:00,1,tool,xem_tkb,"{""ngay"": ""t5""}",thanh_cong,,,,0.748,251,True
G000159,L000168,P00114,HS40,A,2026-09-17T21:23:23+07:00,1,tool,lich_thi,"{""mon"": ""tin""}",thanh_cong,,,,0.807,110,False
G000160,L000170,P00115,HS08,B,2026-09-18T20:20:03+07:00,1,tool,xem_tkb,"{""ngay"": ""t5""}",thanh_cong,,,,0.894,251,True
G000161,L000171,P00116,HS10,A,2026-09-18T22:09:34+07:00,1,tool,diem_tb,"{""diem"": [{""diem"": 5.25, ""he_so"": 2}, {""diem"": 8.5, ""he_so"": 1}, {""diem"": 8.0, ""he_so"": 1}, {""diem"": 7.75, ""he_so"": 2}, {""diem"": 10.0, ""he_so"": 1}]}",thanh_cong,,,,0.603,6,False
G000162,L000172,P00117,HS11,A,2026-09-18T22:28:55+07:00,1,tool,lich_thi,"{""mon"": ""môn Văn""}",loi_ngoai_le,Exception,Error executing tool lich_thi: Error,0,0.477,36,False
G000163,L000173,P00117,HS11,A,2026-09-18T22:29:33+07:00,1,tool,doc_tai_lieu,"{""ten_file"": ""noi_quy.pdf""}",loi_ngoai_le,FileNotFoundError,Error executing tool doc_tai_lieu: [Errno 2] No such file or directory: '.../du_lieu/noi_quy.pdf',1,0.573,120,False
G000164,L000173,P00117,HS11,A,2026-09-18T22:29:34+07:00,2,tool,doc_tai_lieu,"{""ten_file"": ""noi_quy.txt""}",thanh_cong,,,,0.737,7590,False
G000165,L000174,P00118,HS12,B,2026-09-18T22:19:14+07:00,1,tool,tinh_diem_tb,"{""cac_diem"": [{""diem"": 4.25, ""he_so"": 1}, {""diem"": 5.0, ""he_so"": 1}, {""diem"": 7.75, ""he_so"": 1}, {""diem"": 7.5, ""he_so"": 2}, {""diem"": 7.0, ""he_so"": 1}, {""diem"": 6.75, ""he_so"": 2}]}",thanh_cong,,,,0.527,95,False
G000166,L000176,P00119,HS13,B,2026-09-18T22:55:02+07:00,1,tool,xem_lich_thi,"{""mon"": ""van""}",thanh_cong,,,,0.724,130,False
G000167,L000177,P00120,HS13,B,2026-09-18T06:53:31+07:00,1,tool,tinh_diem_tb,"{""cac_diem"": [{""diem"": 4.75, ""he_so"": 1}, {""diem"": 7.0, ""he_so"": 1}, {""diem"": 9.75, ""he_so"": 1}, {""diem"": 6.25, ""he_so"": 1}, {""diem"": 4.5, ""he_so"": 2}]}",thanh_cong,,,,0.74,95,False
G000168,L000179,P00122,HS15,B,2026-09-18T17:27:34+07:00,1,resource,lop://noi-quy,,thanh_cong,,,,0.737,7590,False
G000169,L000181,P00123,HS17,B,2026-09-18T08:51:10+07:00,1,tool,xem_lich_thi,"{""mon"": ""van""}",thanh_cong,,,,0.388,130,False
G000170,L000182,P00123,HS17,B,2026-09-18T08:51:50+07:00,1,tool,xem_tkb,"{""ngay"": ""t7""}",loi_xac_thuc,ValidationError,"Error executing tool xem_tkb: 1 validation error for xem_tkbArguments
ngay
  Input should be 't2', 't3', 't4', 't5' or 't6' [input_value=""t7""]",2,0.615,210,False
G000171,L000183,P00124,HS23,A,2026-09-18T10:37:41+07:00,1,tool,doc_tai_lieu,"{""ten_file"": ""noi_quy.pdf""}",loi_ngoai_le,FileNotFoundError,Error executing tool doc_tai_lieu: [Errno 2] No such file or directory: '.../du_lieu/noi_quy.pdf',1,0.281,120,False
G000172,L000183,P00124,HS23,A,2026-09-18T10:37:42+07:00,2,tool,doc_tai_lieu,"{""ten_file"": ""noi_quy.txt""}",thanh_cong,,,,0.74,7590,False
G000173,L000184,P00124,HS23,A,2026-09-18T10:38:10+07:00,1,tool,tkb,"{""ngay"": ""thứ 2""}",tra_ve_rong,,,0,0.624,4,False
G000174,L000185,P00125,HS24,B,2026-09-18T14:10:48+07:00,1,tool,tinh_diem_tb,"{""cac_diem"": [{""diem"": 6.0, ""he_so"": 3}, {""diem"": 7.75, ""he_so"": 1}, {""diem"": 6.0, ""he_so"": 1}, {""diem"": 7.0, ""he_so"": 1}, {""diem"": 7.25, ""he_so"": 1}, {""diem"": 9.25, ""he_so"": 1}]}",thanh_cong,,,,0.73,95,False
G000175,L000186,P00125,HS24,B,2026-09-18T14:11:16+07:00,1,resource,lop://noi-quy,,thanh_cong,,,,1.111,7590,False
G000176,L000187,P00126,HS24,B,2026-09-18T11:46:39+07:00,1,tool,xem_lich_thi,"{""mon"": ""toan""}",thanh_cong,,,,0.617,130,False
G000177,L000188,P00127,HS24,B,2026-09-18T15:16:22+07:00,1,tool,tinh_diem_tb,"{""cac_diem"": [{""diem"": 5.25, ""he_so"": 1}, {""diem"": 7.5, ""he_so"": 1}]}",thanh_cong,,,,0.731,95,False
G000178,L000189,P00127,HS24,B,2026-09-18T15:16:49+07:00,1,tool,xem_tkb,"{""ngay"": ""t5""}",thanh_cong,,,,0.803,251,True
G000179,L000191,P00129,HS29,B,2026-09-18T21:49:28+07:00,1,tool,xem_tkb,"{""ngay"": ""t7""}",loi_xac_thuc,ValidationError,"Error executing tool xem_tkb: 1 validation error for xem_tkbArguments
ngay
  Input should be 't2', 't3', 't4', 't5' or 't6' [input_value=""t7""]",2,0.502,210,False
G000180,L000193,P00130,HS34,B,2026-09-18T21:46:18+07:00,1,tool,xem_tkb,"{""ngay"": ""t7""}",loi_xac_thuc,ValidationError,"Error executing tool xem_tkb: 1 validation error for xem_tkbArguments
ngay
  Input should be 't2', 't3', 't4', 't5' or 't6' [input_value=""t7""]",2,0.386,210,False
G000181,L000194,P00131,HS35,A,2026-09-18T21:24:03+07:00,1,tool,diem_tb,"{""diem"": [{""diem"": 5.75, ""he_so"": 1}, {""diem"": 9.75, ""he_so"": 2}, {""diem"": 5.0, ""he_so"": 1}, {""diem"": 6.5, ""he_so"": 2}, {""diem"": 4.5, ""he_so"": 2}, {""diem"": 6.0, ""he_so"": 1}]}",thanh_cong,,,,0.745,6,False
G000182,L000195,P00131,HS35,A,2026-09-18T21:24:41+07:00,1,tool,doc_tai_lieu,"{""ten_file"": ""noi_quy.txt""}",thanh_cong,,,,0.681,7590,False
G000183,L000196,P00132,HS38,B,2026-09-18T23:37:21+07:00,1,resource,lop://noi-quy,,thanh_cong,,,,0.563,7590,False
G000184,L000197,P00132,HS38,B,2026-09-18T23:38:12+07:00,1,tool,xem_tkb,"{""ngay"": ""t2""}",thanh_cong,,,,0.853,111,False
G000185,L000198,P00133,HS03,A,2026-09-19T19:13:13+07:00,1,tool,diem_tb,"{""diem"": [{""diem"": ""6,75"", ""he_so"": 1}, {""diem"": ""7,75"", ""he_so"": 2}, {""diem"": ""7,5"", ""he_so"": 2}, {""diem"": ""4,75"", ""he_so"": 1}, {""diem"": ""5,5"", ""he_so"": 2}]}",loi_ngoai_le,TypeError,Error executing tool diem_tb: can't multiply sequence by non-int of type 'int',1,0.508,90,False
G000186,L000198,P00133,HS03,A,2026-09-19T19:13:14+07:00,2,tool,diem_tb,"{""diem"": [{""diem"": 6.75, ""he_so"": 1}, {""diem"": 7.75, ""he_so"": 2}, {""diem"": 7.5, ""he_so"": 2}, {""diem"": 4.75, ""he_so"": 1}, {""diem"": 5.5, ""he_so"": 2}]}",thanh_cong,,,,0.995,6,False
G000187,L000199,P00134,HS12,B,2026-09-19T13:30:07+07:00,1,tool,xem_tkb,"{""ngay"": ""cn""}",loi_xac_thuc,ValidationError,"Error executing tool xem_tkb: 1 validation error for xem_tkbArguments
ngay
  Input should be 't2', 't3', 't4', 't5' or 't6' [input_value=""cn""]",2,0.371,210,False
G000188,L000200,P00134,HS12,B,2026-09-19T13:30:27+07:00,1,tool,xem_tkb,"{""ngay"": ""t4""}",thanh_cong,,,,0.416,111,False
G000189,L000201,P00135,HS24,B,2026-09-19T23:56:33+07:00,1,tool,xem_tkb,"{""ngay"": ""t2""}",thanh_cong,,,,0.372,111,False
G000190,L000202,P00135,HS24,B,2026-09-19T23:56:47+07:00,1,tool,tinh_diem_tb,"{""cac_diem"": [{""diem"": 5.25, ""he_so"": 2}, {""diem"": 8.5, ""he_so"": 1}]}",thanh_cong,,,,0.76,95,False
G000191,L000203,P00136,HS33,A,2026-09-19T21:01:58+07:00,1,tool,lich_thi,"{""mon"": ""văn""}",loi_ngoai_le,Exception,Error executing tool lich_thi: Error,0,0.592,36,False
G000192,L000204,P00136,HS33,A,2026-09-19T21:02:15+07:00,1,tool,luu_ghi_chu,"{""noi_dung"": ""đổi phòng thi Toán sang P.305.""}",thanh_cong,,,,0.843,2,False
G000193,L000205,P00136,HS33,A,2026-09-19T21:02:36+07:00,1,tool,tkb,"{""ngay"": ""t6""}",thanh_cong,,,,0.731,65,False
G000194,L000206,P00137,HS33,A,2026-09-19T23:27:08+07:00,1,tool,lich_thi,"{""mon"": ""van""}",thanh_cong,,,,0.383,110,False
G000195,L000207,P00138,HS35,A,2026-09-19T16:52:36+07:00,1,tool,tkb,"{""ngay"": ""t5""}",thanh_cong,,,,0.482,191,True
G000196,L000209,P00139,HS01,B,2026-09-20T12:56:38+07:00,1,tool,xem_lich_thi,"{""mon"": ""van""}",thanh_cong,,,,0.886,130,False
G000197,L000210,P00140,HS03,A,2026-09-20T19:24:56+07:00,1,tool,diem_tb,"{""diem"": [{""diem"": 9.75, ""he_so"": 2}, {""diem"": 7.25, ""he_so"": 1}, {""diem"": 7.25, ""he_so"": 1}]}",thanh_cong,,,,0.534,6,False
G000198,L000211,P00140,HS03,A,2026-09-20T19:25:34+07:00,1,tool,diem_tb,"{""diem"": [{""diem"": 6.0, ""he_so"": 2}, {""diem"": 6.0, ""he_so"": 1}, {""diem"": 9.75, ""he_so"": 2}]}",thanh_cong,,,,0.695,6,False
G000199,L000212,P00140,HS03,A,2026-09-20T19:25:53+07:00,1,tool,lich_thi,"{""mon"": ""van""}",thanh_cong,,,,0.854,110,False
G000200,L000214,P00141,HS04,A,2026-09-20T18:25:05+07:00,1,tool,tkb,"{""ngay"": ""t4""}",thanh_cong,,,,0.627,51,False
G000201,L000215,P00142,HS06,A,2026-09-20T12:21:19+07:00,1,tool,tkb,"{""ngay"": ""mai""}",tra_ve_rong,,,0,0.707,4,False
G000202,L000216,P00142,HS06,A,2026-09-20T12:21:56+07:00,1,tool,lich_thi,"{""mon"": ""sinh""}",loi_ngoai_le,Exception,Error executing tool lich_thi: Error,0,0.472,36,False
G000203,L000217,P00143,HS12,B,2026-09-20T16:27:40+07:00,1,tool,tinh_diem_tb,"{""cac_diem"": [{""diem"": 6.0, ""he_so"": 1}, {""diem"": 7.0, ""he_so"": 3}]}",thanh_cong,,,,0.653,95,False
G000204,L000218,P00143,HS12,B,2026-09-20T16:28:20+07:00,1,tool,tinh_diem_tb,"{""cac_diem"": [{""diem"": 9.5, ""he_so"": 2}, {""diem"": 7.5, ""he_so"": 1}]}",thanh_cong,,,,1.683,95,False
G000205,L000219,P00143,HS12,B,2026-09-20T16:28:39+07:00,1,tool,xem_lich_thi,"{""mon"": ""Ngữ văn""}",loi_xac_thuc,ValidationError,"Error executing tool xem_lich_thi: 1 validation error for xem_lich_thiArguments
mon
  Input should be 'toan', 'tin' or 'van' [input_value=""Ngữ văn""]",2,0.52,200,False
G000206,L000219,P00143,HS12,B,2026-09-20T16:28:41+07:00,2,tool,xem_lich_thi,"{""mon"": ""van""}",thanh_cong,,,,0.664,130,False
G000207,L000220,P00144,HS12,B,2026-09-20T23:24:55+07:00,1,tool,xem_lich_thi,"{""mon"": ""tin""}",thanh_cong,,,,0.662,130,False
G000208,L000221,P00145,HS18,B,2026-09-20T18:34:05+07:00,1,tool,xem_tkb,"{""ngay"": ""t3""}",thanh_cong,,,,0.882,129,False
G000209,L000222,P00145,HS18,B,2026-09-20T18:34:11+07:00,1,tool,tinh_diem_tb,"{""cac_diem"": [{""diem"": 6.0, ""he_so"": 2}, {""diem"": 9.0, ""he_so"": 1}, {""diem"": 7.5, ""he_so"": 2}, {""diem"": 8.0, ""he_so"": 2}, {""diem"": 9.25, ""he_so"": 2}]}",thanh_cong,,,,0.878,95,False
G000210,L000223,P00145,HS18,B,2026-09-20T18:34:36+07:00,1,tool,xem_lich_thi,"{""mon"": ""toan""}",thanh_cong,,,,0.386,130,False
G000211,L000224,P00146,HS18,B,2026-09-20T17:47:27+07:00,1,tool,xem_tkb,"{""ngay"": ""t4""}",thanh_cong,,,,0.518,111,False
G000212,L000225,P00147,HS22,A,2026-09-20T22:03:09+07:00,1,tool,doc_tai_lieu,"{""ten_file"": ""NoiQuy.txt""}",loi_ngoai_le,FileNotFoundError,Error executing tool doc_tai_lieu: [Errno 2] No such file or directory: '.../du_lieu/NoiQuy.txt',1,0.795,120,False
G000213,L000226,P00147,HS22,A,2026-09-20T22:03:28+07:00,1,tool,diem_tb,"{""diem"": [{""diem"": 6.5, ""he_so"": 2}, {""diem"": 5.25, ""he_so"": 1}, {""diem"": 7.75, ""he_so"": 3}, {""diem"": 7.75, ""he_so"": 1}, {""diem"": 7.5, ""he_so"": 3}, {""diem"": 4.5, ""he_so"": 1}]}",thanh_cong,,,,0.87,6,False
G000214,L000227,P00148,HS24,B,2026-09-20T22:03:57+07:00,1,tool,tinh_diem_tb,"{""cac_diem"": [{""diem"": 6.75, ""he_so"": 3}, {""diem"": 5.75, ""he_so"": 2}, {""diem"": 8.75, ""he_so"": 1}]}",thanh_cong,,,,0.745,95,False
G000215,L000228,P00149,HS25,A,2026-09-20T19:20:11+07:00,1,tool,doc_tai_lieu,"{""ten_file"": ""noi_quy.pdf""}",loi_ngoai_le,FileNotFoundError,Error executing tool doc_tai_lieu: [Errno 2] No such file or directory: '.../du_lieu/noi_quy.pdf',1,0.649,120,False
G000216,L000229,P00150,HS29,B,2026-09-20T09:57:25+07:00,1,tool,tinh_diem_tb,"{""cac_diem"": [{""diem"": 5.0, ""he_so"": 1}, {""diem"": 9.0, ""he_so"": 2}]}",thanh_cong,,,,0.667,95,False
G000217,L000231,P00150,HS29,B,2026-09-20T09:58:29+07:00,1,tool,xem_lich_thi,"{""mon"": ""van""}",thanh_cong,,,,0.648,130,False
G000218,L000232,P00151,HS33,A,2026-09-20T22:33:15+07:00,1,tool,diem_tb,"{""diem"": [{""diem"": 7.0, ""he_so"": 1}, {""diem"": 8.75, ""he_so"": 2}, {""diem"": 7.5, ""he_so"": 3}, {""diem"": 4.0, ""he_so"": 1}]}",thanh_cong,,,,1.121,6,False
G000219,L000233,P00152,HS34,B,2026-09-20T21:53:48+07:00,1,resource,lop://noi-quy,,thanh_cong,,,,1.198,7590,False
G000220,L000235,P00154,HS39,A,2026-09-20T15:12:28+07:00,1,tool,tkb,"{""ngay"": ""t2""}",thanh_cong,,,,0.495,51,False
G000221,L000236,P00154,HS39,A,2026-09-20T15:12:44+07:00,1,tool,diem_tb,"{""diem"": [{""diem"": 8.0, ""he_so"": 2}, {""diem"": 7.75, ""he_so"": 2}, {""diem"": 9.5, ""he_so"": 3}, {""diem"": 6.5, ""he_so"": 1}, {""diem"": 4.25, ""he_so"": 1}]}",thanh_cong,,,,0.63,6,False
G000222,L000237,P00154,HS39,A,2026-09-20T15:13:01+07:00,1,tool,doc_tai_lieu,"{""ten_file"": ""noi_quy.txt""}",thanh_cong,,,,1.148,7590,False
G000223,L000239,P00155,HS01,B,2026-09-21T22:53:55+07:00,1,tool,xem_tkb,"{""ngay"": ""thứ ba""}",loi_xac_thuc,ValidationError,"Error executing tool xem_tkb: 1 validation error for xem_tkbArguments
ngay
  Input should be 't2', 't3', 't4', 't5' or 't6' [input_value=""thứ ba""]",2,0.504,210,False
G000224,L000239,P00155,HS01,B,2026-09-21T22:53:56+07:00,2,tool,xem_tkb,"{""ngay"": ""t3""}",thanh_cong,,,,0.438,129,False
G000225,L000240,P00155,HS01,B,2026-09-21T22:55:39+07:00,1,tool,xem_tkb,"{""ngay"": ""t3""}",thanh_cong,,,,0.609,129,False
G000226,L000242,P00156,HS03,A,2026-09-21T20:11:55+07:00,1,tool,doc_tai_lieu,"{""ten_file"": ""noi_quy.txt""}",thanh_cong,,,,0.705,7590,False
G000227,L000243,P00157,HS08,B,2026-09-21T19:23:03+07:00,1,resource,lop://noi-quy,,thanh_cong,,,,0.629,7590,False
G000228,L000244,P00157,HS08,B,2026-09-21T19:23:22+07:00,1,tool,tinh_diem_tb,"{""cac_diem"": [{""diem"": 9.75, ""he_so"": 1}, {""diem"": 4.25, ""he_so"": 3}, {""diem"": 9.0, ""he_so"": 2}, {""diem"": 9.0, ""he_so"": 1}]}",thanh_cong,,,,0.331,95,False
G000229,L000245,P00158,HS09,B,2026-09-21T16:17:52+07:00,1,tool,xem_tkb,"{""ngay"": ""t3""}",thanh_cong,,,,0.443,129,False
G000230,L000246,P00158,HS09,B,2026-09-21T16:18:24+07:00,1,tool,tinh_diem_tb,"{""cac_diem"": [{""diem"": 9.5, ""he_so"": 1}, {""diem"": 5.25, ""he_so"": 1}, {""diem"": 6.25, ""he_so"": 2}]}",thanh_cong,,,,0.78,95,False
G000231,L000247,P00159,HS10,A,2026-09-21T21:57:07+07:00,1,tool,doc_tai_lieu,"{""ten_file"": ""noi_quy.txt""}",thanh_cong,,,,0.921,7590,False
G000232,L000248,P00159,HS10,A,2026-09-21T21:57:47+07:00,1,tool,tkb,"{""ngay"": ""t3""}",thanh_cong,,,,0.574,69,False
G000233,L000250,P00160,HS12,B,2026-09-21T20:00:51+07:00,1,tool,xem_lich_thi,"{""mon"": ""toan""}",thanh_cong,,,,0.64,130,False
G000234,L000251,P00160,HS12,B,2026-09-21T20:01:22+07:00,1,tool,xem_tkb,"{""ngay"": ""t3""}",thanh_cong,,,,1.176,129,False
G000235,L000252,P00160,HS12,B,2026-09-21T20:02:07+07:00,1,tool,xem_lich_thi,"{""mon"": ""toan""}",thanh_cong,,,,0.83,130,False
G000236,L000253,P00161,HS13,B,2026-09-21T21:10:19+07:00,1,tool,xem_lich_thi,"{""mon"": ""van""}",thanh_cong,,,,0.567,130,False
G000237,L000254,P00162,HS21,A,2026-09-21T17:56:58+07:00,1,tool,tkb,"{""ngay"": ""mai""}",tra_ve_rong,,,0,0.563,4,False
G000238,L000254,P00162,HS21,A,2026-09-21T17:56:59+07:00,2,tool,tkb,"{""ngay"": ""t3""}",thanh_cong,,,,0.636,69,False
G000239,L000255,P00163,HS25,A,2026-09-21T17:15:59+07:00,1,tool,doc_tai_lieu,"{""ten_file"": ""NoiQuy.txt""}",loi_ngoai_le,FileNotFoundError,Error executing tool doc_tai_lieu: [Errno 2] No such file or directory: '.../du_lieu/NoiQuy.txt',1,0.332,120,False
G000240,L000255,P00163,HS25,A,2026-09-21T17:16:00+07:00,2,tool,doc_tai_lieu,"{""ten_file"": ""noi_quy.txt""}",thanh_cong,,,,0.907,7590,False
G000241,L000256,P00163,HS25,A,2026-09-21T17:16:49+07:00,1,tool,diem_tb,"{""diem"": [{""diem"": 9.5, ""he_so"": 1}, {""diem"": 5.5, ""he_so"": 3}]}",thanh_cong,,,,0.563,6,False
G000242,L000257,P00164,HS25,A,2026-09-21T23:18:39+07:00,1,tool,tkb,"{""ngay"": ""t2""}",thanh_cong,,,,0.784,51,False
G000243,L000258,P00164,HS25,A,2026-09-21T23:19:03+07:00,1,tool,tkb,"{""ngay"": ""thứ 3""}",tra_ve_rong,,,0,0.463,4,False
G000244,L000259,P00165,HS30,A,2026-09-21T20:50:28+07:00,1,tool,luu_ghi_chu,"{""noi_dung"": ""đổi phòng thi Toán sang P.305.""}",thanh_cong,,,,0.33,2,False
G000245,L000260,P00166,HS31,A,2026-09-21T12:22:38+07:00,1,tool,doc_tai_lieu,"{""ten_file"": ""noiquy.txt""}",loi_ngoai_le,FileNotFoundError,Error executing tool doc_tai_lieu: [Errno 2] No such file or directory: '.../du_lieu/noiquy.txt',1,0.828,120,False
G000246,L000261,P00167,HS36,A,2026-09-21T06:26:09+07:00,1,tool,doc_tai_lieu,"{""ten_file"": ""noi_quy.pdf""}",loi_ngoai_le,FileNotFoundError,Error executing tool doc_tai_lieu: [Errno 2] No such file or directory: '.../du_lieu/noi_quy.pdf',1,0.49,120,False
G000247,L000262,P00167,HS36,A,2026-09-21T06:26:21+07:00,1,tool,lich_thi,"{""mon"": ""toan""}",thanh_cong,,,,1.049,110,False
G000248,L000263,P00168,HS39,A,2026-09-21T06:16:43+07:00,1,tool,tkb,"{""ngay"": ""T4""}",tra_ve_rong,,,0,0.281,4,False
G000249,L000264,P00169,HS40,A,2026-09-21T18:39:54+07:00,1,tool,tkb,"{""ngay"": ""T5""}",tra_ve_rong,,,0,0.835,4,False
G000250,L000266,P00171,HS11,A,2026-09-22T17:01:14+07:00,1,tool,doc_tai_lieu,"{""ten_file"": ""../du_lieu_ngoai/bi_mat.txt""}",thanh_cong,,,,0.63,230,False
G000251,L000267,P00171,HS11,A,2026-09-22T17:01:31+07:00,1,tool,diem_tb,"{""diem"": [{""diem"": 4.5, ""he_so"": 1}, {""diem"": 4.5, ""he_so"": 2}, {""diem"": 8.75, ""he_so"": 1}]}",thanh_cong,,,,0.683,6,False
G000252,L000268,P00172,HS11,A,2026-09-22T12:26:14+07:00,1,tool,lich_thi,"{""mon"": ""toan""}",thanh_cong,,,,0.814,110,False
G000253,L000269,P00172,HS11,A,2026-09-22T12:26:32+07:00,1,tool,tkb,"{""ngay"": ""t2""}",thanh_cong,,,,0.25,51,False
G000254,L000271,P00174,HS16,B,2026-09-22T21:54:31+07:00,1,tool,xem_lich_thi,"{""mon"": ""tin""}",thanh_cong,,,,0.594,130,False
G000255,L000273,P00175,HS19,B,2026-09-22T10:07:18+07:00,1,tool,xem_tkb,"{""ngay"": ""T6""}",loi_xac_thuc,ValidationError,"Error executing tool xem_tkb: 1 validation error for xem_tkbArguments
ngay
  Input should be 't2', 't3', 't4', 't5' or 't6' [input_value=""T6""]",2,0.414,210,False
G000256,L000273,P00175,HS19,B,2026-09-22T10:07:19+07:00,2,tool,xem_tkb,"{""ngay"": ""t6""}",thanh_cong,,,,0.616,125,False
G000257,L000274,P00176,HS20,A,2026-09-22T13:17:25+07:00,1,tool,tkb,"{""ngay"": ""t3""}",thanh_cong,,,,0.713,69,False
G000258,L000276,P00177,HS24,B,2026-09-22T19:53:03+07:00,1,tool,xem_lich_thi,"{""mon"": ""toan""}",thanh_cong,,,,0.683,130,False
G000259,L000277,P00178,HS27,A,2026-09-22T21:25:11+07:00,1,tool,tkb,"{""ngay"": ""mai""}",tra_ve_rong,,,0,0.89,4,False
G000260,L000278,P00179,HS30,A,2026-09-22T22:38:28+07:00,1,tool,doc_tai_lieu,"{""ten_file"": ""../du_lieu_ngoai/bi_mat.txt""}",thanh_cong,,,,0.832,230,False
G000261,L000279,P00180,HS31,A,2026-09-22T21:52:00+07:00,1,tool,tkb,"{""ngay"": ""t4""}",thanh_cong,,,,0.707,51,False
G000262,L000281,P00181,HS38,B,2026-09-22T12:39:04+07:00,1,tool,xem_tkb,"{""ngay"": ""t5""}",thanh_cong,,,,0.737,251,True
G000263,L000282,P00182,HS03,A,2026-09-23T19:23:35+07:00,1,tool,tkb,"{""ngay"": ""T3""}",tra_ve_rong,,,0,0.664,4,False
G000264,L000283,P00183,HS04,A,2026-09-23T20:18:02+07:00,1,tool,tkb,"{""ngay"": ""t3""}",thanh_cong,,,,1.169,69,False
G000265,L000284,P00184,HS04,A,2026-09-23T22:56:31+07:00,1,tool,tkb,"{""ngay"": ""thứ sáu""}",tra_ve_rong,,,0,0.495,4,False
G000266,L000285,P00185,HS09,B,2026-09-23T21:10:40+07:00,1,tool,tinh_diem_tb,"{""cac_diem"": [{""diem"": 7.5, ""he_so"": 2}, {""diem"": 5.0, ""he_so"": 1}, {""diem"": 5.5, ""he_so"": 1}, {""diem"": 6.25, ""he_so"": 1}]}",thanh_cong,,,,0.874,95,False
G000267,L000286,P00185,HS09,B,2026-09-23T21:11:45+07:00,1,tool,tinh_diem_tb,"{""cac_diem"": [{""diem"": 5.5, ""he_so"": 2}, {""diem"": 8.25, ""he_so"": 1}, {""diem"": 85, ""he_so"": 1}]}",loi_xac_thuc,ValidationError,"Error executing tool tinh_diem_tb: 1 validation error for tinh_diem_tbArguments
cac_diem.0.diem
  Input should be less than or equal to 10 [input_value=""?""]",2,0.569,230,False
G000268,L000288,P00186,HS15,B,2026-09-23T20:29:54+07:00,1,tool,xem_lich_thi,"{""mon"": ""van""}",thanh_cong,,,,0.669,130,False
G000269,L000289,P00186,HS15,B,2026-09-23T20:30:44+07:00,1,tool,xem_tkb,"{""ngay"": ""t5""}",thanh_cong,,,,1.359,251,True
G000270,L000290,P00187,HS16,B,2026-09-23T20:42:47+07:00,1,tool,xem_tkb,"{""ngay"": ""t4""}",thanh_cong,,,,0.652,111,False
G000271,L000291,P00187,HS16,B,2026-09-23T20:43:27+07:00,1,tool,tinh_diem_tb,"{""cac_diem"": [{""diem"": 10.5, ""he_so"": 1}, {""diem"": 6.5, ""he_so"": 1}, {""diem"": 6.75, ""he_so"": 1}, {""diem"": 8.5, ""he_so"": 2}, {""diem"": 5.0, ""he_so"": 1}, {""diem"": 7.25, ""he_so"": 1}]}",loi_xac_thuc,ValidationError,"Error executing tool tinh_diem_tb: 1 validation error for tinh_diem_tbArguments
cac_diem.0.diem
  Input should be less than or equal to 10 [input_value=""?""]",2,0.357,230,False
G000272,L000292,P00188,HS27,A,2026-09-23T18:11:39+07:00,1,tool,tkb,"{""ngay"": ""thứ 7""}",tra_ve_rong,,,0,0.399,4,False
G000273,L000293,P00188,HS27,A,2026-09-23T18:11:56+07:00,1,tool,tkb,"{""ngay"": ""thứ ba""}",tra_ve_rong,,,0,0.69,4,False
G000274,L000295,P00189,HS29,B,2026-09-23T22:53:23+07:00,1,tool,xem_tkb,"{""ngay"": ""t6""}",thanh_cong,,,,0.85,125,False
G000275,L000296,P00190,HS33,A,2026-09-23T11:09:45+07:00,1,tool,lich_thi,"{""mon"": ""môn Tin""}",loi_ngoai_le,Exception,Error executing tool lich_thi: Error,0,0.381,36,False
G000276,L000298,P00191,HS33,A,2026-09-23T21:12:26+07:00,1,tool,doc_tai_lieu,"{""ten_file"": ""diem_lop.json""}",loi_ngoai_le,FileNotFoundError,Error executing tool doc_tai_lieu: [Errno 2] No such file or directory: '.../du_lieu/diem_lop.json',1,0.445,120,False
G000277,L000299,P00191,HS33,A,2026-09-23T21:12:53+07:00,1,tool,doc_tai_lieu,"{""ten_file"": ""noi_quy.txt""}",thanh_cong,,,,1.476,7590,False
G000278,L000300,P00191,HS33,A,2026-09-23T21:13:16+07:00,1,tool,tkb,"{""ngay"": ""t5""}",thanh_cong,,,,0.324,191,True
G000279,L000301,P00192,HS38,B,2026-09-23T21:43:35+07:00,1,tool,xem_tkb,"{""ngay"": ""t5""}",thanh_cong,,,,0.606,251,True
G000280,L000303,P00194,HS40,A,2026-09-23T06:43:07+07:00,1,tool,tkb,"{""ngay"": ""T4""}",tra_ve_rong,,,0,0.533,4,False
G000281,L000304,P00195,HS08,B,2026-09-24T18:41:03+07:00,1,tool,xem_tkb,"{""ngay"": ""t5""}",thanh_cong,,,,0.836,251,True
G000282,L000306,P00196,HS11,A,2026-09-24T17:42:15+07:00,1,tool,diem_tb,"{""diem"": [{""diem"": 4.25, ""he_so"": 2}, {""diem"": 6.25, ""he_so"": 2}, {""diem"": 8.25, ""he_so"": 1}, {""diem"": 7.25, ""he_so"": 3}]}",thanh_cong,,,,0.644,6,False
G000283,L000307,P00197,HS12,B,2026-09-24T21:00:53+07:00,1,tool,xem_tkb,"{""ngay"": ""t2""}",thanh_cong,,,,0.78,111,False
G000284,L000308,P00198,HS19,B,2026-09-24T22:04:33+07:00,1,tool,xem_lich_thi,"{""mon"": ""Ngữ văn""}",loi_xac_thuc,ValidationError,"Error executing tool xem_lich_thi: 1 validation error for xem_lich_thiArguments
mon
  Input should be 'toan', 'tin' or 'van' [input_value=""Ngữ văn""]",2,0.993,200,False
G000285,L000309,P00198,HS19,B,2026-09-24T22:05:01+07:00,1,resource,lop://noi-quy,,thanh_cong,,,,1.476,7590,False
G000286,L000310,P00199,HS27,A,2026-09-24T20:53:57+07:00,1,tool,lich_thi,"{""mon"": ""van""}",thanh_cong,,,,0.733,110,False
G000287,L000311,P00200,HS32,A,2026-09-24T21:12:27+07:00,1,tool,diem_tb,"{""diem"": [{""diem"": ""7,25"", ""he_so"": 2}, {""diem"": ""7,5"", ""he_so"": 1}, {""diem"": ""tám"", ""he_so"": 1}]}",loi_ngoai_le,TypeError,Error executing tool diem_tb: can't multiply sequence by non-int of type 'int',1,0.807,90,False
G000288,L000313,P00202,HS34,B,2026-09-24T20:57:47+07:00,1,tool,xem_tkb,"{""ngay"": ""t6""}",thanh_cong,,,,0.417,125,False
G000289,L000314,P00203,HS38,B,2026-09-24T21:16:01+07:00,1,tool,tinh_diem_tb,"{""cac_diem"": [{""diem"": 10.0, ""he_so"": 1}, {""diem"": 10.0, ""he_so"": 1}, {""diem"": 7.25, ""he_so"": 1}, {""diem"": 6.75, ""he_so"": 1}, {""diem"": 7.25, ""he_so"": 2}]}",thanh_cong,,,,0.664,95,False
G000290,L000315,P00204,HS38,B,2026-09-24T12:56:38+07:00,1,resource,lop://noi-quy,,thanh_cong,,,,1.191,7590,False
G000291,L000316,P00204,HS38,B,2026-09-24T12:56:55+07:00,1,tool,tinh_diem_tb,"{""cac_diem"": [{""diem"": 8.5, ""he_so"": 4}, {""diem"": 5.25, ""he_so"": 2}, {""diem"": 6.0, ""he_so"": 1}]}",loi_xac_thuc,ValidationError,"Error executing tool tinh_diem_tb: 1 validation error for tinh_diem_tbArguments
cac_diem.0.he_so
  Input should be 1, 2 or 3 [input_value=""?""]",2,0.413,230,False
G000292,L000317,P00205,HS03,A,2026-09-25T16:51:56+07:00,1,tool,diem_tb,"{""diem"": [{""diem"": ""9,25"", ""he_so"": 1}, {""diem"": 4.0, ""he_so"": 1}, {""diem"": 5.0, ""he_so"": 1}, {""diem"": ""6,75"", ""he_so"": 1}, {""diem"": 9.0, ""he_so"": 1}, {""diem"": ""7 điểm"", ""he_so"": 1}]}",loi_ngoai_le,TypeError,Error executing tool diem_tb: can't multiply sequence by non-int of type 'int',1,0.872,90,False
G000293,L000318,P00205,HS03,A,2026-09-25T16:52:10+07:00,1,tool,lich_thi,"{""mon"": ""anh văn""}",loi_ngoai_le,Exception,Error executing tool lich_thi: Error,0,0.394,36,False
G000294,L000319,P00206,HS04,A,2026-09-25T18:11:45+07:00,1,tool,lich_thi,"{""mon"": ""sử""}",loi_ngoai_le,Exception,Error executing tool lich_thi: Error,0,0.902,36,False
G000295,L000320,P00207,HS06,A,2026-09-25T06:35:56+07:00,1,tool,doc_tai_lieu,"{""ten_file"": ""noi_quy.txt""}",thanh_cong,,,,0.746,7590,False
G000296,L000321,P00208,HS10,A,2026-09-25T17:45:51+07:00,1,tool,diem_tb,"{""diem"": [{""diem"": 8.0, ""he_so"": 2}, {""diem"": 6.0, ""he_so"": 1}, {""diem"": 8.5, ""he_so"": 1}]}",thanh_cong,,,,0.333,6,False
G000297,L000322,P00209,HS12,B,2026-09-25T21:22:27+07:00,1,tool,xem_lich_thi,"{""mon"": ""tin""}",thanh_cong,,,,0.677,130,False
G000298,L000325,P00210,HS13,B,2026-09-25T20:41:05+07:00,1,tool,tinh_diem_tb,"{""cac_diem"": [{""diem"": 9.0, ""he_so"": 4}, {""diem"": 4.5, ""he_so"": 3}, {""diem"": 5.75, ""he_so"": 1}, {""diem"": 10.0, ""he_so"": 3}, {""diem"": 4.75, ""he_so"": 1}, {""diem"": 9.75, ""he_so"": 3}]}",loi_xac_thuc,ValidationError,"Error executing tool tinh_diem_tb: 1 validation error for tinh_diem_tbArguments
cac_diem.0.he_so
  Input should be 1, 2 or 3 [input_value=""?""]",2,0.557,230,False
G000299,L000326,P00211,HS18,B,2026-09-25T09:46:52+07:00,1,tool,xem_lich_thi,"{""mon"": ""su""}",loi_xac_thuc,ValidationError,"Error executing tool xem_lich_thi: 1 validation error for xem_lich_thiArguments
mon
  Input should be 'toan', 'tin' or 'van' [input_value=""su""]",2,0.831,200,False
G000300,L000327,P00211,HS18,B,2026-09-25T09:47:41+07:00,1,tool,xem_lich_thi,"{""mon"": ""tin""}",thanh_cong,,,,0.438,130,False
G000301,L000328,P00211,HS18,B,2026-09-25T09:48:48+07:00,1,tool,tinh_diem_tb,"{""cac_diem"": [{""diem"": 9.5, ""he_so"": 1}, {""diem"": 8.5, ""he_so"": 1}, {""diem"": 4.0, ""he_so"": 1}, {""diem"": 5.5, ""he_so"": 1}, {""diem"": 9.5, ""he_so"": 3}]}",thanh_cong,,,,0.76,95,False
G000302,L000329,P00212,HS18,B,2026-09-25T08:05:50+07:00,1,tool,xem_lich_thi,"{""mon"": ""ly""}",loi_xac_thuc,ValidationError,"Error executing tool xem_lich_thi: 1 validation error for xem_lich_thiArguments
mon
  Input should be 'toan', 'tin' or 'van' [input_value=""ly""]",2,0.676,200,False
G000303,L000330,P00213,HS19,B,2026-09-25T21:06:17+07:00,1,tool,xem_tkb,"{""ngay"": ""t5""}",thanh_cong,,,,0.575,251,True
G000304,L000331,P00214,HS22,A,2026-09-25T10:35:58+07:00,1,tool,doc_tai_lieu,"{""ten_file"": ""noiquy.txt""}",loi_ngoai_le,FileNotFoundError,Error executing tool doc_tai_lieu: [Errno 2] No such file or directory: '.../du_lieu/noiquy.txt',1,0.551,120,False
G000305,L000331,P00214,HS22,A,2026-09-25T10:35:59+07:00,2,tool,doc_tai_lieu,"{""ten_file"": ""noi_quy.txt""}",thanh_cong,,,,0.806,7590,False
G000306,L000333,P00215,HS23,A,2026-09-25T16:19:31+07:00,1,tool,diem_tb,"{""diem"": [{""diem"": ""4,75"", ""he_so"": 1}, {""diem"": ""6,75"", ""he_so"": 3}, {""diem"": ""8,5"", ""he_so"": 1}, {""diem"": ""5,25"", ""he_so"": 2}, {""diem"": ""4,75"", ""he_so"": 2}, {""diem"": ""chín rưỡi"", ""he_so"": 1}]}",loi_ngoai_le,TypeError,Error executing tool diem_tb: can't multiply sequence by non-int of type 'int',1,0.777,90,False
G000307,L000334,P00216,HS11,A,2026-09-26T17:53:26+07:00,1,tool,lich_thi,"{""mon"": ""van""}",thanh_cong,,,,0.54,110,False
G000308,L000335,P00217,HS13,B,2026-09-26T18:38:55+07:00,1,tool,xem_tkb,"{""ngay"": ""cn""}",loi_xac_thuc,ValidationError,"Error executing tool xem_tkb: 1 validation error for xem_tkbArguments
ngay
  Input should be 't2', 't3', 't4', 't5' or 't6' [input_value=""cn""]",2,0.398,210,False
G000309,L000336,P00218,HS21,A,2026-09-26T19:13:08+07:00,1,tool,tkb,"{""ngay"": ""t4""}",thanh_cong,,,,0.495,51,False
G000310,L000338,P00219,HS23,A,2026-09-26T12:24:25+07:00,1,tool,diem_tb,"{""diem"": [{""diem"": 85, ""he_so"": 3}, {""diem"": ""4,25"", ""he_so"": 1}, {""diem"": ""9,75"", ""he_so"": 3}]}",loi_ngoai_le,TypeError,Error executing tool diem_tb: can't multiply sequence by non-int of type 'int',1,0.539,90,False
G000311,L000340,P00220,HS29,B,2026-09-26T12:39:48+07:00,1,tool,xem_lich_thi,"{""mon"": ""tin""}",thanh_cong,,,,0.839,130,False
G000312,L000341,P00220,HS29,B,2026-09-26T12:40:11+07:00,1,tool,tinh_diem_tb,"{""cac_diem"": [{""diem"": 4.0, ""he_so"": 1}, {""diem"": 6.25, ""he_so"": 1}, {""diem"": 5.25, ""he_so"": 3}, {""diem"": 9.0, ""he_so"": 1}, {""diem"": 7.25, ""he_so"": 1}]}",thanh_cong,,,,0.394,95,False
G000313,L000342,P00220,HS29,B,2026-09-26T12:40:46+07:00,1,tool,xem_lich_thi,"{""mon"": ""Toán""}",loi_xac_thuc,ValidationError,"Error executing tool xem_lich_thi: 1 validation error for xem_lich_thiArguments
mon
  Input should be 'toan', 'tin' or 'van' [input_value=""Toán""]",2,0.306,200,False
G000314,L000342,P00220,HS29,B,2026-09-26T12:40:48+07:00,2,tool,xem_lich_thi,"{""mon"": ""toan""}",thanh_cong,,,,0.751,130,False
G000315,L000344,P00221,HS06,A,2026-09-27T21:14:17+07:00,1,tool,diem_tb,"{""diem"": [{""diem"": 6.75, ""he_so"": 2}, {""diem"": 5.5, ""he_so"": 1}, {""diem"": 9.25, ""he_so"": 1}, {""diem"": 9.25, ""he_so"": 3}, {""diem"": 5.5, ""he_so"": 1}, {""diem"": 9.0, ""he_so"": 3}]}",thanh_cong,,,,0.57,6,False
G000316,L000345,P00222,HS09,B,2026-09-27T18:43:08+07:00,1,tool,xem_tkb,"{""ngay"": ""t2""}",thanh_cong,,,,0.914,111,False
G000317,L000346,P00223,HS12,B,2026-09-27T23:53:46+07:00,1,tool,xem_lich_thi,"{""mon"": ""toan""}",thanh_cong,,,,0.609,130,False
G000318,L000347,P00224,HS12,B,2026-09-27T08:29:44+07:00,1,tool,tinh_diem_tb,"{""cac_diem"": [{""diem"": 6.0, ""he_so"": 1}, {""diem"": 6.75, ""he_so"": 0}, {""diem"": 5.75, ""he_so"": 2}, {""diem"": 9.0, ""he_so"": 2}]}",loi_xac_thuc,ValidationError,"Error executing tool tinh_diem_tb: 1 validation error for tinh_diem_tbArguments
cac_diem.0.he_so
  Input should be 1, 2 or 3 [input_value=""?""]",2,0.275,230,False
G000319,L000348,P00225,HS19,B,2026-09-27T21:27:06+07:00,1,tool,xem_lich_thi,"{""mon"": ""su""}",loi_xac_thuc,ValidationError,"Error executing tool xem_lich_thi: 1 validation error for xem_lich_thiArguments
mon
  Input should be 'toan', 'tin' or 'van' [input_value=""su""]",2,0.347,200,False
G000320,L000349,P00225,HS19,B,2026-09-27T21:28:11+07:00,1,tool,xem_lich_thi,"{""mon"": ""toan""}",thanh_cong,,,,0.667,130,False
G000321,L000350,P00226,HS19,B,2026-09-27T22:02:44+07:00,1,tool,xem_lich_thi,"{""mon"": ""tin""}",thanh_cong,,,,0.939,130,False
G000322,L000351,P00226,HS19,B,2026-09-27T22:03:32+07:00,1,tool,xem_tkb,"{""ngay"": ""t2""}",thanh_cong,,,,1.269,111,False
G000323,L000352,P00227,HS22,A,2026-09-27T20:19:30+07:00,1,tool,tkb,"{""ngay"": ""t6""}",thanh_cong,,,,0.732,65,False
G000324,L000353,P00228,HS29,B,2026-09-27T20:08:29+07:00,1,tool,xem_tkb,"{""ngay"": ""<chuỗi 10202 ký tự>""}",loi_xac_thuc,ValidationError,"Error executing tool xem_tkb: 1 validation error for xem_tkbArguments
ngay
  Input should be 't2', 't3', 't4', 't5' or 't6' [input_value=""xxxx""]",2,0.341,260,False
G000325,L000354,P00229,HS30,A,2026-09-27T19:50:58+07:00,1,tool,diem_tb,"{""diem"": [{""diem"": 6.25, ""he_so"": 1}, {""diem"": 7.5, ""he_so"": 2}, {""diem"": 7.0, ""he_so"": 2}]}",thanh_cong,,,,0.636,6,False
G000326,L000355,P00230,HS30,A,2026-09-27T23:40:35+07:00,1,tool,doc_tai_lieu,"{""ten_file"": ""../du_lieu_ngoai/bi_mat.txt""}",thanh_cong,,,,0.668,230,False
G000327,L000356,P00231,HS32,A,2026-09-27T22:52:17+07:00,1,tool,diem_tb,"{""diem"": [{""diem"": 8.25, ""he_so"": 2}, {""diem"": 7.5, ""he_so"": 1}, {""diem"": 4.25, ""he_so"": 3}]}",thanh_cong,,,,0.251,6,False
G000328,L000357,P00231,HS32,A,2026-09-27T22:52:34+07:00,1,tool,lich_thi,"{""mon"": ""van""}",thanh_cong,,,,0.947,110,False
G000329,L000358,P00231,HS32,A,2026-09-27T22:52:48+07:00,1,tool,diem_tb,"{""diem"": [{""diem"": 9.5, ""he_so"": 1}, {""diem"": 5.5, ""he_so"": 1}]}",thanh_cong,,,,0.454,6,False
G000330,L000359,P00232,HS34,B,2026-09-27T19:32:23+07:00,1,tool,xem_tkb,"{""ngay"": ""thứ hai""}",loi_xac_thuc,ValidationError,"Error executing tool xem_tkb: 1 validation error for xem_tkbArguments
ngay
  Input should be 't2', 't3', 't4', 't5' or 't6' [input_value=""thứ hai""]",2,0.329,210,False
G000331,L000359,P00232,HS34,B,2026-09-27T19:32:25+07:00,2,tool,xem_tkb,"{""ngay"": ""t2""}",thanh_cong,,,,0.573,111,False
G000332,L000360,P00232,HS34,B,2026-09-27T19:33:13+07:00,1,tool,xem_lich_thi,"{""mon"": ""toan""}",thanh_cong,,,,1.788,130,False
G000333,L000361,P00233,HS04,A,2026-09-28T07:23:50+07:00,1,tool,tkb,"{""ngay"": ""t6""}",thanh_cong,,,,0.613,65,False
G000334,L000362,P00233,HS04,A,2026-09-28T07:24:24+07:00,1,tool,doc_tai_lieu,"{""ten_file"": ""danh_ba_gv.txt""}",loi_ngoai_le,FileNotFoundError,Error executing tool doc_tai_lieu: [Errno 2] No such file or directory: '.../du_lieu/danh_ba_gv.txt',1,0.494,120,False
G000335,L000363,P00234,HS04,A,2026-09-28T23:57:22+07:00,1,tool,tkb,"{""ngay"": ""ngày mai""}",tra_ve_rong,,,0,0.559,4,False
G000336,L000364,P00234,HS04,A,2026-09-28T23:57:34+07:00,1,tool,doc_tai_lieu,"{""ten_file"": ""diem_lop.json""}",loi_ngoai_le,FileNotFoundError,Error executing tool doc_tai_lieu: [Errno 2] No such file or directory: '.../du_lieu/diem_lop.json',1,0.758,120,False
G000337,L000365,P00234,HS04,A,2026-09-28T23:57:49+07:00,1,tool,diem_tb,"{""diem"": [{""diem"": 4.0, ""he_so"": 2}, {""diem"": 7.5, ""he_so"": 1}]}",thanh_cong,,,,1.015,6,False
G000338,L000367,P00235,HS11,A,2026-09-28T22:17:45+07:00,1,tool,tkb,"{""ngay"": ""t4""}",thanh_cong,,,,0.61,51,False
G000339,L000370,P00236,HS12,B,2026-09-28T12:50:16+07:00,1,tool,tinh_diem_tb,"{""cac_diem"": [{""diem"": 6.25, ""he_so"": 2}, {""diem"": 7.5, ""he_so"": 1}, {""diem"": 8.25, ""he_so"": 2}, {""diem"": 7.25, ""he_so"": 1}]}",thanh_cong,,,,0.699,95,False
G000340,L000371,P00236,HS12,B,2026-09-28T12:50:41+07:00,1,tool,xem_lich_thi,"{""mon"": ""tin""}",thanh_cong,,,,0.597,130,False
G000341,L000373,P00237,HS20,A,2026-09-28T21:35:14+07:00,1,tool,diem_tb,"{""diem"": [{""diem"": 8.75, ""he_so"": 2}, {""diem"": 6.0, ""he_so"": 1}, {""diem"": 8.5, ""he_so"": 1}, {""diem"": 10.5, ""he_so"": 1}]}",thanh_cong,,,,0.831,6,False
G000342,L000374,P00237,HS20,A,2026-09-28T21:35:35+07:00,1,tool,lich_thi,"{""mon"": ""Hoá học""}",loi_ngoai_le,Exception,Error executing tool lich_thi: Error,0,0.674,36,False
G000343,L000376,P00239,HS24,B,2026-09-28T19:01:18+07:00,1,tool,xem_tkb,"{""ngay"": ""t3""}",thanh_cong,,,,0.42,129,False
G000344,L000377,P00240,HS28,B,2026-09-28T17:05:11+07:00,1,tool,tinh_diem_tb,"{""cac_diem"": [{""diem"": 4.0, ""he_so"": 1}, {""diem"": 8.5, ""he_so"": 1}, {""diem"": 5.0, ""he_so"": 1}, {""diem"": 4.5, ""he_so"": 1}, {""diem"": 9.0, ""he_so"": 1}, {""diem"": 5.5, ""he_so"": 3}]}",thanh_cong,,,,0.583,95,False
G000345,L000378,P00240,HS28,B,2026-09-28T17:05:35+07:00,1,tool,xem_tkb,"{""ngay"": ""t5""}",thanh_cong,,,,0.462,251,True
G000346,L000379,P00241,HS31,A,2026-09-28T23:39:34+07:00,1,tool,diem_tb,"{""diem"": [{""diem"": 9.5, ""he_so"": 1}, {""diem"": 6.5, ""he_so"": 2}, {""diem"": 9.25, ""he_so"": 1}, {""diem"": 8.25, ""he_so"": 1}, {""diem"": 7.25, ""he_so"": 1}]}",thanh_cong,,,,0.402,6,False
G000347,L000380,P00241,HS31,A,2026-09-28T23:39:52+07:00,1,tool,doc_tai_lieu,"{""ten_file"": ""noi_quy.pdf""}",loi_ngoai_le,FileNotFoundError,Error executing tool doc_tai_lieu: [Errno 2] No such file or directory: '.../du_lieu/noi_quy.pdf',1,0.529,120,False
G000348,L000380,P00241,HS31,A,2026-09-28T23:39:54+07:00,2,tool,doc_tai_lieu,"{""ten_file"": ""noi_quy.txt""}",thanh_cong,,,,0.584,7590,False
G000349,L000381,P00242,HS34,B,2026-09-28T17:55:10+07:00,1,tool,xem_tkb,"{""ngay"": ""t5""}",thanh_cong,,,,0.772,251,True
G000350,L000383,P00242,HS34,B,2026-09-28T17:55:44+07:00,1,tool,xem_tkb,"{""ngay"": ""cn""}",loi_xac_thuc,ValidationError,"Error executing tool xem_tkb: 1 validation error for xem_tkbArguments
ngay
  Input should be 't2', 't3', 't4', 't5' or 't6' [input_value=""cn""]",2,0.673,210,False
G000351,L000384,P00243,HS34,B,2026-09-28T16:25:39+07:00,1,resource,lop://noi-quy,,thanh_cong,,,,0.842,7590,False
G000352,L000385,P00243,HS34,B,2026-09-28T16:25:59+07:00,1,tool,tinh_diem_tb,"{""cac_diem"": [{""diem"": 4.5, ""he_so"": 0}, {""diem"": 7.0, ""he_so"": 3}, {""diem"": 8.0, ""he_so"": 2}, {""diem"": 7.5, ""he_so"": 1}]}",loi_xac_thuc,ValidationError,"Error executing tool tinh_diem_tb: 1 validation error for tinh_diem_tbArguments
cac_diem.0.he_so
  Input should be 1, 2 or 3 [input_value=""?""]",2,0.219,230,False
G000353,L000386,P00244,HS38,B,2026-09-28T21:25:25+07:00,1,tool,xem_lich_thi,"{""mon"": ""toan""}",thanh_cong,,,,1.291,130,False
G000354,L000387,P00244,HS38,B,2026-09-28T21:26:42+07:00,1,tool,xem_lich_thi,"{""mon"": ""tin""}",thanh_cong,,,,0.474,130,False
G000355,L000388,P00245,HS08,B,2026-09-29T21:26:56+07:00,1,resource,lop://noi-quy,,thanh_cong,,,,0.917,7590,False
G000356,L000389,P00246,HS10,A,2026-09-29T19:13:22+07:00,1,tool,lich_thi,"{""mon"": ""tin""}",thanh_cong,,,,0.257,110,False
G000357,L000390,P00246,HS10,A,2026-09-29T19:13:48+07:00,1,tool,lich_thi,"{""mon"": ""toan""}",thanh_cong,,,,0.312,110,False
G000358,L000391,P00246,HS10,A,2026-09-29T19:14:49+07:00,1,tool,tkb,"{""ngay"": ""t5""}",thanh_cong,,,,1.093,191,True
G000359,L000392,P00247,HS11,A,2026-09-29T20:36:52+07:00,1,tool,doc_tai_lieu,"{""ten_file"": ""diem_lop.json""}",loi_ngoai_le,FileNotFoundError,Error executing tool doc_tai_lieu: [Errno 2] No such file or directory: '.../du_lieu/diem_lop.json',1,0.593,120,False
G000360,L000393,P00247,HS11,A,2026-09-29T20:37:40+07:00,1,tool,tkb,"{""ngay"": ""t3""}",thanh_cong,,,,1.01,69,False
G000361,L000394,P00248,HS14,A,2026-09-29T23:49:55+07:00,1,tool,diem_tb,"{""diem"": [{""diem"": ""8,25"", ""he_so"": 2}, {""diem"": ""4,5"", ""he_so"": 1}, {""diem"": ""tám"", ""he_so"": 1}, {""diem"": ""5,5"", ""he_so"": 2}, {""diem"": ""5,75"", ""he_so"": 3}, {""diem"": ""9,25"", ""he_so"": 1}]}",loi_ngoai_le,TypeError,Error executing tool diem_tb: can't multiply sequence by non-int of type 'int',1,0.427,90,False
G000362,L000395,P00248,HS14,A,2026-09-29T23:50:24+07:00,1,tool,tkb,"{""ngay"": ""<chuỗi 9886 ký tự>""}",tra_ve_rong,,,0,0.699,4,False
G000363,L000396,P00249,HS19,B,2026-09-29T16:03:14+07:00,1,tool,xem_tkb,"{""ngay"": ""t3""}",thanh_cong,,,,0.478,129,False
G000364,L000398,P00250,HS20,A,2026-09-29T05:06:51+07:00,1,tool,tkb,"{""ngay"": ""T2""}",tra_ve_rong,,,0,0.524,4,False
G000365,L000399,P00250,HS20,A,2026-09-29T05:07:10+07:00,1,tool,lich_thi,"{""mon"": ""Tin học""}",loi_ngoai_le,Exception,Error executing tool lich_thi: Error,0,0.792,36,False
G000366,L000401,P00252,HS39,A,2026-09-29T23:10:14+07:00,1,tool,tkb,"{""ngay"": ""t4""}",thanh_cong,,,,1.188,51,False
G000367,L000402,P00253,HS03,A,2026-09-30T22:54:36+07:00,1,tool,doc_tai_lieu,"{""ten_file"": ""khong_cong_khai.txt""}",thanh_cong,,,,0.582,241,False
G000368,L000402,P00253,HS03,A,2026-09-30T22:54:37+07:00,2,tool,doc_tai_lieu,"{""ten_file"": ""thoi_khoa_bieu.json""}",thanh_cong,,,,0.507,241,False
G000369,L000402,P00253,HS03,A,2026-09-30T22:54:38+07:00,3,tool,doc_tai_lieu,"{""ten_file"": ""lich_thi.json""}",thanh_cong,,,,0.271,241,False
G000370,L000402,P00253,HS03,A,2026-09-30T22:54:40+07:00,4,tool,doc_tai_lieu,"{""ten_file"": ""noi_quy.txt""}",thanh_cong,,,,1.26,241,False
G000371,L000403,P00253,HS03,A,2026-09-30T22:55:17+07:00,1,tool,lich_thi,"{""mon"": ""anh văn""}",loi_ngoai_le,Exception,Error executing tool lich_thi: Error,0,0.73,36,False
G000372,L000404,P00253,HS03,A,2026-09-30T22:56:02+07:00,1,tool,tkb,"{""ngay"": ""hôm thứ Hai""}",tra_ve_rong,,,0,0.584,4,False
G000373,L000405,P00254,HS07,B,2026-09-30T14:17:52+07:00,1,resource,lop://noi-quy,,thanh_cong,,,,0.719,7590,False
G000374,L000406,P00254,HS07,B,2026-09-30T14:18:18+07:00,1,tool,xem_lich_thi,"{""mon"": ""su""}",loi_xac_thuc,ValidationError,"Error executing tool xem_lich_thi: 1 validation error for xem_lich_thiArguments
mon
  Input should be 'toan', 'tin' or 'van' [input_value=""su""]",2,0.406,200,False
G000375,L000407,P00255,HS10,A,2026-09-30T21:13:51+07:00,1,tool,lich_thi,"{""mon"": ""tin""}",thanh_cong,,,,0.691,110,False
G000376,L000408,P00255,HS10,A,2026-09-30T21:14:22+07:00,1,tool,diem_tb,"{""diem"": [{""diem"": 6.0, ""he_so"": 2}, {""diem"": ""7,5"", ""he_so"": 2}, {""diem"": 4.0, ""he_so"": 1}, {""diem"": 10.0, ""he_so"": 1}, {""diem"": 7.0, ""he_so"": 1}]}",loi_ngoai_le,TypeError,Error executing tool diem_tb: can't multiply sequence by non-int of type 'int',1,0.697,90,False
G000377,L000408,P00255,HS10,A,2026-09-30T21:14:25+07:00,2,tool,diem_tb,"{""diem"": [{""diem"": 6.0, ""he_so"": 2}, {""diem"": 7.5, ""he_so"": 2}, {""diem"": 4.0, ""he_so"": 1}, {""diem"": 10.0, ""he_so"": 1}, {""diem"": 7.0, ""he_so"": 1}]}",thanh_cong,,,,0.33,6,False
G000378,L000409,P00256,HS10,A,2026-09-30T18:41:59+07:00,1,tool,diem_tb,"{""diem"": [{""diem"": 9.25, ""he_so"": 1}, {""diem"": 6.75, ""he_so"": 1}, {""diem"": 5.5, ""he_so"": 1}, {""diem"": 6.25, ""he_so"": 1}, {""diem"": 5.75, ""he_so"": 1}, {""diem"": 7.5, ""he_so"": 3}]}",thanh_cong,,,,0.455,6,False
G000379,L000410,P00256,HS10,A,2026-09-30T18:42:53+07:00,1,tool,lich_thi,"{""mon"": ""van""}",thanh_cong,,,,0.625,110,False
G000380,L000412,P00258,HS16,B,2026-09-30T06:36:02+07:00,1,tool,xem_tkb,"{""ngay"": ""t6""}",thanh_cong,,,,0.995,125,False
G000381,L000413,P00258,HS16,B,2026-09-30T06:36:16+07:00,1,tool,xem_tkb,"{""ngay"": ""t3""}",thanh_cong,,,,1.352,129,False
G000382,L000414,P00259,HS16,B,2026-09-30T21:59:05+07:00,1,tool,xem_tkb,"{""ngay"": ""t6""}",thanh_cong,,,,0.35,125,False
G000383,L000415,P00260,HS20,A,2026-09-30T21:09:04+07:00,1,tool,lich_thi,"{""mon"": ""van""}",thanh_cong,,,,0.72,110,False
G000384,L000416,P00261,HS20,A,2026-09-30T23:29:25+07:00,1,tool,doc_tai_lieu,"{""ten_file"": ""noi_quy.txt""}",thanh_cong,,,,0.981,7590,False
G000385,L000417,P00261,HS20,A,2026-09-30T23:29:46+07:00,1,tool,tkb,"{""ngay"": ""t2""}",thanh_cong,,,,0.495,51,False
G000386,L000418,P00261,HS20,A,2026-09-30T23:30:00+07:00,1,tool,tkb,"{""ngay"": ""t3""}",thanh_cong,,,,1.015,69,False
G000387,L000420,P00262,HS21,A,2026-09-30T22:12:43+07:00,1,tool,diem_tb,"{""diem"": [{""diem"": 7.25, ""he_so"": 3}, {""diem"": 8.25, ""he_so"": 1}, {""diem"": 7.0, ""he_so"": 2}, {""diem"": 9.25, ""he_so"": 2}, {""diem"": 4.75, ""he_so"": 1}, {""diem"": 7.75, ""he_so"": 2}]}",thanh_cong,,,,0.69,6,False
G000388,L000421,P00263,HS24,B,2026-09-30T11:15:30+07:00,1,tool,xem_lich_thi,"{""mon"": ""van""}",thanh_cong,,,,0.42,130,False
G000389,L000422,P00264,HS31,A,2026-09-30T20:46:14+07:00,1,tool,tkb,"{""ngay"": ""thứ 7""}",tra_ve_rong,,,0,0.492,4,False
G000390,L000423,P00264,HS31,A,2026-09-30T20:47:09+07:00,1,tool,diem_tb,"{""diem"": [{""diem"": 8.25, ""he_so"": 1}, {""diem"": 4.0, ""he_so"": 1}]}",thanh_cong,,,,0.444,6,False
G000391,L000424,P00265,HS35,A,2026-09-30T21:35:42+07:00,1,tool,tkb,"{""ngay"": ""t6""}",thanh_cong,,,,0.536,65,False
G000392,L000425,P00266,HS37,B,2026-09-30T11:26:53+07:00,1,resource,lop://noi-quy,,thanh_cong,,,,0.71,7590,False
G000393,L000426,P00267,HS38,B,2026-09-30T21:48:04+07:00,1,tool,xem_tkb,"{""ngay"": ""t2""}",thanh_cong,,,,0.756,111,False
G000394,L000427,P00267,HS38,B,2026-09-30T21:48:50+07:00,1,tool,xem_tkb,"{""ngay"": ""t6""}",thanh_cong,,,,0.518,125,False
G000395,L000428,P00268,HS01,B,2026-10-01T20:14:14+07:00,1,tool,xem_tkb,"{""ngay"": ""t2""}",thanh_cong,,,,0.713,111,False
G000396,L000429,P00269,HS02,B,2026-10-01T17:02:00+07:00,1,resource,lop://noi-quy,,thanh_cong,,,,0.498,7590,False
G000397,L000430,P00270,HS04,A,2026-10-01T20:55:10+07:00,1,tool,doc_tai_lieu,"{""ten_file"": ""noi_quy.txt""}",thanh_cong,,,,0.622,7590,False
G000398,L000431,P00270,HS04,A,2026-10-01T20:56:04+07:00,1,tool,diem_tb,"{""diem"": [{""diem"": 4.0, ""he_so"": 1}, {""diem"": 10.0, ""he_so"": 1}, {""diem"": 7.5, ""he_so"": 1}]}",thanh_cong,,,,1.007,6,False
G000399,L000432,P00271,HS05,B,2026-10-01T22:24:23+07:00,1,tool,xem_lich_thi,"{""mon"": ""su""}",loi_xac_thuc,ValidationError,"Error executing tool xem_lich_thi: 1 validation error for xem_lich_thiArguments
mon
  Input should be 'toan', 'tin' or 'van' [input_value=""su""]",2,0.346,200,False
G000400,L000433,P00272,HS20,A,2026-10-01T19:40:28+07:00,1,tool,lich_thi,"{""mon"": ""Sinh học""}",loi_ngoai_le,Exception,Error executing tool lich_thi: Error,0,0.771,36,False
G000401,L000434,P00273,HS22,A,2026-10-01T19:26:50+07:00,1,tool,doc_tai_lieu,"{""ten_file"": ""noi_quy.txt""}",thanh_cong,,,,0.934,7590,False
G000402,L000435,P00274,HS23,A,2026-10-01T06:34:12+07:00,1,tool,diem_tb,"{""diem"": [{""diem"": 8.75, ""he_so"": 3}, {""diem"": 4.0, ""he_so"": 1}, {""diem"": 6.25, ""he_so"": 1}]}",thanh_cong,,,,0.63,6,False
G000403,L000438,P00275,HS28,B,2026-10-01T22:56:12+07:00,1,tool,tinh_diem_tb,"{""cac_diem"": [{""diem"": 6.0, ""he_so"": 1}, {""diem"": 8.25, ""he_so"": 1}, {""diem"": 7.0, ""he_so"": 1}, {""diem"": 5.5, ""he_so"": 1}, {""diem"": 4.5, ""he_so"": 2}]}",thanh_cong,,,,0.587,95,False
G000404,L000440,P00276,HS34,B,2026-10-01T20:42:44+07:00,1,resource,lop://noi-quy,,thanh_cong,,,,1.48,7590,False
G000405,L000441,P00276,HS34,B,2026-10-01T20:43:11+07:00,1,tool,xem_lich_thi,"{""mon"": ""van""}",thanh_cong,,,,0.965,130,False
G000406,L000442,P00277,HS36,A,2026-10-01T19:53:14+07:00,1,tool,lich_thi,"{""mon"": ""toan""}",thanh_cong,,,,0.497,110,False
G000407,L000443,P00278,HS40,A,2026-10-01T16:41:58+07:00,1,tool,tkb,"{""ngay"": ""mai""}",tra_ve_rong,,,0,0.425,4,False
G000408,L000444,P00279,HS40,A,2026-10-01T19:20:55+07:00,1,tool,diem_tb,"{""diem"": [{""diem"": 9.25, ""he_so"": 2}, {""diem"": 6.75, ""he_so"": 2}, {""diem"": 8.0, ""he_so"": 1}, {""diem"": 6.25, ""he_so"": 1}, {""diem"": 8.0, ""he_so"": 2}]}",thanh_cong,,,,0.466,6,False
G000409,L000445,P00279,HS40,A,2026-10-01T19:21:20+07:00,1,tool,tkb,"{""ngay"": ""T6""}",tra_ve_rong,,,0,0.605,4,False
G000410,L000446,P00280,HS01,B,2026-10-02T20:48:04+07:00,1,tool,xem_lich_thi,"{""mon"": ""tin""}",thanh_cong,,,,0.968,130,False
G000411,L000447,P00280,HS01,B,2026-10-02T20:48:43+07:00,1,tool,xem_lich_thi,"{""mon"": ""van""}",thanh_cong,,,,0.738,130,False
G000412,L000448,P00281,HS12,B,2026-10-02T20:53:17+07:00,1,tool,xem_tkb,"{""ngay"": ""t7""}",loi_xac_thuc,ValidationError,"Error executing tool xem_tkb: 1 validation error for xem_tkbArguments
ngay
  Input should be 't2', 't3', 't4', 't5' or 't6' [input_value=""t7""]",2,0.111,210,False
G000413,L000449,P00281,HS12,B,2026-10-02T20:53:28+07:00,1,tool,tinh_diem_tb,"{""cac_diem"": [{""diem"": 6.75, ""he_so"": 3}, {""diem"": 8.75, ""he_so"": 1}, {""diem"": 6.25, ""he_so"": 3}]}",thanh_cong,,,,0.734,95,False
G000414,L000450,P00281,HS12,B,2026-10-02T20:53:53+07:00,1,tool,xem_tkb,"{""ngay"": ""t4""}",thanh_cong,,,,0.88,111,False
G000415,L000451,P00282,HS12,B,2026-10-02T14:25:56+07:00,1,tool,xem_tkb,"{""ngay"": ""t7""}",loi_xac_thuc,ValidationError,"Error executing tool xem_tkb: 1 validation error for xem_tkbArguments
ngay
  Input should be 't2', 't3', 't4', 't5' or 't6' [input_value=""t7""]",2,0.34,210,False
G000416,L000452,P00282,HS12,B,2026-10-02T14:26:14+07:00,1,tool,xem_tkb,"{""ngay"": ""t7""}",loi_xac_thuc,ValidationError,"Error executing tool xem_tkb: 1 validation error for xem_tkbArguments
ngay
  Input should be 't2', 't3', 't4', 't5' or 't6' [input_value=""t7""]",2,0.458,210,False
G000417,L000453,P00282,HS12,B,2026-10-02T14:26:38+07:00,1,tool,tinh_diem_tb,"{""cac_diem"": [{""diem"": 4.25, ""he_so"": 2}, {""diem"": 9.0, ""he_so"": 2}]}",thanh_cong,,,,0.442,95,False
G000418,L000455,P00283,HS13,B,2026-10-02T22:38:49+07:00,1,tool,xem_lich_thi,"{""mon"": ""toan""}",thanh_cong,,,,0.512,130,False
G000419,L000456,P00284,HS19,B,2026-10-02T21:31:35+07:00,1,tool,xem_tkb,"{""ngay"": ""t4""}",thanh_cong,,,,0.587,111,False
G000420,L000457,P00285,HS27,A,2026-10-02T12:45:22+07:00,1,tool,tkb,"{""ngay"": ""thứ ba""}",tra_ve_rong,,,0,0.822,4,False
G000421,L000458,P00286,HS30,A,2026-10-02T22:24:20+07:00,1,tool,luu_ghi_chu,"{""noi_dung"": ""đổi phòng thi Toán sang P.305.""}",thanh_cong,,,,0.728,2,False
G000422,L000459,P00286,HS30,A,2026-10-02T22:24:46+07:00,1,tool,lich_thi,"{""mon"": ""tin""}",thanh_cong,,,,0.726,110,False
G000423,L000460,P00286,HS30,A,2026-10-02T22:25:14+07:00,1,tool,lich_thi,"{""mon"": ""van""}",thanh_cong,,,,0.485,110,False
G000424,L000461,P00287,HS30,A,2026-10-02T22:31:58+07:00,1,tool,tkb,"{""ngay"": ""t4""}",thanh_cong,,,,0.578,51,False
G000425,L000463,P00288,HS33,A,2026-10-02T21:55:50+07:00,1,tool,lich_thi,"{""mon"": ""tin""}",thanh_cong,,,,0.492,110,False
G000426,L000464,P00289,HS39,A,2026-10-02T12:17:40+07:00,1,tool,lich_thi,"{""mon"": ""toan""}",thanh_cong,,,,0.54,110,False
G000427,L000465,P00289,HS39,A,2026-10-02T12:17:53+07:00,1,tool,lich_thi,"{""mon"": ""van""}",thanh_cong,,,,1.04,110,False
G000428,L000466,P00290,HS39,A,2026-10-02T20:59:30+07:00,1,tool,diem_tb,"{""diem"": [{""diem"": 7.25, ""he_so"": 2}, {""diem"": 7.5, ""he_so"": 3}, {""diem"": 8.25, ""he_so"": 1}]}",thanh_cong,,,,0.853,6,False
G000429,L000467,P00291,HS40,A,2026-10-02T21:15:39+07:00,1,tool,tkb,"{""ngay"": ""mai""}",tra_ve_rong,,,0,0.537,4,False
G000430,L000468,P00292,HS04,A,2026-10-03T22:47:08+07:00,1,tool,doc_tai_lieu,"{""ten_file"": ""noi_quy.txt""}",thanh_cong,,,,0.662,7590,False
G000431,L000470,P00292,HS04,A,2026-10-03T22:47:53+07:00,1,tool,tkb,"{""ngay"": ""t3""}",thanh_cong,,,,0.473,69,False
G000432,L000471,P00293,HS09,B,2026-10-03T20:53:53+07:00,1,tool,xem_tkb,"{""ngay"": ""t2""}",thanh_cong,,,,0.478,111,False
G000433,L000472,P00293,HS09,B,2026-10-03T20:54:13+07:00,1,tool,xem_tkb,"{""ngay"": ""cn""}",loi_xac_thuc,ValidationError,"Error executing tool xem_tkb: 1 validation error for xem_tkbArguments
ngay
  Input should be 't2', 't3', 't4', 't5' or 't6' [input_value=""cn""]",2,0.4,210,False
G000434,L000473,P00293,HS09,B,2026-10-03T20:54:48+07:00,1,tool,tinh_diem_tb,"{""cac_diem"": [{""diem"": 4.25, ""he_so"": 1}, {""diem"": 9.25, ""he_so"": 2}, {""diem"": 4.5, ""he_so"": 3}, {""diem"": 8.25, ""he_so"": 1}, {""diem"": 8.0, ""he_so"": 1}, {""diem"": 9.5, ""he_so"": 1}]}",thanh_cong,,,,1.202,95,False
G000435,L000474,P00294,HS14,A,2026-10-03T21:51:05+07:00,1,tool,diem_tb,"{""diem"": [{""diem"": 5.5, ""he_so"": 2}, {""diem"": 6.25, ""he_so"": 2}]}",thanh_cong,,,,0.749,6,False
G000436,L000475,P00294,HS14,A,2026-10-03T21:51:36+07:00,1,tool,diem_tb,"{""diem"": [{""diem"": 5.0, ""he_so"": 1}, {""diem"": 7.0, ""he_so"": 1}, {""diem"": 6.0, ""he_so"": 1}, {""diem"": 7.75, ""he_so"": 2}]}",thanh_cong,,,,0.383,6,False
G000437,L000476,P00295,HS29,B,2026-10-03T13:56:38+07:00,1,tool,xem_tkb,"{""ngay"": ""cn""}",loi_xac_thuc,ValidationError,"Error executing tool xem_tkb: 1 validation error for xem_tkbArguments
ngay
  Input should be 't2', 't3', 't4', 't5' or 't6' [input_value=""cn""]",2,0.488,210,False
G000438,L000477,P00296,HS30,A,2026-10-03T06:41:07+07:00,1,tool,doc_tai_lieu,"{""ten_file"": ""../du_lieu_ngoai/bi_mat.txt""}",thanh_cong,,,,1.153,230,False
G000439,L000478,P00296,HS30,A,2026-10-03T06:41:55+07:00,1,tool,tkb,"{""ngay"": ""thứ ba""}",tra_ve_rong,,,0,0.859,4,False
G000440,L000479,P00296,HS30,A,2026-10-03T06:42:14+07:00,1,tool,doc_tai_lieu,"{""ten_file"": ""noi_quy.txt""}",thanh_cong,,,,0.551,7590,False
G000441,L000480,P00297,HS32,A,2026-10-03T09:17:01+07:00,1,tool,tkb,"{""ngay"": ""thứ 4""}",tra_ve_rong,,,0,0.984,4,False
G000442,L000481,P00298,HS35,A,2026-10-03T12:09:16+07:00,1,tool,tkb,"{""ngay"": ""t6""}",thanh_cong,,,,0.722,65,False
G000443,L000482,P00298,HS35,A,2026-10-03T12:09:49+07:00,1,tool,diem_tb,"{""diem"": [{""diem"": 8.25, ""he_so"": 2}, {""diem"": 4.0, ""he_so"": 1}]}",thanh_cong,,,,0.789,6,False
G000444,L000483,P00298,HS35,A,2026-10-03T12:10:27+07:00,1,tool,lich_thi,"{""mon"": ""Vật lí""}",loi_ngoai_le,Exception,Error executing tool lich_thi: Error,0,0.474,36,False
G000445,L000484,P00299,HS01,B,2026-10-04T21:10:45+07:00,1,resource,lop://noi-quy,,thanh_cong,,,,1.511,7590,False
G000446,L000486,P00301,HS04,A,2026-10-04T18:26:26+07:00,1,tool,diem_tb,"{""diem"": [{""diem"": 5.25, ""he_so"": 1}, {""diem"": 6.25, ""he_so"": 1}, {""diem"": 10.0, ""he_so"": 1}, {""diem"": 7.0, ""he_so"": 3}]}",thanh_cong,,,,0.741,6,False
G000447,L000487,P00302,HS05,B,2026-10-04T18:33:25+07:00,1,tool,xem_lich_thi,"{""mon"": ""Tin học""}",loi_xac_thuc,ValidationError,"Error executing tool xem_lich_thi: 1 validation error for xem_lich_thiArguments
mon
  Input should be 'toan', 'tin' or 'van' [input_value=""Tin học""]",2,0.388,200,False
G000448,L000487,P00302,HS05,B,2026-10-04T18:33:27+07:00,2,tool,xem_lich_thi,"{""mon"": ""tin""}",thanh_cong,,,,0.721,130,False
G000449,L000488,P00303,HS06,A,2026-10-04T12:52:25+07:00,1,tool,diem_tb,"{""diem"": [{""diem"": 7.25, ""he_so"": 3}, {""diem"": 6.25, ""he_so"": 4}, {""diem"": 6.75, ""he_so"": 1}, {""diem"": 9.5, ""he_so"": 1}]}",thanh_cong,,,,0.744,6,False
G000450,L000489,P00303,HS06,A,2026-10-04T12:52:51+07:00,1,tool,lich_thi,"{""mon"": ""toan""}",thanh_cong,,,,0.71,110,False
G000451,L000490,P00304,HS10,A,2026-10-04T18:38:22+07:00,1,tool,diem_tb,"{""diem"": [{""diem"": ""8,5"", ""he_so"": 5}, {""diem"": ""7,75"", ""he_so"": 2}, {""diem"": ""7,75"", ""he_so"": 3}, {""diem"": ""6,5"", ""he_so"": 1}]}",loi_ngoai_le,TypeError,Error executing tool diem_tb: can't multiply sequence by non-int of type 'int',1,1.012,90,False
G000452,L000491,P00305,HS11,A,2026-10-04T19:48:01+07:00,1,tool,diem_tb,"{""diem"": [{""diem"": 8.0, ""he_so"": 1}, {""diem"": 5.5, ""he_so"": 1}]}",thanh_cong,,,,0.538,6,False
G000453,L000492,P00305,HS11,A,2026-10-04T19:48:57+07:00,1,tool,tkb,"{""ngay"": ""t2""}",thanh_cong,,,,0.513,51,False
G000454,L000493,P00306,HS12,B,2026-10-04T13:03:15+07:00,1,tool,xem_tkb,"{""ngay"": ""t2""}",thanh_cong,,,,1.103,111,False
G000455,L000494,P00306,HS12,B,2026-10-04T13:03:50+07:00,1,tool,xem_lich_thi,"{""mon"": ""ly""}",loi_xac_thuc,ValidationError,"Error executing tool xem_lich_thi: 1 validation error for xem_lich_thiArguments
mon
  Input should be 'toan', 'tin' or 'van' [input_value=""ly""]",2,0.23,200,False
G000456,L000495,P00307,HS16,B,2026-10-04T20:00:01+07:00,1,resource,lop://noi-quy,,thanh_cong,,,,0.901,7590,False
G000457,L000497,P00308,HS25,A,2026-10-04T12:28:43+07:00,1,tool,tkb,"{""ngay"": ""t3""}",thanh_cong,,,,0.336,69,False
G000458,L000498,P00309,HS27,A,2026-10-04T22:20:09+07:00,1,tool,tkb,"{""ngay"": ""T6""}",tra_ve_rong,,,0,0.69,4,False
G000459,L000499,P00309,HS27,A,2026-10-04T22:20:38+07:00,1,tool,doc_tai_lieu,"{""ten_file"": ""noi_quy.txt""}",thanh_cong,,,,1.15,7590,False
G000460,L000500,P00310,HS28,B,2026-10-04T19:37:17+07:00,1,resource,lop://noi-quy,,thanh_cong,,,,1.635,7590,False
G000461,L000501,P00310,HS28,B,2026-10-04T19:38:12+07:00,1,tool,tinh_diem_tb,"{""cac_diem"": [{""diem"": 9.5, ""he_so"": 2}, {""diem"": 5.0, ""he_so"": 1}, {""diem"": 8.0, ""he_so"": 1}, {""diem"": 9.0, ""he_so"": 2}, {""diem"": 5.75, ""he_so"": 2}, {""diem"": 7.0, ""he_so"": 2}]}",thanh_cong,,,,0.439,95,False
G000462,L000502,P00311,HS31,A,2026-10-04T20:29:28+07:00,1,tool,diem_tb,"{""diem"": [{""diem"": 8.0, ""he_so"": 2}, {""diem"": 85, ""he_so"": 2}, {""diem"": 8.25, ""he_so"": 2}, {""diem"": 4.75, ""he_so"": 1}, {""diem"": 7.0, ""he_so"": 1}]}",thanh_cong,,,,0.613,6,False
G000463,L000503,P00311,HS31,A,2026-10-04T20:30:08+07:00,1,tool,tkb,"{""ngay"": ""t2""}",thanh_cong,,,,0.535,51,False
G000464,L000504,P00312,HS38,B,2026-10-04T12:27:49+07:00,1,tool,xem_lich_thi,"{""mon"": ""van""}",thanh_cong,,,,1.144,130,False
G000465,L000505,P00312,HS38,B,2026-10-04T12:28:37+07:00,1,tool,xem_lich_thi,"{""mon"": ""su""}",loi_xac_thuc,ValidationError,"Error executing tool xem_lich_thi: 1 validation error for xem_lich_thiArguments
mon
  Input should be 'toan', 'tin' or 'van' [input_value=""su""]",2,0.314,200,False
G000466,L000506,P00312,HS38,B,2026-10-04T12:29:04+07:00,1,tool,tinh_diem_tb,"{""cac_diem"": [{""diem"": 6.0, ""he_so"": 2}, {""diem"": 8.0, ""he_so"": 1}, {""diem"": 10.0, ""he_so"": 1}]}",thanh_cong,,,,0.68,95,False
G000467,L000507,P00313,HS38,B,2026-10-04T20:04:19+07:00,1,resource,lop://noi-quy,,thanh_cong,,,,1.255,7590,False
G000468,L000508,P00313,HS38,B,2026-10-04T20:05:28+07:00,1,tool,xem_tkb,"{""ngay"": ""t2""}",thanh_cong,,,,1.031,111,False
G000469,L000509,P00314,HS02,B,2026-10-05T05:25:47+07:00,1,tool,xem_lich_thi,"{""mon"": ""van""}",thanh_cong,,,,0.552,130,False
G000470,L000510,P00314,HS02,B,2026-10-05T05:26:00+07:00,1,tool,tinh_diem_tb,"{""cac_diem"": [{""diem"": 9.5, ""he_so"": 2}, {""diem"": 6.0, ""he_so"": 1}, {""diem"": 7.75, ""he_so"": 2}, {""diem"": 6.0, ""he_so"": 1}, {""diem"": 5.0, ""he_so"": 2}]}",thanh_cong,,,,0.694,95,False
G000471,L000511,P00315,HS04,A,2026-10-05T16:41:17+07:00,1,tool,tkb,"{""ngay"": ""T4""}",tra_ve_rong,,,0,0.519,4,False
G000472,L000512,P00315,HS04,A,2026-10-05T16:41:45+07:00,1,tool,diem_tb,"{""diem"": [{""diem"": 4.5, ""he_so"": 1}, {""diem"": 7.75, ""he_so"": 1}, {""diem"": 6.0, ""he_so"": 1}, {""diem"": 5.75, ""he_so"": 2}]}",thanh_cong,,,,0.54,6,False
G000473,L000513,P00316,HS07,B,2026-10-05T21:03:21+07:00,1,tool,xem_lich_thi,"{""mon"": ""tin""}",thanh_cong,,,,0.585,130,False
G000474,L000515,P00317,HS18,B,2026-10-05T18:42:38+07:00,1,tool,xem_tkb,"{""ngay"": ""t2""}",thanh_cong,,,,0.66,111,False
G000475,L000517,P00318,HS19,B,2026-10-05T18:09:54+07:00,1,tool,tinh_diem_tb,"{""cac_diem"": [{""diem"": 7.0, ""he_so"": 1}, {""diem"": 6.25, ""he_so"": 1}, {""diem"": 4.75, ""he_so"": 3}, {""diem"": 4.75, ""he_so"": 1}, {""diem"": 6.75, ""he_so"": 1}]}",thanh_cong,,,,0.441,95,False
G000476,L000518,P00319,HS20,A,2026-10-05T19:40:47+07:00,1,tool,lich_thi,"{""mon"": ""toan""}",thanh_cong,,,,0.568,110,False
G000477,L000519,P00319,HS20,A,2026-10-05T19:41:14+07:00,1,tool,diem_tb,"{""diem"": [{""diem"": 9.75, ""he_so"": 1}, {""diem"": 4.75, ""he_so"": 2}]}",thanh_cong,,,,0.629,6,False
G000478,L000520,P00320,HS22,A,2026-10-05T12:18:58+07:00,1,tool,tkb,"{""ngay"": ""thứ năm""}",tra_ve_rong,,,0,0.499,4,False
G000479,L000521,P00320,HS22,A,2026-10-05T12:19:15+07:00,1,tool,tkb,"{""ngay"": ""thứ 3""}",tra_ve_rong,,,0,0.657,4,False
G000480,L000522,P00321,HS26,B,2026-10-05T20:18:28+07:00,1,tool,xem_tkb,"{""ngay"": ""t2""}",thanh_cong,,,,0.727,111,False
G000481,L000523,P00322,HS28,B,2026-10-05T18:37:23+07:00,1,tool,tinh_diem_tb,"{""cac_diem"": [{""diem"": 4.0, ""he_so"": 3}, {""diem"": 5.0, ""he_so"": 1}, {""diem"": 7.75, ""he_so"": 1}]}",thanh_cong,,,,1.291,95,False
G000482,L000524,P00322,HS28,B,2026-10-05T18:38:01+07:00,1,resource,lop://noi-quy,,thanh_cong,,,,0.889,7590,False
G000483,L000525,P00323,HS29,B,2026-10-05T21:42:19+07:00,1,tool,xem_tkb,"{""ngay"": ""t3""}",thanh_cong,,,,0.886,129,False
G000484,L000526,P00324,HS34,B,2026-10-05T17:38:13+07:00,1,tool,xem_tkb,"{""ngay"": ""t4""}",thanh_cong,,,,0.624,111,False
G000485,L000527,P00325,HS35,A,2026-10-05T16:17:46+07:00,1,tool,lich_thi,"{""mon"": ""toan""}",thanh_cong,,,,0.612,110,False
G000486,L000528,P00326,HS37,B,2026-10-05T22:11:24+07:00,1,tool,xem_lich_thi,"{""mon"": ""Toán""}",loi_xac_thuc,ValidationError,"Error executing tool xem_lich_thi: 1 validation error for xem_lich_thiArguments
mon
  Input should be 'toan', 'tin' or 'van' [input_value=""Toán""]",2,0.616,200,False
G000487,L000528,P00326,HS37,B,2026-10-05T22:11:25+07:00,2,tool,xem_lich_thi,"{""mon"": ""toan""}",thanh_cong,,,,0.614,130,False
G000488,L000529,P00327,HS39,A,2026-10-05T20:02:59+07:00,1,tool,tkb,"{""ngay"": ""thứ năm""}",tra_ve_rong,,,0,0.565,4,False
G000489,L000530,P00328,HS02,B,2026-10-06T20:09:05+07:00,1,tool,xem_tkb,"{""ngay"": ""t3""}",thanh_cong,,,,0.675,129,False
G000490,L000531,P00328,HS02,B,2026-10-06T20:09:46+07:00,1,tool,tinh_diem_tb,"{""cac_diem"": [{""diem"": 7.5, ""he_so"": 1}, {""diem"": 6.0, ""he_so"": 2}]}",thanh_cong,,,,0.509,95,False
G000491,L000532,P00329,HS02,B,2026-10-06T13:45:32+07:00,1,tool,tinh_diem_tb,"{""cac_diem"": [{""diem"": 9.25, ""he_so"": 1}, {""diem"": 7.25, ""he_so"": 2}, {""diem"": 4.0, ""he_so"": 1}, {""diem"": 7.0, ""he_so"": 1}, {""diem"": 7.75, ""he_so"": 1}]}",thanh_cong,,,,0.313,95,False
G000492,L000534,P00330,HS10,A,2026-10-06T21:58:47+07:00,1,tool,tkb,"{""ngay"": ""thứ năm""}",tra_ve_rong,,,0,0.56,4,False
G000493,L000535,P00331,HS11,A,2026-10-06T17:24:27+07:00,1,tool,lich_thi,"{""mon"": ""tin""}",thanh_cong,,,,0.669,110,False
G000494,L000536,P00332,HS12,B,2026-10-06T20:03:45+07:00,1,tool,xem_lich_thi,"{""mon"": ""van""}",thanh_cong,,,,0.703,130,False
G000495,L000537,P00332,HS12,B,2026-10-06T20:04:14+07:00,1,tool,xem_tkb,"{""ngay"": ""t5""}",thanh_cong,,,,0.388,251,True
G000496,L000538,P00333,HS22,A,2026-10-06T07:46:16+07:00,1,tool,lich_thi,"{""mon"": ""tin""}",thanh_cong,,,,0.607,110,False
G000497,L000539,P00334,HS22,A,2026-10-06T17:26:21+07:00,1,tool,tkb,"{""ngay"": ""t4""}",thanh_cong,,,,0.53,51,False
G000498,L000540,P00335,HS23,A,2026-10-06T21:03:40+07:00,1,tool,diem_tb,"{""diem"": [{""diem"": ""9,5"", ""he_so"": 2}, {""diem"": ""5,75"", ""he_so"": 2}, {""diem"": ""7,5"", ""he_so"": 1}, {""diem"": 9.0, ""he_so"": 3}, {""diem"": ""9,25"", ""he_so"": 2}, {""diem"": ""5,75"", ""he_so"": 5}]}",loi_ngoai_le,TypeError,Error executing tool diem_tb: can't multiply sequence by non-int of type 'int',1,0.649,90,False
G000499,L000541,P00336,HS26,B,2026-10-06T09:45:29+07:00,1,resource,lop://noi-quy,,thanh_cong,,,,0.719,7590,False
G000500,L000542,P00336,HS26,B,2026-10-06T09:45:47+07:00,1,tool,xem_lich_thi,"{""mon"": ""tin""}",thanh_cong,,,,0.472,130,False
G000501,L000545,P00337,HS33,A,2026-10-06T05:07:15+07:00,1,tool,tkb,"{""ngay"": ""t2""}",thanh_cong,,,,0.449,51,False
G000502,L000546,P00338,HS34,B,2026-10-06T13:20:43+07:00,1,tool,xem_lich_thi,"{""mon"": ""Ngữ văn""}",loi_xac_thuc,ValidationError,"Error executing tool xem_lich_thi: 1 validation error for xem_lich_thiArguments
mon
  Input should be 'toan', 'tin' or 'van' [input_value=""Ngữ văn""]",2,0.316,200,False
G000503,L000546,P00338,HS34,B,2026-10-06T13:20:44+07:00,2,tool,xem_lich_thi,"{""mon"": ""van""}",thanh_cong,,,,0.409,130,False
G000504,L000547,P00338,HS34,B,2026-10-06T13:21:12+07:00,1,tool,xem_tkb,"{""ngay"": ""t6""}",thanh_cong,,,,0.37,125,False
G000505,L000548,P00338,HS34,B,2026-10-06T13:21:52+07:00,1,tool,xem_tkb,"{""ngay"": ""t5""}",thanh_cong,,,,0.869,251,True
G000506,L000549,P00339,HS01,B,2026-10-07T17:25:12+07:00,1,tool,xem_tkb,"{""ngay"": ""t4""}",thanh_cong,,,,0.871,111,False
G000507,L000550,P00339,HS01,B,2026-10-07T17:25:27+07:00,1,resource,lop://noi-quy,,thanh_cong,,,,0.922,7590,False
G000508,L000551,P00340,HS01,B,2026-10-07T06:18:20+07:00,1,tool,xem_tkb,"{""ngay"": ""t4""}",thanh_cong,,,,0.366,111,False
G000509,L000552,P00340,HS01,B,2026-10-07T06:18:41+07:00,1,tool,tinh_diem_tb,"{""cac_diem"": [{""diem"": 6.5, ""he_so"": 1}, {""diem"": 9.75, ""he_so"": 2}, {""diem"": 7.75, ""he_so"": 1}, {""diem"": 7.25, ""he_so"": 1}]}",thanh_cong,,,,0.488,95,False
G000510,L000553,P00341,HS03,A,2026-10-07T22:37:48+07:00,1,tool,lich_thi,"{""mon"": ""tin""}",thanh_cong,,,,0.489,110,False
G000511,L000554,P00341,HS03,A,2026-10-07T22:38:03+07:00,1,tool,doc_tai_lieu,"{""ten_file"": ""noi_quy.txt""}",thanh_cong,,,,0.927,7590,False
G000512,L000556,P00342,HS03,A,2026-10-07T23:04:16+07:00,1,tool,lich_thi,"{""mon"": ""tin""}",thanh_cong,,,,0.87,110,False
G000513,L000557,P00342,HS03,A,2026-10-07T23:04:36+07:00,1,tool,doc_tai_lieu,"{""ten_file"": ""diem_lop.json""}",loi_ngoai_le,FileNotFoundError,Error executing tool doc_tai_lieu: [Errno 2] No such file or directory: '.../du_lieu/diem_lop.json',1,0.413,120,False
G000514,L000558,P00343,HS10,A,2026-10-07T21:12:47+07:00,1,tool,doc_tai_lieu,"{""ten_file"": ""noi_quy.pdf""}",loi_ngoai_le,FileNotFoundError,Error executing tool doc_tai_lieu: [Errno 2] No such file or directory: '.../du_lieu/noi_quy.pdf',1,0.831,120,False
G000515,L000559,P00344,HS14,A,2026-10-07T20:37:57+07:00,1,tool,tkb,"{""ngay"": ""t5""}",thanh_cong,,,,0.538,191,True
G000516,L000560,P00345,HS21,A,2026-10-07T06:41:09+07:00,1,tool,diem_tb,"{""diem"": [{""diem"": 9.0, ""he_so"": 1}, {""diem"": 5.5, ""he_so"": 1}]}",thanh_cong,,,,0.851,6,False
G000517,L000561,P00345,HS21,A,2026-10-07T06:41:49+07:00,1,tool,doc_tai_lieu,"{""ten_file"": ""noi_quy.txt""}",thanh_cong,,,,1.107,7590,False
G000518,L000562,P00346,HS21,A,2026-10-07T20:50:58+07:00,1,tool,lich_thi,"{""mon"": ""van""}",thanh_cong,,,,0.529,110,False
G000519,L000564,P00348,HS23,A,2026-10-07T18:21:49+07:00,1,tool,lich_thi,"{""mon"": ""anh văn""}",loi_ngoai_le,Exception,Error executing tool lich_thi: Error,0,0.584,36,False
G000520,L000565,P00348,HS23,A,2026-10-07T18:23:50+07:00,1,tool,tkb,"{""ngay"": ""thứ 5""}",tra_ve_rong,,,0,0.638,4,False
G000521,L000567,P00349,HS29,B,2026-10-07T20:59:08+07:00,1,tool,xem_lich_thi,"{""mon"": ""tin""}",thanh_cong,,,,0.631,130,False
G000522,L000568,P00349,HS29,B,2026-10-07T20:59:22+07:00,1,tool,tinh_diem_tb,"{""cac_diem"": [{""diem"": 6.25, ""he_so"": 1}, {""diem"": 10.0, ""he_so"": 1}, {""diem"": 4.75, ""he_so"": 2}]}",thanh_cong,,,,0.701,95,False
G000523,L000569,P00350,HS30,A,2026-10-07T06:39:09+07:00,1,tool,tkb,"{""ngay"": ""mai""}",tra_ve_rong,,,0,0.608,4,False
G000524,L000570,P00351,HS35,A,2026-10-07T16:25:38+07:00,1,tool,diem_tb,"{""diem"": [{""diem"": 4.0, ""he_so"": 2}, {""diem"": 9.0, ""he_so"": 1}, {""diem"": ""8,5"", ""he_so"": 1}, {""diem"": ""9,5"", ""he_so"": 1}]}",loi_ngoai_le,TypeError,Error executing tool diem_tb: can't multiply sequence by non-int of type 'int',1,0.469,90,False
G000525,L000571,P00351,HS35,A,2026-10-07T16:26:24+07:00,1,tool,lich_thi,"{""mon"": ""môn toán""}",loi_ngoai_le,Exception,Error executing tool lich_thi: Error,0,0.779,36,False
G000526,L000571,P00351,HS35,A,2026-10-07T16:26:26+07:00,2,tool,lich_thi,"{""mon"": ""toan""}",thanh_cong,,,,0.558,110,False
G000527,L000576,P00353,HS01,B,2026-10-08T21:01:25+07:00,1,tool,xem_lich_thi,"{""mon"": ""tin""}",thanh_cong,,,,0.394,130,False
G000528,L000577,P00354,HS04,A,2026-10-08T05:09:36+07:00,1,tool,diem_tb,"{""diem"": [{""diem"": 5.0, ""he_so"": 2}, {""diem"": ""7,75"", ""he_so"": 3}, {""diem"": ""9,75"", ""he_so"": 1}, {""diem"": ""9,5"", ""he_so"": 1}, {""diem"": ""9,25"", ""he_so"": 2}, {""diem"": 6.0, ""he_so"": 2}]}",loi_ngoai_le,TypeError,Error executing tool diem_tb: can't multiply sequence by non-int of type 'int',1,0.62,90,False
G000529,L000577,P00354,HS04,A,2026-10-08T05:09:38+07:00,2,tool,diem_tb,"{""diem"": [{""diem"": 5.0, ""he_so"": 2}, {""diem"": 7.75, ""he_so"": 3}, {""diem"": 9.75, ""he_so"": 1}, {""diem"": 9.5, ""he_so"": 1}, {""diem"": 9.25, ""he_so"": 2}, {""diem"": 6.0, ""he_so"": 2}]}",thanh_cong,,,,0.854,6,False
G000530,L000578,P00354,HS04,A,2026-10-08T05:10:16+07:00,1,tool,tkb,"{""ngay"": ""t6""}",thanh_cong,,,,0.461,65,False
G000531,L000579,P00354,HS04,A,2026-10-08T05:11:01+07:00,1,tool,diem_tb,"{""diem"": [{""diem"": 7.25, ""he_so"": 3}, {""diem"": 9.5, ""he_so"": 3}, {""diem"": 4.5, ""he_so"": 1}, {""diem"": 7.5, ""he_so"": 1}]}",thanh_cong,,,,0.7,6,False
G000532,L000580,P00355,HS07,B,2026-10-08T19:10:49+07:00,1,tool,tinh_diem_tb,"{""cac_diem"": [{""diem"": 9.75, ""he_so"": 1}, {""diem"": 8.25, ""he_so"": 1}, {""diem"": 9.25, ""he_so"": 2}, {""diem"": 9.75, ""he_so"": 1}, {""diem"": 4.25, ""he_so"": 2}]}",thanh_cong,,,,0.762,95,False
G000533,L000581,P00356,HS14,A,2026-10-08T20:06:29+07:00,1,tool,diem_tb,"{""diem"": [{""diem"": 5.25, ""he_so"": 1}, {""diem"": 10.0, ""he_so"": 1}, {""diem"": 9.25, ""he_so"": 1}, {""diem"": 4.75, ""he_so"": 2}]}",thanh_cong,,,,0.856,6,False
G000534,L000582,P00356,HS14,A,2026-10-08T20:06:51+07:00,1,tool,lich_thi,"{""mon"": ""toan""}",thanh_cong,,,,0.482,110,False
G000535,L000583,P00356,HS14,A,2026-10-08T20:07:51+07:00,1,tool,tkb,"{""ngay"": ""T3""}",tra_ve_rong,,,0,0.9,4,False
G000536,L000584,P00356,HS14,A,2026-10-08T20:08:10+07:00,1,tool,doc_tai_lieu,"{""ten_file"": ""khong_cong_khai.txt""}",thanh_cong,,,,0.644,241,False
G000537,L000584,P00356,HS14,A,2026-10-08T20:08:11+07:00,2,tool,doc_tai_lieu,"{""ten_file"": ""lich_thi.json""}",thanh_cong,,,,0.63,241,False
G000538,L000585,P00357,HS15,B,2026-10-08T14:27:38+07:00,1,tool,xem_tkb,"{""ngay"": ""t6""}",thanh_cong,,,,0.471,125,False
G000539,L000586,P00358,HS16,B,2026-10-08T17:03:49+07:00,1,tool,tinh_diem_tb,"{""cac_diem"": [{""diem"": 6.25, ""he_so"": 1}, {""diem"": 8.5, ""he_so"": 1}, {""diem"": 8.0, ""he_so"": 1}, {""diem"": 9.75, ""he_so"": 1}]}",thanh_cong,,,,0.984,95,False
G000540,L000587,P00358,HS16,B,2026-10-08T17:04:25+07:00,1,tool,tinh_diem_tb,"{""cac_diem"": [{""diem"": 7.5, ""he_so"": 2}, {""diem"": 5.25, ""he_so"": 3}]}",thanh_cong,,,,0.619,95,False
G000541,L000589,P00360,HS19,B,2026-10-08T16:01:15+07:00,1,tool,xem_tkb,"{""ngay"": ""t3""}",thanh_cong,,,,0.9,129,False
G000542,L000590,P00360,HS19,B,2026-10-08T16:01:39+07:00,1,tool,xem_tkb,"{""ngay"": ""t2""}",thanh_cong,,,,0.472,111,False
G000543,L000591,P00361,HS20,A,2026-10-08T21:54:08+07:00,1,tool,tkb,"{""ngay"": ""thứ bảy""}",tra_ve_rong,,,0,0.747,4,False
G000544,L000592,P00361,HS20,A,2026-10-08T21:54:32+07:00,1,tool,lich_thi,"{""mon"": ""van""}",thanh_cong,,,,0.298,110,False
G000545,L000594,P00363,HS27,A,2026-10-08T10:15:53+07:00,1,tool,lich_thi,"{""mon"": ""toan""}",thanh_cong,,,,0.75,110,False
G000546,L000595,P00364,HS35,A,2026-10-08T15:30:06+07:00,1,tool,lich_thi,"{""mon"": ""van""}",thanh_cong,,,,0.336,110,False
G000547,L000596,P00365,HS39,A,2026-10-08T16:07:54+07:00,1,tool,doc_tai_lieu,"{""ten_file"": ""noi_quy.txt""}",thanh_cong,,,,0.744,7590,False
G000548,L000597,P00366,HS01,B,2026-10-09T13:28:28+07:00,1,tool,xem_lich_thi,"{""mon"": ""tin""}",thanh_cong,,,,0.708,130,False
G000549,L000598,P00367,HS04,A,2026-10-09T17:08:41+07:00,1,tool,tkb,"{""ngay"": ""t6""}",thanh_cong,,,,0.815,65,False
G000550,L000599,P00367,HS04,A,2026-10-09T17:08:59+07:00,1,tool,doc_tai_lieu,"{""ten_file"": ""noi_quy.txt""}",thanh_cong,,,,1.218,7590,False
G000551,L000600,P00368,HS10,A,2026-10-09T21:06:19+07:00,1,tool,doc_tai_lieu,"{""ten_file"": ""noi_quy.txt""}",thanh_cong,,,,0.678,7590,False
G000552,L000601,P00368,HS10,A,2026-10-09T21:06:45+07:00,1,tool,diem_tb,"{""diem"": [{""diem"": 4.25, ""he_so"": 1}, {""diem"": 6.0, ""he_so"": 2}]}",thanh_cong,,,,0.654,6,False
G000553,L000602,P00369,HS14,A,2026-10-09T06:01:13+07:00,1,tool,diem_tb,"{""diem"": [{""diem"": ""7,25"", ""he_so"": 3}, {""diem"": ""6,75"", ""he_so"": 1}, {""diem"": ""4,75"", ""he_so"": 2}]}",loi_ngoai_le,TypeError,Error executing tool diem_tb: can't multiply sequence by non-int of type 'int',1,0.49,90,False
G000554,L000602,P00369,HS14,A,2026-10-09T06:01:15+07:00,2,tool,diem_tb,"{""diem"": [{""diem"": 7.25, ""he_so"": 3}, {""diem"": 6.75, ""he_so"": 1}, {""diem"": 4.75, ""he_so"": 2}]}",thanh_cong,,,,0.421,6,False
G000555,L000603,P00370,HS15,B,2026-10-09T21:16:51+07:00,1,tool,xem_tkb,"{""ngay"": ""t5""}",thanh_cong,,,,0.445,251,True
G000556,L000604,P00371,HS21,A,2026-10-09T06:36:23+07:00,1,tool,doc_tai_lieu,"{""ten_file"": ""bang_diem.csv""}",loi_ngoai_le,FileNotFoundError,Error executing tool doc_tai_lieu: [Errno 2] No such file or directory: '.../du_lieu/bang_diem.csv',1,0.331,120,False
G000557,L000605,P00372,HS22,A,2026-10-09T07:55:07+07:00,1,tool,tkb,"{""ngay"": ""thứ tư""}",tra_ve_rong,,,0,0.645,4,False
G000558,L000606,P00373,HS28,B,2026-10-09T21:23:22+07:00,1,tool,xem_tkb,"{""ngay"": ""t7""}",loi_xac_thuc,ValidationError,"Error executing tool xem_tkb: 1 validation error for xem_tkbArguments
ngay
  Input should be 't2', 't3', 't4', 't5' or 't6' [input_value=""t7""]",2,0.331,210,False
G000559,L000607,P00374,HS40,A,2026-10-09T22:34:44+07:00,1,tool,tkb,"{""ngay"": ""T5""}",tra_ve_rong,,,0,0.753,4,False
G000560,L000608,P00375,HS01,B,2026-10-10T22:44:14+07:00,1,tool,xem_tkb,"{""ngay"": ""t3""}",thanh_cong,,,,0.557,129,False
G000561,L000610,P00376,HS05,B,2026-10-10T12:25:40+07:00,1,tool,xem_lich_thi,"{""mon"": ""tin""}",thanh_cong,,,,0.915,130,False
G000562,L000611,P00377,HS20,A,2026-10-10T18:34:08+07:00,1,tool,doc_tai_lieu,"{""ten_file"": ""noi_quy.txt""}",thanh_cong,,,,1.323,7590,False
G000563,L000613,P00378,HS31,A,2026-10-10T21:07:02+07:00,1,tool,tkb,"{""ngay"": ""thứ hai""}",tra_ve_rong,,,0,0.34,4,False
G000564,L000614,P00379,HS34,B,2026-10-10T20:58:27+07:00,1,tool,xem_tkb,"{""ngay"": ""t5""}",thanh_cong,,,,0.458,251,True
G000565,L000615,P00380,HS39,A,2026-10-10T20:13:55+07:00,1,tool,doc_tai_lieu,"{""ten_file"": ""../du_lieu_ngoai/bi_mat.txt""}",thanh_cong,,,,0.448,230,False
G000566,L000616,P00380,HS39,A,2026-10-10T20:14:26+07:00,1,tool,tkb,"{""ngay"": ""hôm thứ Hai""}",tra_ve_rong,,,0,0.266,4,False
G000567,L000617,P00381,HS39,A,2026-10-10T16:20:55+07:00,1,tool,tkb,"{""ngay"": ""T4""}",tra_ve_rong,,,0,0.541,4,False
G000568,L000617,P00381,HS39,A,2026-10-10T16:20:56+07:00,2,tool,tkb,"{""ngay"": ""t4""}",thanh_cong,,,,0.494,51,False
G000569,L000618,P00381,HS39,A,2026-10-10T16:21:22+07:00,1,tool,tkb,"{""ngay"": ""ngày mai""}",tra_ve_rong,,,0,0.821,4,False
G000570,L000619,P00382,HS01,B,2026-10-11T21:15:01+07:00,1,resource,lop://noi-quy,,thanh_cong,,,,1.282,7590,False
G000571,L000620,P00383,HS01,B,2026-10-11T14:01:26+07:00,1,tool,xem_tkb,"{""ngay"": ""t3""}",thanh_cong,,,,0.686,129,False
G000572,L000621,P00384,HS01,B,2026-10-11T17:08:11+07:00,1,tool,xem_tkb,"{""ngay"": ""t5""}",thanh_cong,,,,0.756,251,True
G000573,L000622,P00384,HS01,B,2026-10-11T17:08:47+07:00,1,tool,xem_lich_thi,"{""mon"": ""toan""}",thanh_cong,,,,0.525,130,False
G000574,L000623,P00384,HS01,B,2026-10-11T17:09:46+07:00,1,tool,xem_tkb,"{""ngay"": ""t2""}",thanh_cong,,,,0.56,111,False
G000575,L000624,P00384,HS01,B,2026-10-11T17:10:00+07:00,1,tool,xem_tkb,"{""ngay"": ""t2""}",thanh_cong,,,,0.468,111,False
G000576,L000625,P00385,HS03,A,2026-10-11T17:17:36+07:00,1,tool,diem_tb,"{""diem"": [{""diem"": 8.75, ""he_so"": 3}, {""diem"": 10.0, ""he_so"": 1}, {""diem"": 5.5, ""he_so"": 1}, {""diem"": 6.25, ""he_so"": 3}]}",thanh_cong,,,,0.522,6,False
G000577,L000626,P00385,HS03,A,2026-10-11T17:18:10+07:00,1,tool,tkb,"{""ngay"": ""thứ 4""}",tra_ve_rong,,,0,0.796,4,False
G000578,L000627,P00385,HS03,A,2026-10-11T17:18:46+07:00,1,tool,diem_tb,"{""diem"": [{""diem"": 7.75, ""he_so"": 1}, {""diem"": 6.75, ""he_so"": 1}, {""diem"": 7.25, ""he_so"": 1}]}",thanh_cong,,,,0.638,6,False
G000579,L000628,P00386,HS17,B,2026-10-11T20:45:55+07:00,1,tool,xem_tkb,"{""ngay"": ""t2""}",thanh_cong,,,,0.535,111,False
G000580,L000629,P00387,HS17,B,2026-10-11T10:05:11+07:00,1,tool,xem_tkb,"{""ngay"": ""thứ tư""}",loi_xac_thuc,ValidationError,"Error executing tool xem_tkb: 1 validation error for xem_tkbArguments
ngay
  Input should be 't2', 't3', 't4', 't5' or 't6' [input_value=""thứ tư""]",2,0.345,210,False
G000581,L000629,P00387,HS17,B,2026-10-11T10:05:13+07:00,2,tool,xem_tkb,"{""ngay"": ""t4""}",thanh_cong,,,,0.497,111,False
G000582,L000631,P00388,HS19,B,2026-10-11T22:11:41+07:00,1,tool,xem_tkb,"{""ngay"": ""t2""}",thanh_cong,,,,0.94,111,False
G000583,L000632,P00388,HS19,B,2026-10-11T22:12:08+07:00,1,tool,xem_tkb,"{""ngay"": ""<chuỗi 9641 ký tự>""}",loi_xac_thuc,ValidationError,"Error executing tool xem_tkb: 1 validation error for xem_tkbArguments
ngay
  Input should be 't2', 't3', 't4', 't5' or 't6' [input_value=""xxxx""]",2,0.454,260,False
G000584,L000633,P00389,HS19,B,2026-10-11T12:23:46+07:00,1,tool,xem_tkb,"{""ngay"": ""<chuỗi 9508 ký tự>""}",loi_xac_thuc,ValidationError,"Error executing tool xem_tkb: 1 validation error for xem_tkbArguments
ngay
  Input should be 't2', 't3', 't4', 't5' or 't6' [input_value=""xxxx""]",2,0.323,260,False
G000585,L000635,P00391,HS20,A,2026-10-11T22:23:27+07:00,1,tool,doc_tai_lieu,"{""ten_file"": ""noi_quy.txt""}",thanh_cong,,,,1.226,7590,False
G000586,L000636,P00392,HS22,A,2026-10-11T15:08:10+07:00,1,tool,lich_thi,"{""mon"": ""Ngữ văn""}",loi_ngoai_le,Exception,Error executing tool lich_thi: Error,0,0.936,36,False
G000587,L000637,P00393,HS23,A,2026-10-11T23:25:24+07:00,1,tool,lich_thi,"{""mon"": ""toan""}",thanh_cong,,,,0.789,110,False
G000588,L000638,P00394,HS23,A,2026-10-11T22:48:20+07:00,1,tool,lich_thi,"{""mon"": ""Tin học""}",loi_ngoai_le,Exception,Error executing tool lich_thi: Error,0,0.503,36,False
G000589,L000639,P00395,HS23,A,2026-10-11T20:49:13+07:00,1,tool,diem_tb,"{""diem"": [{""diem"": 4.25, ""he_so"": 1}, {""diem"": 5.25, ""he_so"": 2}, {""diem"": 10.0, ""he_so"": 1}, {""diem"": 6.5, ""he_so"": 1}, {""diem"": 8.5, ""he_so"": 1}, {""diem"": 4.5, ""he_so"": 1}]}",thanh_cong,,,,0.575,6,False
G000590,L000640,P00395,HS23,A,2026-10-11T20:49:32+07:00,1,tool,tkb,"{""ngay"": ""t6""}",thanh_cong,,,,0.394,65,False
G000591,L000641,P00396,HS23,A,2026-10-11T22:38:30+07:00,1,tool,tkb,"{""ngay"": ""thứ 3""}",tra_ve_rong,,,0,0.842,4,False
G000592,L000642,P00397,HS27,A,2026-10-11T17:40:30+07:00,1,tool,lich_thi,"{""mon"": ""môn Tin""}",loi_ngoai_le,Exception,Error executing tool lich_thi: Error,0,0.645,36,False
G000593,L000643,P00397,HS27,A,2026-10-11T17:40:45+07:00,1,tool,doc_tai_lieu,"{""ten_file"": ""noi_quy.txt""}",thanh_cong,,,,0.971,7590,False
G000594,L000644,P00398,HS30,A,2026-10-11T20:28:36+07:00,1,tool,tkb,"{""ngay"": ""t2""}",thanh_cong,,,,0.58,51,False
G000595,L000645,P00398,HS30,A,2026-10-11T20:29:23+07:00,1,tool,tkb,"{""ngay"": ""T3""}",tra_ve_rong,,,0,0.512,4,False
G000596,L000646,P00399,HS32,A,2026-10-11T20:56:51+07:00,1,tool,doc_tai_lieu,"{""ten_file"": ""thoi_khoa_bieu.json""}",thanh_cong,,,,0.796,241,False
G000597,L000646,P00399,HS32,A,2026-10-11T20:56:53+07:00,2,tool,doc_tai_lieu,"{""ten_file"": ""diem.json""}",loi_ngoai_le,FileNotFoundError,Error executing tool doc_tai_lieu: [Errno 2] No such file or directory,1,0.537,110,False
G000598,L000647,P00399,HS32,A,2026-10-11T20:57:02+07:00,1,tool,tkb,"{""ngay"": ""t4""}",thanh_cong,,,,1.339,51,False
G000599,L000649,P00400,HS34,B,2026-10-11T21:19:04+07:00,1,tool,tinh_diem_tb,"{""cac_diem"": [{""diem"": 10.0, ""he_so"": 1}, {""diem"": 8.0, ""he_so"": 1}]}",thanh_cong,,,,0.58,95,False
G000600,L000650,P00401,HS39,A,2026-10-11T23:13:51+07:00,1,tool,tkb,"{""ngay"": ""t2""}",thanh_cong,,,,0.763,51,False
G000601,L000651,P00401,HS39,A,2026-10-11T23:14:09+07:00,1,tool,diem_tb,"{""diem"": [{""diem"": 4.25, ""he_so"": 3}, {""diem"": 4.25, ""he_so"": 1}, {""diem"": 4.25, ""he_so"": 1}, {""diem"": 10.0, ""he_so"": 3}]}",thanh_cong,,,,0.953,6,False
G000602,L000652,P00402,HS39,A,2026-10-11T21:03:07+07:00,1,tool,lich_thi,"{""mon"": ""Tin học""}",loi_ngoai_le,Exception,Error executing tool lich_thi: Error,0,1.238,36,False
G000603,L000653,P00403,HS04,A,2026-10-12T12:49:56+07:00,1,tool,tkb,"{""ngay"": ""t3""}",thanh_cong,,,,0.541,69,False
G000604,L000654,P00403,HS04,A,2026-10-12T12:50:22+07:00,1,tool,tkb,"{""ngay"": ""t3""}",thanh_cong,,,,0.574,69,False
G000605,L000655,P00404,HS06,A,2026-10-12T12:04:14+07:00,1,tool,tkb,"{""ngay"": ""thứ 4""}",tra_ve_rong,,,0,0.621,4,False
G000606,L000655,P00404,HS06,A,2026-10-12T12:04:15+07:00,2,tool,tkb,"{""ngay"": ""t4""}",thanh_cong,,,,0.284,51,False
G000607,L000656,P00404,HS06,A,2026-10-12T12:04:41+07:00,1,tool,tkb,"{""ngay"": ""thứ ba""}",tra_ve_rong,,,0,0.472,4,False
G000608,L000657,P00404,HS06,A,2026-10-12T12:05:04+07:00,1,tool,tkb,"{""ngay"": ""t4""}",thanh_cong,,,,0.394,51,False
G000609,L000659,P00405,HS06,A,2026-10-12T20:30:45+07:00,1,tool,tkb,"{""ngay"": ""t4""}",thanh_cong,,,,0.467,51,False
G000610,L000660,P00406,HS08,B,2026-10-12T20:24:47+07:00,1,tool,xem_lich_thi,"{""mon"": ""toan""}",thanh_cong,,,,0.713,130,False
G000611,L000661,P00406,HS08,B,2026-10-12T20:25:30+07:00,1,tool,tinh_diem_tb,"{""cac_diem"": [{""diem"": 9.25, ""he_so"": 1}, {""diem"": 9.5, ""he_so"": 3}, {""diem"": 8.0, ""he_so"": 1}, {""diem"": 6.5, ""he_so"": 0}, {""diem"": 6.75, ""he_so"": 3}]}",loi_xac_thuc,ValidationError,"Error executing tool tinh_diem_tb: 1 validation error for tinh_diem_tbArguments
cac_diem.0.he_so
  Input should be 1, 2 or 3 [input_value=""?""]",2,0.402,230,False
G000612,L000662,P00407,HS12,B,2026-10-12T16:40:34+07:00,1,tool,xem_lich_thi,"{""mon"": ""tin""}",thanh_cong,,,,1.199,130,False
G000613,L000663,P00408,HS15,B,2026-10-12T12:49:42+07:00,1,tool,tinh_diem_tb,"{""cac_diem"": [{""diem"": 9.75, ""he_so"": 2}, {""diem"": 10.0, ""he_so"": 2}, {""diem"": 6.25, ""he_so"": 1}, {""diem"": 6.0, ""he_so"": 3}, {""diem"": 8.5, ""he_so"": 2}, {""diem"": 5.5, ""he_so"": 1}]}",thanh_cong,,,,0.788,95,False
G000614,L000664,P00408,HS15,B,2026-10-12T12:50:12+07:00,1,tool,tinh_diem_tb,"{""cac_diem"": [{""diem"": 4.75, ""he_so"": 2}, {""diem"": 9.75, ""he_so"": 2}, {""diem"": 6.25, ""he_so"": 2}, {""diem"": 4.25, ""he_so"": 2}, {""diem"": 8.0, ""he_so"": 2}, {""diem"": 5.0, ""he_so"": 1}]}",thanh_cong,,,,0.848,95,False
G000615,L000665,P00409,HS23,A,2026-10-12T06:59:21+07:00,1,tool,diem_tb,"{""diem"": [{""diem"": 7.25, ""he_so"": 1}, {""diem"": 9.75, ""he_so"": 1}, {""diem"": 7.25, ""he_so"": 1}]}",thanh_cong,,,,0.63,6,False
G000616,L000667,P00410,HS26,B,2026-10-12T22:07:31+07:00,1,tool,xem_tkb,"{""ngay"": ""t3""}",thanh_cong,,,,0.521,129,False
G000617,L000668,P00410,HS26,B,2026-10-12T22:07:41+07:00,1,tool,xem_lich_thi,"{""mon"": ""toan""}",thanh_cong,,,,0.722,130,False
G000618,L000669,P00410,HS26,B,2026-10-12T22:08:37+07:00,1,tool,tinh_diem_tb,"{""cac_diem"": [{""diem"": 9.25, ""he_so"": 1}, {""diem"": 5.75, ""he_so"": 2}, {""diem"": 9.75, ""he_so"": 2}, {""diem"": 7.25, ""he_so"": 1}, {""diem"": 85, ""he_so"": 1}, {""diem"": 7.0, ""he_so"": 3}]}",loi_xac_thuc,ValidationError,"Error executing tool tinh_diem_tb: 1 validation error for tinh_diem_tbArguments
cac_diem.0.diem
  Input should be less than or equal to 10 [input_value=""?""]",2,0.561,230,False
G000619,L000670,P00411,HS26,B,2026-10-12T12:48:19+07:00,1,tool,xem_tkb,"{""ngay"": ""t6""}",thanh_cong,,,,0.523,125,False
G000620,L000671,P00411,HS26,B,2026-10-12T12:48:29+07:00,1,tool,xem_tkb,"{""ngay"": ""t3""}",thanh_cong,,,,0.587,129,False
G000621,L000672,P00411,HS26,B,2026-10-12T12:49:22+07:00,1,resource,lop://noi-quy,,thanh_cong,,,,0.832,7590,False
G000622,L000673,P00411,HS26,B,2026-10-12T12:49:52+07:00,1,tool,xem_tkb,"{""ngay"": ""t3""}",thanh_cong,,,,0.468,129,False
G000623,L000674,P00412,HS29,B,2026-10-12T10:47:31+07:00,1,tool,xem_lich_thi,"{""mon"": ""tin""}",thanh_cong,,,,0.526,130,False
G000624,L000676,P00413,HS33,A,2026-10-12T19:00:24+07:00,1,tool,tkb,"{""ngay"": ""thứ tư""}",tra_ve_rong,,,0,0.794,4,False
G000625,L000677,P00414,HS34,B,2026-10-12T21:12:48+07:00,1,tool,xem_lich_thi,"{""mon"": ""ly""}",loi_xac_thuc,ValidationError,"Error executing tool xem_lich_thi: 1 validation error for xem_lich_thiArguments
mon
  Input should be 'toan', 'tin' or 'van' [input_value=""ly""]",2,0.422,200,False
G000626,L000678,P00414,HS34,B,2026-10-12T21:12:54+07:00,1,tool,xem_lich_thi,"{""mon"": ""Ngữ văn""}",loi_xac_thuc,ValidationError,"Error executing tool xem_lich_thi: 1 validation error for xem_lich_thiArguments
mon
  Input should be 'toan', 'tin' or 'van' [input_value=""Ngữ văn""]",2,0.373,200,False
G000627,L000678,P00414,HS34,B,2026-10-12T21:12:55+07:00,2,tool,xem_lich_thi,"{""mon"": ""van""}",thanh_cong,,,,0.981,130,False
G000628,L000679,P00414,HS34,B,2026-10-12T21:13:26+07:00,1,tool,xem_lich_thi,"{""mon"": ""tin""}",thanh_cong,,,,0.537,130,False
G000629,L000680,P00415,HS40,A,2026-10-12T12:17:55+07:00,1,tool,tkb,"{""ngay"": ""t5""}",thanh_cong,,,,0.462,191,True
G000630,L000681,P00416,HS02,B,2026-10-13T20:56:31+07:00,1,tool,xem_tkb,"{""ngay"": ""t4""}",thanh_cong,,,,0.732,111,False
G000631,L000682,P00416,HS02,B,2026-10-13T20:56:57+07:00,1,tool,xem_lich_thi,"{""mon"": ""toan""}",thanh_cong,,,,0.646,130,False
G000632,L000683,P00416,HS02,B,2026-10-13T20:57:16+07:00,1,tool,tinh_diem_tb,"{""cac_diem"": [{""diem"": 8.5, ""he_so"": 2}, {""diem"": 6.25, ""he_so"": 1}, {""diem"": 5.5, ""he_so"": 1}]}",thanh_cong,,,,0.823,95,False
G000633,L000684,P00416,HS02,B,2026-10-13T20:57:46+07:00,1,tool,xem_lich_thi,"{""mon"": ""toan""}",thanh_cong,,,,0.431,130,False
G000634,L000685,P00417,HS03,A,2026-10-13T20:06:22+07:00,1,tool,doc_tai_lieu,"{""ten_file"": ""noi_quy.txt""}",thanh_cong,,,,0.686,7590,False
G000635,L000686,P00417,HS03,A,2026-10-13T20:06:47+07:00,1,tool,diem_tb,"{""diem"": [{""diem"": 10.0, ""he_so"": 1}, {""diem"": 6.5, ""he_so"": 1}, {""diem"": 5.25, ""he_so"": 3}]}",thanh_cong,,,,0.438,6,False
G000636,L000687,P00418,HS03,A,2026-10-13T12:50:35+07:00,1,tool,lich_thi,"{""mon"": ""môn toán""}",loi_ngoai_le,Exception,Error executing tool lich_thi: Error,0,0.56,36,False
G000637,L000688,P00418,HS03,A,2026-10-13T12:51:30+07:00,1,tool,doc_tai_lieu,"{""ten_file"": ""noiquy.txt""}",loi_ngoai_le,FileNotFoundError,Error executing tool doc_tai_lieu: [Errno 2] No such file or directory: '.../du_lieu/noiquy.txt',1,0.589,120,False
G000638,L000688,P00418,HS03,A,2026-10-13T12:51:31+07:00,2,tool,doc_tai_lieu,"{""ten_file"": ""noi_quy.txt""}",thanh_cong,,,,0.987,7590,False
G000639,L000689,P00419,HS12,B,2026-10-13T20:27:20+07:00,1,tool,xem_tkb,"{""ngay"": ""t4""}",thanh_cong,,,,0.257,111,False
G000640,L000690,P00420,HS16,B,2026-10-13T07:41:13+07:00,1,tool,tinh_diem_tb,"{""cac_diem"": [{""diem"": 4.75, ""he_so"": 1}, {""diem"": 5.25, ""he_so"": 1}, {""diem"": 6.5, ""he_so"": 2}]}",thanh_cong,,,,0.871,95,False
G000641,L000691,P00420,HS16,B,2026-10-13T07:42:06+07:00,1,tool,xem_lich_thi,"{""mon"": ""hoa""}",loi_xac_thuc,ValidationError,"Error executing tool xem_lich_thi: 1 validation error for xem_lich_thiArguments
mon
  Input should be 'toan', 'tin' or 'van' [input_value=""hoa""]",2,0.454,200,False
G000642,L000693,P00422,HS16,B,2026-10-13T16:41:42+07:00,1,resource,lop://noi-quy,,thanh_cong,,,,0.691,7590,False
G000643,L000694,P00423,HS19,B,2026-10-13T13:57:04+07:00,1,tool,xem_lich_thi,"{""mon"": ""van""}",thanh_cong,,,,0.671,130,False
G000644,L000695,P00423,HS19,B,2026-10-13T13:57:33+07:00,1,tool,xem_tkb,"{""ngay"": ""t5""}",thanh_cong,,,,0.4,251,True
G000645,L000696,P00424,HS20,A,2026-10-13T21:54:22+07:00,1,tool,tkb,"{""ngay"": ""thứ tư""}",tra_ve_rong,,,0,0.358,4,False
G000646,L000697,P00424,HS20,A,2026-10-13T21:54:51+07:00,1,tool,lich_thi,"{""mon"": ""van""}",thanh_cong,,,,0.654,110,False
G000647,L000698,P00425,HS22,A,2026-10-13T12:21:01+07:00,1,tool,lich_thi,"{""mon"": ""Toán""}",loi_ngoai_le,Exception,Error executing tool lich_thi: Error,0,0.657,36,False
G000648,L000699,P00425,HS22,A,2026-10-13T12:21:16+07:00,1,tool,diem_tb,"{""diem"": [{""diem"": 6.25, ""he_so"": 1}, {""diem"": 9.75, ""he_so"": 1}, {""diem"": 4.25, ""he_so"": 1}, {""diem"": 4.5, ""he_so"": 2}, {""diem"": 4.75, ""he_so"": 2}, {""diem"": 5.0, ""he_so"": 1}]}",thanh_cong,,,,0.641,6,False
G000649,L000700,P00426,HS24,B,2026-10-13T22:23:26+07:00,1,tool,xem_tkb,"{""ngay"": ""t4""}",thanh_cong,,,,0.616,111,False
G000650,L000702,P00426,HS24,B,2026-10-13T22:24:00+07:00,1,tool,xem_tkb,"{""ngay"": ""t4""}",thanh_cong,,,,0.5,111,False
G000651,L000703,P00427,HS25,A,2026-10-13T20:40:15+07:00,1,tool,lich_thi,"{""mon"": ""môn toán""}",loi_ngoai_le,Exception,Error executing tool lich_thi: Error,0,0.283,36,False
G000652,L000704,P00427,HS25,A,2026-10-13T20:40:36+07:00,1,tool,doc_tai_lieu,"{""ten_file"": ""noi_quy.txt""}",thanh_cong,,,,0.614,7590,False
G000653,L000705,P00428,HS28,B,2026-10-13T13:53:38+07:00,1,tool,xem_lich_thi,"{""mon"": ""van""}",thanh_cong,,,,1.328,130,False
G000654,L000706,P00428,HS28,B,2026-10-13T13:53:59+07:00,1,tool,xem_lich_thi,"{""mon"": ""sinh""}",loi_xac_thuc,ValidationError,"Error executing tool xem_lich_thi: 1 validation error for xem_lich_thiArguments
mon
  Input should be 'toan', 'tin' or 'van' [input_value=""sinh""]",2,0.463,200,False
G000655,L000707,P00429,HS33,A,2026-10-13T06:57:39+07:00,1,tool,lich_thi,"{""mon"": ""lý""}",loi_ngoai_le,Exception,Error executing tool lich_thi: Error,0,0.398,36,False
G000656,L000708,P00429,HS33,A,2026-10-13T06:58:05+07:00,1,tool,tkb,"{""ngay"": ""t3""}",thanh_cong,,,,0.548,69,False
G000657,L000709,P00430,HS34,B,2026-10-13T20:33:45+07:00,1,tool,xem_tkb,"{""ngay"": ""t6""}",thanh_cong,,,,0.499,125,False
G000658,L000711,P00431,HS35,A,2026-10-13T23:54:51+07:00,1,tool,tkb,"{""ngay"": ""thứ 6""}",tra_ve_rong,,,0,0.653,4,False
G000659,L000711,P00431,HS35,A,2026-10-13T23:54:53+07:00,2,tool,tkb,"{""ngay"": ""t6""}",thanh_cong,,,,0.341,65,False
G000660,L000712,P00432,HS37,B,2026-10-13T21:14:59+07:00,1,tool,xem_tkb,"{""ngay"": ""t6""}",thanh_cong,,,,1.225,125,False
G000661,L000713,P00433,HS38,B,2026-10-13T13:24:06+07:00,1,tool,xem_lich_thi,"{""mon"": ""toan""}",thanh_cong,,,,0.651,130,False
G000662,L000714,P00434,HS39,A,2026-10-13T23:22:28+07:00,1,tool,lich_thi,"{""mon"": ""Vật lí""}",loi_ngoai_le,Exception,Error executing tool lich_thi: Error,0,0.564,36,False
G000663,L000715,P00435,HS06,A,2026-10-14T20:31:11+07:00,1,tool,diem_tb,"{""diem"": [{""diem"": 5.5, ""he_so"": 3}, {""diem"": 11, ""he_so"": 2}]}",thanh_cong,,,,0.271,6,False
G000664,L000716,P00435,HS06,A,2026-10-14T20:31:31+07:00,1,tool,diem_tb,"{""diem"": [{""diem"": 8.5, ""he_so"": 1}, {""diem"": 6.5, ""he_so"": 1}, {""diem"": 8.0, ""he_so"": 1}, {""diem"": 8.0, ""he_so"": 1}, {""diem"": 8.5, ""he_so"": 1}]}",thanh_cong,,,,0.525,6,False
G000665,L000717,P00436,HS07,B,2026-10-14T06:05:07+07:00,1,tool,xem_tkb,"{""ngay"": ""t4""}",thanh_cong,,,,0.872,111,False
G000666,L000718,P00437,HS08,B,2026-10-14T07:59:05+07:00,1,resource,lop://noi-quy,,thanh_cong,,,,1.546,7590,False
G000667,L000720,P00437,HS08,B,2026-10-14T07:59:52+07:00,1,tool,xem_tkb,"{""ngay"": ""t5""}",thanh_cong,,,,0.284,251,True
G000668,L000721,P00438,HS09,B,2026-10-14T21:43:21+07:00,1,tool,xem_tkb,"{""ngay"": ""t5""}",thanh_cong,,,,0.559,251,True
G000669,L000722,P00438,HS09,B,2026-10-14T21:43:47+07:00,1,tool,xem_tkb,"{""ngay"": ""t4""}",thanh_cong,,,,0.649,111,False
G000670,L000723,P00439,HS12,B,2026-10-14T17:13:11+07:00,1,tool,xem_lich_thi,"{""mon"": ""toan""}",thanh_cong,,,,0.538,130,False
G000671,L000724,P00440,HS12,B,2026-10-14T14:38:02+07:00,1,tool,xem_tkb,"{""ngay"": ""t6""}",thanh_cong,,,,0.956,125,False
G000672,L000726,P00440,HS12,B,2026-10-14T14:39:33+07:00,1,tool,xem_lich_thi,"{""mon"": ""tin""}",thanh_cong,,,,0.586,130,False
G000673,L000728,P00440,HS12,B,2026-10-14T14:40:44+07:00,1,tool,tinh_diem_tb,"{""cac_diem"": [{""diem"": 4.75, ""he_so"": 2}, {""diem"": 7.0, ""he_so"": 1}, {""diem"": 6.25, ""he_so"": 3}]}",thanh_cong,,,,0.671,95,False
G000674,L000729,P00441,HS12,B,2026-10-14T11:21:27+07:00,1,tool,tinh_diem_tb,"{""cac_diem"": [{""diem"": 9.25, ""he_so"": 2}, {""diem"": 8.25, ""he_so"": 2}, {""diem"": 4.75, ""he_so"": 1}, {""diem"": 8.25, ""he_so"": 1}]}",thanh_cong,,,,0.504,95,False
G000675,L000730,P00441,HS12,B,2026-10-14T11:22:04+07:00,1,tool,xem_lich_thi,"{""mon"": ""van""}",thanh_cong,,,,0.499,130,False
G000676,L000731,P00442,HS20,A,2026-10-14T13:11:11+07:00,1,tool,lich_thi,"{""mon"": ""toan""}",thanh_cong,,,,0.413,110,False
G000677,L000732,P00442,HS20,A,2026-10-14T13:11:36+07:00,1,tool,tkb,"{""ngay"": ""t4""}",thanh_cong,,,,0.759,51,False
G000678,L000733,P00443,HS38,B,2026-10-14T06:53:19+07:00,1,tool,tinh_diem_tb,"{""cac_diem"": [{""diem"": 8.25, ""he_so"": 2}, {""diem"": -1, ""he_so"": 1}]}",loi_xac_thuc,ValidationError,"Error executing tool tinh_diem_tb: 1 validation error for tinh_diem_tbArguments
cac_diem.0.diem
  Input should be greater than or equal to 0 [input_value=""?""]",2,0.361,230,False
G000679,L000734,P00443,HS38,B,2026-10-14T06:54:05+07:00,1,tool,xem_lich_thi,"{""mon"": ""toan""}",thanh_cong,,,,0.423,130,False
G000680,L000735,P00443,HS38,B,2026-10-14T06:54:29+07:00,1,tool,xem_lich_thi,"{""mon"": ""toan""}",thanh_cong,,,,0.892,130,False
G000681,L000736,P00444,HS39,A,2026-10-14T05:11:56+07:00,1,tool,lich_thi,"{""mon"": ""môn Văn""}",loi_ngoai_le,Exception,Error executing tool lich_thi: Error,0,0.59,36,False
G000682,L000736,P00444,HS39,A,2026-10-14T05:11:57+07:00,2,tool,lich_thi,"{""mon"": ""van""}",thanh_cong,,,,0.741,110,False
G000683,L000737,P00445,HS40,A,2026-10-14T17:05:29+07:00,1,tool,tkb,"{""ngay"": ""thứ 7""}",tra_ve_rong,,,0,0.529,4,False
G000684,L000738,P00446,HS04,A,2026-10-15T14:05:02+07:00,1,tool,luu_ghi_chu,"{""noi_dung"": ""đổi phòng thi Toán sang P.305.""}",thanh_cong,,,,0.592,2,False
G000685,L000739,P00447,HS05,B,2026-10-15T21:41:21+07:00,1,tool,xem_lich_thi,"{""mon"": ""tin""}",thanh_cong,,,,0.698,130,False
G000686,L000740,P00448,HS05,B,2026-10-15T12:01:31+07:00,1,resource,lop://noi-quy,,thanh_cong,,,,2.554,7590,False
G000687,L000741,P00449,HS11,A,2026-10-15T22:51:58+07:00,1,tool,lich_thi,"{""mon"": ""tin""}",thanh_cong,,,,0.753,110,False
G000688,L000742,P00449,HS11,A,2026-10-15T22:52:38+07:00,1,tool,doc_tai_lieu,"{""ten_file"": ""bang_diem.csv""}",loi_ngoai_le,FileNotFoundError,Error executing tool doc_tai_lieu: [Errno 2] No such file or directory: '.../du_lieu/bang_diem.csv',1,0.716,120,False
G000689,L000743,P00449,HS11,A,2026-10-15T22:53:05+07:00,1,tool,lich_thi,"{""mon"": ""toan""}",thanh_cong,,,,0.36,110,False
G000690,L000744,P00450,HS12,B,2026-10-15T15:33:55+07:00,1,tool,xem_tkb,"{""ngay"": ""t5""}",thanh_cong,,,,0.461,251,True
G000691,L000745,P00450,HS12,B,2026-10-15T15:34:32+07:00,1,resource,lop://noi-quy,,thanh_cong,,,,1.183,7590,False
G000692,L000747,P00452,HS14,A,2026-10-15T15:38:01+07:00,1,tool,diem_tb,"{""diem"": [{""diem"": 8.5, ""he_so"": 3}, {""diem"": 6.75, ""he_so"": 2}, {""diem"": 5.0, ""he_so"": 2}, {""diem"": 6.75, ""he_so"": 1}, {""diem"": 4.0, ""he_so"": 1}, {""diem"": 4.25, ""he_so"": 3}]}",thanh_cong,,,,0.655,6,False
G000693,L000748,P00452,HS14,A,2026-10-15T15:38:21+07:00,1,tool,diem_tb,"{""diem"": [{""diem"": 6.5, ""he_so"": 3}, {""diem"": 9.75, ""he_so"": 2}, {""diem"": 6.0, ""he_so"": 3}, {""diem"": 9.0, ""he_so"": 2}, {""diem"": 9.75, ""he_so"": 1}]}",thanh_cong,,,,0.446,6,False
G000694,L000750,P00453,HS15,B,2026-10-15T23:25:29+07:00,1,tool,xem_lich_thi,"{""mon"": ""van""}",thanh_cong,,,,0.408,130,False
G000695,L000751,P00454,HS26,B,2026-10-15T18:36:14+07:00,1,tool,tinh_diem_tb,"{""cac_diem"": [{""diem"": 7.25, ""he_so"": 1}, {""diem"": 5.25, ""he_so"": 1}, {""diem"": 8.0, ""he_so"": 1}, {""diem"": 8.5, ""he_so"": 2}]}",thanh_cong,,,,1.129,95,False
G000696,L000752,P00455,HS27,A,2026-10-15T16:46:57+07:00,1,tool,diem_tb,"{""diem"": [{""diem"": 5.25, ""he_so"": 1}, {""diem"": 6.0, ""he_so"": 3}]}",thanh_cong,,,,0.751,6,False
G000697,L000753,P00456,HS31,A,2026-10-15T09:06:18+07:00,1,tool,diem_tb,"{""diem"": [{""diem"": 5.5, ""he_so"": 1}, {""diem"": 4.25, ""he_so"": 2}, {""diem"": 6.0, ""he_so"": 1}, {""diem"": 9.5, ""he_so"": 1}]}",thanh_cong,,,,0.409,6,False
G000698,L000755,P00457,HS32,A,2026-10-15T21:32:38+07:00,1,tool,tkb,"{""ngay"": ""thứ sáu""}",tra_ve_rong,,,0,0.493,4,False
G000699,L000755,P00457,HS32,A,2026-10-15T21:32:39+07:00,2,tool,tkb,"{""ngay"": ""t6""}",thanh_cong,,,,1.614,65,False
G000700,L000757,P00459,HS01,B,2026-10-16T21:37:07+07:00,1,tool,xem_lich_thi,"{""mon"": ""hoa""}",loi_xac_thuc,ValidationError,"Error executing tool xem_lich_thi: 1 validation error for xem_lich_thiArguments
mon
  Input should be 'toan', 'tin' or 'van' [input_value=""hoa""]",2,0.433,200,False
G000701,L000758,P00459,HS01,B,2026-10-16T21:37:31+07:00,1,tool,xem_lich_thi,"{""mon"": ""toan""}",thanh_cong,,,,0.455,130,False
G000702,L000759,P00460,HS02,B,2026-10-16T17:45:57+07:00,1,resource,lop://noi-quy,,thanh_cong,,,,0.592,7590,False
G000703,L000760,P00461,HS02,B,2026-10-16T06:28:44+07:00,1,tool,xem_tkb,"{""ngay"": ""t3""}",thanh_cong,,,,0.911,129,False
G000704,L000761,P00462,HS04,A,2026-10-16T21:09:51+07:00,1,tool,lich_thi,"{""mon"": ""lý""}",loi_ngoai_le,Exception,Error executing tool lich_thi: Error,0,0.877,36,False
G000705,L000762,P00462,HS04,A,2026-10-16T21:10:31+07:00,1,tool,lich_thi,"{""mon"": ""tin""}",thanh_cong,,,,1.126,110,False
G000706,L000763,P00463,HS07,B,2026-10-16T23:26:52+07:00,1,tool,xem_tkb,"{""ngay"": ""t7""}",loi_xac_thuc,ValidationError,"Error executing tool xem_tkb: 1 validation error for xem_tkbArguments
ngay
  Input should be 't2', 't3', 't4', 't5' or 't6' [input_value=""t7""]",2,0.968,210,False
G000707,L000765,P00465,HS16,B,2026-10-16T21:41:37+07:00,1,tool,xem_lich_thi,"{""mon"": ""tin""}",thanh_cong,,,,0.689,130,False
G000708,L000767,P00467,HS20,A,2026-10-16T19:21:03+07:00,1,tool,diem_tb,"{""diem"": [{""diem"": 9.0, ""he_so"": 1}, {""diem"": 8.0, ""he_so"": 1}, {""diem"": 6.0, ""he_so"": 2}, {""diem"": 7.25, ""he_so"": 3}]}",thanh_cong,,,,0.582,6,False
G000709,L000768,P00467,HS20,A,2026-10-16T19:22:17+07:00,1,tool,doc_tai_lieu,"{""ten_file"": ""noi_quy.txt""}",thanh_cong,,,,0.726,7590,False
G000710,L000769,P00468,HS24,B,2026-10-16T19:50:39+07:00,1,tool,xem_tkb,"{""ngay"": ""t7""}",loi_xac_thuc,ValidationError,"Error executing tool xem_tkb: 1 validation error for xem_tkbArguments
ngay
  Input should be 't2', 't3', 't4', 't5' or 't6' [input_value=""t7""]",2,0.62,210,False
G000711,L000770,P00468,HS24,B,2026-10-16T19:51:12+07:00,1,tool,xem_tkb,"{""ngay"": ""t2""}",thanh_cong,,,,0.705,111,False
G000712,L000771,P00468,HS24,B,2026-10-16T19:52:06+07:00,1,tool,xem_lich_thi,"{""mon"": ""tin""}",thanh_cong,,,,0.562,130,False
G000713,L000772,P00468,HS24,B,2026-10-16T19:52:27+07:00,1,tool,xem_tkb,"{""ngay"": ""t2""}",thanh_cong,,,,0.591,111,False
G000714,L000773,P00469,HS24,B,2026-10-16T21:26:51+07:00,1,tool,tinh_diem_tb,"{""cac_diem"": [{""diem"": 6.5, ""he_so"": 2}, {""diem"": 8.25, ""he_so"": 1}, {""diem"": 8.25, ""he_so"": 1}, {""diem"": 8.5, ""he_so"": 3}, {""diem"": 7.75, ""he_so"": 1}, {""diem"": 7.75, ""he_so"": 2}]}",thanh_cong,,,,0.948,95,False
G000715,L000774,P00470,HS25,A,2026-10-16T13:51:04+07:00,1,tool,doc_tai_lieu,"{""ten_file"": ""bang_diem.csv""}",loi_ngoai_le,FileNotFoundError,Error executing tool doc_tai_lieu: [Errno 2] No such file or directory: '.../du_lieu/bang_diem.csv',1,0.566,120,False
G000716,L000775,P00471,HS39,A,2026-10-16T06:44:25+07:00,1,tool,diem_tb,"{""diem"": [{""diem"": 6.25, ""he_so"": 1}, {""diem"": 6.25, ""he_so"": 1}, {""diem"": 4.75, ""he_so"": 1}, {""diem"": 6.25, ""he_so"": 2}]}",thanh_cong,,,,0.553,6,False
G000717,L000777,P00473,HS40,A,2026-10-16T21:05:37+07:00,1,tool,doc_tai_lieu,"{""ten_file"": ""danh_ba_gv.txt""}",loi_ngoai_le,FileNotFoundError,Error executing tool doc_tai_lieu: [Errno 2] No such file or directory: '.../du_lieu/danh_ba_gv.txt',1,0.804,120,False
G000718,L000778,P00473,HS40,A,2026-10-16T21:06:06+07:00,1,tool,lich_thi,"{""mon"": ""toan""}",thanh_cong,,,,0.369,110,False
G000719,L000779,P00474,HS01,B,2026-10-17T16:17:45+07:00,1,tool,xem_tkb,"{""ngay"": ""t4""}",thanh_cong,,,,1.447,111,False
G000720,L000780,P00474,HS01,B,2026-10-17T16:17:54+07:00,1,tool,xem_tkb,"{""ngay"": ""t6""}",thanh_cong,,,,0.617,125,False
G000721,L000781,P00475,HS03,A,2026-10-17T17:43:25+07:00,1,tool,diem_tb,"{""diem"": [{""diem"": 7.0, ""he_so"": 2}, {""diem"": 7.75, ""he_so"": 1}, {""diem"": 6.75, ""he_so"": 1}, {""diem"": 4.25, ""he_so"": 1}, {""diem"": 6.25, ""he_so"": 2}, {""diem"": 7.75, ""he_so"": 2}]}",thanh_cong,,,,0.558,6,False
G000722,L000782,P00476,HS05,B,2026-10-17T21:51:20+07:00,1,tool,xem_lich_thi,"{""mon"": ""van""}",thanh_cong,,,,0.445,130,False
G000723,L000783,P00477,HS08,B,2026-10-17T22:35:16+07:00,1,tool,tinh_diem_tb,"{""cac_diem"": [{""diem"": 8.5, ""he_so"": 1}, {""diem"": 9.75, ""he_so"": 1}, {""diem"": 7.75, ""he_so"": 2}, {""diem"": 6.0, ""he_so"": 2}, {""diem"": 6.75, ""he_so"": 2}]}",thanh_cong,,,,0.873,95,False
G000724,L000785,P00478,HS12,B,2026-10-17T20:02:19+07:00,1,tool,xem_lich_thi,"{""mon"": ""toan""}",thanh_cong,,,,1.173,130,False
G000725,L000786,P00479,HS14,A,2026-10-17T14:54:08+07:00,1,tool,diem_tb,"{""diem"": [{""diem"": 4.25, ""he_so"": 1}, {""diem"": 4.0, ""he_so"": 2}, {""diem"": 5.75, ""he_so"": 1}]}",thanh_cong,,,,0.598,6,False
G000726,L000787,P00480,HS34,B,2026-10-17T19:11:39+07:00,1,tool,xem_lich_thi,"{""mon"": ""van""}",thanh_cong,,,,0.469,130,False
G000727,L000788,P00480,HS34,B,2026-10-17T19:12:59+07:00,1,tool,xem_tkb,"{""ngay"": ""t2""}",thanh_cong,,,,0.617,111,False
G000728,L000789,P00481,HS01,B,2026-10-18T20:46:28+07:00,1,resource,lop://noi-quy,,thanh_cong,,,,0.978,7590,False
G000729,L000790,P00482,HS03,A,2026-10-18T16:00:03+07:00,1,tool,tkb,"{""ngay"": ""thứ năm""}",tra_ve_rong,,,0,0.436,4,False
G000730,L000790,P00482,HS03,A,2026-10-18T16:00:05+07:00,2,tool,tkb,"{""ngay"": ""t5""}",thanh_cong,,,,0.408,191,True
G000731,L000791,P00483,HS15,B,2026-10-18T20:46:59+07:00,1,tool,xem_lich_thi,"{""mon"": ""van""}",thanh_cong,,,,1.195,130,False
G000732,L000792,P00483,HS15,B,2026-10-18T20:47:41+07:00,1,tool,xem_lich_thi,"{""mon"": ""van""}",thanh_cong,,,,0.703,130,False
G000733,L000794,P00484,HS17,B,2026-10-18T07:02:14+07:00,1,tool,xem_lich_thi,"{""mon"": ""ly""}",loi_xac_thuc,ValidationError,"Error executing tool xem_lich_thi: 1 validation error for xem_lich_thiArguments
mon
  Input should be 'toan', 'tin' or 'van' [input_value=""ly""]",2,0.486,200,False
G000734,L000795,P00485,HS20,A,2026-10-18T20:27:25+07:00,1,tool,doc_tai_lieu,"{""ten_file"": ""noi_quy.txt""}",thanh_cong,,,,0.811,7590,False
G000735,L000796,P00486,HS21,A,2026-10-18T20:55:17+07:00,1,tool,lich_thi,"{""mon"": ""Vật lí""}",loi_ngoai_le,Exception,Error executing tool lich_thi: Error,0,0.611,36,False
G000736,L000797,P00486,HS21,A,2026-10-18T20:55:49+07:00,1,tool,doc_tai_lieu,"{""ten_file"": ""noi_quy.txt""}",thanh_cong,,,,1.029,7590,False
G000737,L000798,P00487,HS24,B,2026-10-18T20:25:39+07:00,1,tool,xem_tkb,"{""ngay"": ""thứ 2""}",loi_xac_thuc,ValidationError,"Error executing tool xem_tkb: 1 validation error for xem_tkbArguments
ngay
  Input should be 't2', 't3', 't4', 't5' or 't6' [input_value=""thứ 2""]",2,0.496,210,False
G000738,L000798,P00487,HS24,B,2026-10-18T20:25:40+07:00,2,tool,xem_tkb,"{""ngay"": ""t2""}",thanh_cong,,,,0.558,111,False
G000739,L000799,P00487,HS24,B,2026-10-18T20:26:44+07:00,1,tool,xem_tkb,"{""ngay"": ""t2""}",thanh_cong,,,,0.808,111,False
G000740,L000800,P00488,HS24,B,2026-10-18T05:50:45+07:00,1,tool,xem_tkb,"{""ngay"": ""t2""}",thanh_cong,,,,0.71,111,False
G000741,L000801,P00488,HS24,B,2026-10-18T05:51:20+07:00,1,resource,lop://noi-quy,,thanh_cong,,,,1.164,7590,False
G000742,L000802,P00489,HS26,B,2026-10-18T05:33:11+07:00,1,resource,lop://noi-quy,,thanh_cong,,,,0.662,7590,False
G000743,L000803,P00489,HS26,B,2026-10-18T05:33:49+07:00,1,tool,tinh_diem_tb,"{""cac_diem"": [{""diem"": 6.25, ""he_so"": 3}, {""diem"": 4.25, ""he_so"": 2}]}",thanh_cong,,,,0.691,95,False
G000744,L000804,P00489,HS26,B,2026-10-18T05:34:24+07:00,1,tool,xem_tkb,"{""ngay"": ""t3""}",thanh_cong,,,,0.608,129,False
G000745,L000805,P00490,HS27,A,2026-10-18T19:20:03+07:00,1,tool,tkb,"{""ngay"": ""t2""}",thanh_cong,,,,0.839,51,False
G000746,L000806,P00491,HS31,A,2026-10-18T20:41:22+07:00,1,tool,tkb,"{""ngay"": ""thứ hai""}",tra_ve_rong,,,0,0.491,4,False
G000747,L000807,P00492,HS05,B,2026-10-19T13:54:27+07:00,1,tool,xem_tkb,"{""ngay"": ""t3""}",thanh_cong,,,,0.86,129,False
G000748,L000808,P00493,HS06,A,2026-10-19T18:40:24+07:00,1,tool,doc_tai_lieu,"{""ten_file"": ""noi_quy.txt""}",thanh_cong,,,,0.761,7590,False
G000749,L000809,P00494,HS08,B,2026-10-19T06:42:38+07:00,1,tool,xem_tkb,"{""ngay"": ""t2""}",thanh_cong,,,,0.721,111,False
G000750,L000810,P00494,HS08,B,2026-10-19T06:43:16+07:00,1,tool,xem_lich_thi,"{""mon"": ""van""}",thanh_cong,,,,0.849,130,False
G000751,L000812,P00495,HS13,B,2026-10-19T13:54:41+07:00,1,resource,lop://noi-quy,,thanh_cong,,,,1.071,7590,False
G000752,L000813,P00496,HS15,B,2026-10-19T12:28:54+07:00,1,tool,xem_tkb,"{""ngay"": ""t6""}",thanh_cong,,,,0.577,125,False
G000753,L000815,P00497,HS19,B,2026-10-19T23:18:40+07:00,1,resource,lop://noi-quy,,thanh_cong,,,,1.108,7590,False
G000754,L000816,P00497,HS19,B,2026-10-19T23:18:54+07:00,1,tool,xem_lich_thi,"{""mon"": ""tin""}",thanh_cong,,,,0.588,130,False
G000755,L000817,P00498,HS23,A,2026-10-19T17:16:09+07:00,1,tool,tkb,"{""ngay"": ""thứ ba""}",tra_ve_rong,,,0,0.668,4,False
G000756,L000817,P00498,HS23,A,2026-10-19T17:16:10+07:00,2,tool,tkb,"{""ngay"": ""t3""}",thanh_cong,,,,0.795,69,False
G000757,L000818,P00498,HS23,A,2026-10-19T17:18:04+07:00,1,tool,tkb,"{""ngay"": ""t3""}",thanh_cong,,,,0.37,69,False
G000758,L000819,P00499,HS23,A,2026-10-19T14:55:36+07:00,1,tool,diem_tb,"{""diem"": [{""diem"": 8.0, ""he_so"": 1}, {""diem"": ""4,5"", ""he_so"": 2}, {""diem"": ""5,25"", ""he_so"": 1}, {""diem"": ""6,5"", ""he_so"": 1}, {""diem"": ""6,5"", ""he_so"": 2}, {""diem"": 9.0, ""he_so"": 1}]}",loi_ngoai_le,TypeError,Error executing tool diem_tb: can't multiply sequence by non-int of type 'int',1,0.652,90,False
G000759,L000819,P00499,HS23,A,2026-10-19T14:55:37+07:00,2,tool,diem_tb,"{""diem"": [{""diem"": 8.0, ""he_so"": 1}, {""diem"": 4.5, ""he_so"": 2}, {""diem"": 5.25, ""he_so"": 1}, {""diem"": 6.5, ""he_so"": 1}, {""diem"": 6.5, ""he_so"": 2}, {""diem"": 9.0, ""he_so"": 1}]}",thanh_cong,,,,0.961,6,False
G000760,L000820,P00499,HS23,A,2026-10-19T14:56:30+07:00,1,tool,lich_thi,"{""mon"": ""tin""}",thanh_cong,,,,0.601,110,False
G000761,L000821,P00500,HS25,A,2026-10-19T20:36:54+07:00,1,tool,doc_tai_lieu,"{""ten_file"": ""noi_quy.txt""}",thanh_cong,,,,0.952,7590,False
G000762,L000822,P00500,HS25,A,2026-10-19T20:37:12+07:00,1,tool,lich_thi,"{""mon"": ""môn toán""}",loi_ngoai_le,Exception,Error executing tool lich_thi: Error,0,0.412,36,False
G000763,L000822,P00500,HS25,A,2026-10-19T20:37:15+07:00,2,tool,lich_thi,"{""mon"": ""toan""}",thanh_cong,,,,0.69,110,False
G000764,L000823,P00501,HS28,B,2026-10-19T22:01:42+07:00,1,tool,xem_tkb,"{""ngay"": ""cn""}",loi_xac_thuc,ValidationError,"Error executing tool xem_tkb: 1 validation error for xem_tkbArguments
ngay
  Input should be 't2', 't3', 't4', 't5' or 't6' [input_value=""cn""]",2,0.362,210,False
G000765,L000824,P00502,HS28,B,2026-10-19T20:46:00+07:00,1,resource,lop://noi-quy,,thanh_cong,,,,1.526,7590,False
G000766,L000828,P00503,HS29,B,2026-10-19T18:14:51+07:00,1,tool,xem_tkb,"{""ngay"": ""t4""}",thanh_cong,,,,0.697,111,False
G000767,L000829,P00504,HS30,A,2026-10-19T20:04:36+07:00,1,tool,doc_tai_lieu,"{""ten_file"": ""NoiQuy.txt""}",loi_ngoai_le,FileNotFoundError,Error executing tool doc_tai_lieu: [Errno 2] No such file or directory: '.../du_lieu/NoiQuy.txt',1,0.287,120,False
G000768,L000829,P00504,HS30,A,2026-10-19T20:04:37+07:00,2,tool,doc_tai_lieu,"{""ten_file"": ""noi_quy.txt""}",thanh_cong,,,,1.333,7590,False
G000769,L000830,P00504,HS30,A,2026-10-19T20:04:55+07:00,1,tool,tkb,"{""ngay"": ""thứ 5""}",tra_ve_rong,,,0,0.775,4,False
G000770,L000831,P00505,HS40,A,2026-10-19T21:36:41+07:00,1,tool,diem_tb,"{""diem"": [{""diem"": 4.0, ""he_so"": 3}, {""diem"": 6.25, ""he_so"": 2}, {""diem"": 5.0, ""he_so"": 2}, {""diem"": 7.5, ""he_so"": 2}]}",thanh_cong,,,,0.723,6,False
G000771,L000832,P00506,HS40,A,2026-10-19T17:16:55+07:00,1,tool,tkb,"{""ngay"": ""T4""}",tra_ve_rong,,,0,0.419,4,False
G000772,L000833,P00507,HS02,B,2026-10-20T06:02:53+07:00,1,resource,lop://noi-quy,,thanh_cong,,,,0.86,7590,False
G000773,L000835,P00509,HS14,A,2026-10-20T21:15:37+07:00,1,tool,diem_tb,"{""diem"": [{""diem"": ""4,75"", ""he_so"": 1}, {""diem"": 6.0, ""he_so"": 2}, {""diem"": ""9,5"", ""he_so"": 1}, {""diem"": ""4,5"", ""he_so"": 2}, {""diem"": ""5,25"", ""he_so"": 1}, {""diem"": ""6,75"", ""he_so"": 1}]}",loi_ngoai_le,TypeError,Error executing tool diem_tb: can't multiply sequence by non-int of type 'int',1,0.67,90,False
G000774,L000836,P00510,HS21,A,2026-10-20T09:09:24+07:00,1,tool,diem_tb,"{""diem"": [{""diem"": ""8,5"", ""he_so"": 1}, {""diem"": 8.0, ""he_so"": 2}, {""diem"": ""9,5"", ""he_so"": 3}, {""diem"": 6.0, ""he_so"": 2}, {""diem"": 4.0, ""he_so"": 1}, {""diem"": 5.0, ""he_so"": 1}]}",loi_ngoai_le,TypeError,Error executing tool diem_tb: can't multiply sequence by non-int of type 'int',1,0.818,90,False
G000775,L000837,P00511,HS24,B,2026-10-20T21:30:30+07:00,1,resource,lop://noi-quy,,thanh_cong,,,,0.877,7590,False
G000776,L000838,P00512,HS25,A,2026-10-20T19:18:07+07:00,1,tool,tkb,"{""ngay"": ""t4""}",thanh_cong,,,,0.419,51,False
G000777,L000839,P00512,HS25,A,2026-10-20T19:18:47+07:00,1,tool,diem_tb,"{""diem"": [{""diem"": 9.75, ""he_so"": 1}, {""diem"": 8.25, ""he_so"": 1}, {""diem"": 4.5, ""he_so"": 2}, {""diem"": 8.5, ""he_so"": 2}]}",thanh_cong,,,,0.73,6,False
G000778,L000840,P00513,HS27,A,2026-10-20T21:44:59+07:00,1,tool,diem_tb,"{""diem"": [{""diem"": 7.75, ""he_so"": 1}, {""diem"": 4.0, ""he_so"": 3}]}",thanh_cong,,,,0.819,6,False
G000779,L000841,P00513,HS27,A,2026-10-20T21:45:25+07:00,1,tool,lich_thi,"{""mon"": ""Ngữ văn""}",loi_ngoai_le,Exception,Error executing tool lich_thi: Error,0,1.014,36,False
G000780,L000841,P00513,HS27,A,2026-10-20T21:45:27+07:00,2,tool,lich_thi,"{""mon"": ""van""}",thanh_cong,,,,0.262,110,False
G000781,L000843,P00515,HS33,A,2026-10-20T22:17:13+07:00,1,tool,tkb,"{""ngay"": ""thứ ba""}",tra_ve_rong,,,0,0.62,4,False
G000782,L000844,P00516,HS35,A,2026-10-20T21:53:16+07:00,1,tool,tkb,"{""ngay"": ""thứ 5""}",tra_ve_rong,,,0,1.037,4,False
G000783,L000844,P00516,HS35,A,2026-10-20T21:53:17+07:00,2,tool,tkb,"{""ngay"": ""t5""}",thanh_cong,,,,0.773,191,True
G000784,L000845,P00516,HS35,A,2026-10-20T21:54:01+07:00,1,tool,tkb,"{""ngay"": ""t6""}",thanh_cong,,,,0.507,65,False
G000785,L000846,P00517,HS37,B,2026-10-20T12:13:35+07:00,1,tool,xem_lich_thi,"{""mon"": ""su""}",loi_xac_thuc,ValidationError,"Error executing tool xem_lich_thi: 1 validation error for xem_lich_thiArguments
mon
  Input should be 'toan', 'tin' or 'van' [input_value=""su""]",2,0.237,200,False
G000786,L000847,P00518,HS38,B,2026-10-20T18:27:03+07:00,1,tool,tinh_diem_tb,"{""cac_diem"": [{""diem"": 8.75, ""he_so"": 1}, {""diem"": 10.0, ""he_so"": 1}]}",thanh_cong,,,,0.87,95,False
G000787,L000848,P00519,HS40,A,2026-10-20T23:27:32+07:00,1,tool,diem_tb,"{""diem"": [{""diem"": 4.75, ""he_so"": 1}, {""diem"": 9.75, ""he_so"": 2}]}",thanh_cong,,,,0.669,6,False
G000788,L000849,P00520,HS40,A,2026-10-20T05:58:03+07:00,1,tool,doc_tai_lieu,"{""ten_file"": ""noiquy.txt""}",loi_ngoai_le,FileNotFoundError,Error executing tool doc_tai_lieu: [Errno 2] No such file or directory: '.../du_lieu/noiquy.txt',1,0.767,120,False
G000789,L000849,P00520,HS40,A,2026-10-20T05:58:04+07:00,2,tool,doc_tai_lieu,"{""ten_file"": ""noi_quy.txt""}",thanh_cong,,,,0.682,7590,False
G000790,L000850,P00520,HS40,A,2026-10-20T05:59:04+07:00,1,tool,lich_thi,"{""mon"": ""môn Văn""}",loi_ngoai_le,Exception,Error executing tool lich_thi: Error,0,0.482,36,False
G000791,L000851,P00521,HS03,A,2026-10-21T19:09:29+07:00,1,tool,tkb,"{""ngay"": ""t5""}",thanh_cong,,,,0.784,191,True
G000792,L000852,P00521,HS03,A,2026-10-21T19:10:20+07:00,1,tool,lich_thi,"{""mon"": ""môn toán""}",loi_ngoai_le,Exception,Error executing tool lich_thi: Error,0,0.899,36,False
G000793,L000852,P00521,HS03,A,2026-10-21T19:10:21+07:00,2,tool,lich_thi,"{""mon"": ""toan""}",thanh_cong,,,,0.584,110,False
G000794,L000853,P00522,HS04,A,2026-10-21T18:50:21+07:00,1,tool,doc_tai_lieu,"{""ten_file"": ""danh_ba_gv.txt""}",loi_ngoai_le,FileNotFoundError,Error executing tool doc_tai_lieu: [Errno 2] No such file or directory: '.../du_lieu/danh_ba_gv.txt',1,0.655,120,False
G000795,L000854,P00522,HS04,A,2026-10-21T18:51:08+07:00,1,tool,doc_tai_lieu,"{""ten_file"": ""noi_quy.txt""}",thanh_cong,,,,1.054,7590,False
G000796,L000855,P00523,HS04,A,2026-10-21T07:40:40+07:00,1,tool,tkb,"{""ngay"": ""t3""}",thanh_cong,,,,0.772,69,False
G000797,L000856,P00523,HS04,A,2026-10-21T07:41:16+07:00,1,tool,lich_thi,"{""mon"": ""van""}",thanh_cong,,,,1.249,110,False
G000798,L000858,P00524,HS06,A,2026-10-21T17:44:39+07:00,1,tool,tkb,"{""ngay"": ""t4""}",thanh_cong,,,,0.553,51,False
G000799,L000860,P00525,HS10,A,2026-10-21T15:38:23+07:00,1,tool,doc_tai_lieu,"{""ten_file"": ""bang_diem.csv""}",loi_ngoai_le,FileNotFoundError,Error executing tool doc_tai_lieu: [Errno 2] No such file or directory: '.../du_lieu/bang_diem.csv',1,0.369,120,False
G000800,L000861,P00526,HS10,A,2026-10-21T16:42:13+07:00,1,tool,diem_tb,"{""diem"": [{""diem"": 5.25, ""he_so"": 1}, {""diem"": 7.0, ""he_so"": 1}, {""diem"": 5.5, ""he_so"": 1}, {""diem"": 6.75, ""he_so"": 1}, {""diem"": 9.5, ""he_so"": 1}, {""diem"": 5.75, ""he_so"": 2}]}",thanh_cong,,,,0.842,6,False
G000801,L000862,P00527,HS12,B,2026-10-21T23:19:51+07:00,1,tool,xem_lich_thi,"{""mon"": ""van""}",thanh_cong,,,,0.69,130,False
G000802,L000863,P00528,HS13,B,2026-10-21T23:52:02+07:00,1,tool,xem_tkb,"{""ngay"": ""t5""}",thanh_cong,,,,0.408,251,True
G000803,L000864,P00529,HS14,A,2026-10-21T19:53:10+07:00,1,tool,diem_tb,"{""diem"": [{""diem"": 6.25, ""he_so"": 2}, {""diem"": 4.25, ""he_so"": 2}]}",thanh_cong,,,,0.698,6,False
G000804,L000865,P00530,HS19,B,2026-10-21T21:37:31+07:00,1,resource,lop://noi-quy,,thanh_cong,,,,0.42,7590,False
G000805,L000866,P00531,HS27,A,2026-10-21T23:08:54+07:00,1,tool,lich_thi,"{""mon"": ""van""}",thanh_cong,,,,0.775,110,False
G000806,L000867,P00531,HS27,A,2026-10-21T23:09:08+07:00,1,tool,doc_tai_lieu,"{""ten_file"": ""noi_quy.txt""}",thanh_cong,,,,0.911,7590,False
G000807,L000868,P00532,HS27,A,2026-10-21T06:18:47+07:00,1,tool,tkb,"{""ngay"": ""t3""}",thanh_cong,,,,0.464,69,False
G000808,L000869,P00533,HS28,B,2026-10-21T18:46:22+07:00,1,tool,xem_tkb,"{""ngay"": ""t6""}",thanh_cong,,,,0.519,125,False
G000809,L000871,P00534,HS29,B,2026-10-21T06:51:21+07:00,1,tool,xem_tkb,"{""ngay"": ""t3""}",thanh_cong,,,,0.503,129,False
G000810,L000873,P00536,HS34,B,2026-10-21T15:29:46+07:00,1,tool,xem_lich_thi,"{""mon"": ""toan""}",thanh_cong,,,,0.34,130,False
G000811,L000874,P00537,HS34,B,2026-10-21T21:16:28+07:00,1,tool,xem_lich_thi,"{""mon"": ""van""}",thanh_cong,,,,1.272,130,False
G000812,L000875,P00538,HS36,A,2026-10-21T19:04:34+07:00,1,tool,tkb,"{""ngay"": ""thứ ba""}",tra_ve_rong,,,0,0.474,4,False
G000813,L000876,P00538,HS36,A,2026-10-21T19:05:05+07:00,1,tool,tkb,"{""ngay"": ""thứ 5""}",tra_ve_rong,,,0,0.328,4,False
G000814,L000876,P00538,HS36,A,2026-10-21T19:05:07+07:00,2,tool,tkb,"{""ngay"": ""t5""}",thanh_cong,,,,0.809,191,True
G000815,L000877,P00539,HS05,B,2026-10-22T21:59:49+07:00,1,tool,xem_lich_thi,"{""mon"": ""toan""}",thanh_cong,,,,0.533,130,False
G000816,L000879,P00540,HS11,A,2026-10-22T12:12:02+07:00,1,tool,lich_thi,"{""mon"": ""sinh""}",loi_ngoai_le,Exception,Error executing tool lich_thi: Error,0,0.724,36,False
G000817,L000880,P00540,HS11,A,2026-10-22T12:12:33+07:00,1,tool,tkb,"{""ngay"": ""t6""}",thanh_cong,,,,0.676,65,False
G000818,L000881,P00541,HS18,B,2026-10-22T12:55:46+07:00,1,tool,xem_lich_thi,"{""mon"": ""su""}",loi_xac_thuc,ValidationError,"Error executing tool xem_lich_thi: 1 validation error for xem_lich_thiArguments
mon
  Input should be 'toan', 'tin' or 'van' [input_value=""su""]",2,0.233,200,False
G000819,L000882,P00542,HS26,B,2026-10-22T06:42:40+07:00,1,tool,xem_lich_thi,"{""mon"": ""toan""}",thanh_cong,,,,0.842,130,False
G000820,L000883,P00543,HS30,A,2026-10-22T19:46:03+07:00,1,tool,diem_tb,"{""diem"": [{""diem"": 8.5, ""he_so"": 1}, {""diem"": -1, ""he_so"": 1}]}",thanh_cong,,,,0.459,6,False
G000821,L000884,P00544,HS32,A,2026-10-22T07:36:31+07:00,1,tool,tkb,"{""ngay"": ""thứ 3""}",tra_ve_rong,,,0,0.826,4,False
G000822,L000885,P00544,HS32,A,2026-10-22T07:36:50+07:00,1,tool,diem_tb,"{""diem"": [{""diem"": 6.0, ""he_so"": 2}, {""diem"": 7.0, ""he_so"": 1}, {""diem"": 9.25, ""he_so"": 2}, {""diem"": 4.0, ""he_so"": 1}, {""diem"": 6.75, ""he_so"": 2}, {""diem"": 4.5, ""he_so"": 2}]}",thanh_cong,,,,0.517,6,False
G000823,L000886,P00545,HS33,A,2026-10-22T18:16:03+07:00,1,tool,tkb,"{""ngay"": ""thứ ba""}",tra_ve_rong,,,0,0.455,4,False
G000824,L000887,P00545,HS33,A,2026-10-22T18:16:23+07:00,1,tool,lich_thi,"{""mon"": ""Ngữ văn""}",loi_ngoai_le,Exception,Error executing tool lich_thi: Error,0,1.646,36,False
G000825,L000888,P00546,HS35,A,2026-10-22T22:25:26+07:00,1,tool,doc_tai_lieu,"{""ten_file"": ""noiquy.txt""}",loi_ngoai_le,FileNotFoundError,Error executing tool doc_tai_lieu: [Errno 2] No such file or directory: '.../du_lieu/noiquy.txt',1,0.377,120,False
G000826,L000889,P00546,HS35,A,2026-10-22T22:26:52+07:00,1,tool,tkb,"{""ngay"": ""t2""}",thanh_cong,,,,0.466,51,False
G000827,L000890,P00547,HS36,A,2026-10-22T19:25:09+07:00,1,tool,diem_tb,"{""diem"": [{""diem"": 7.0, ""he_so"": 1}, {""diem"": 7.5, ""he_so"": 2}]}",thanh_cong,,,,0.477,6,False
G000828,L000891,P00548,HS37,B,2026-10-22T21:09:44+07:00,1,tool,tinh_diem_tb,"{""cac_diem"": [{""diem"": 9.5, ""he_so"": 2}, {""diem"": 8.75, ""he_so"": 1}, {""diem"": 8.0, ""he_so"": 2}]}",thanh_cong,,,,0.995,95,False
G000829,L000892,P00549,HS38,B,2026-10-22T11:42:19+07:00,1,tool,xem_lich_thi,"{""mon"": ""toan""}",thanh_cong,,,,0.476,130,False
G000830,L000893,P00550,HS39,A,2026-10-22T07:55:30+07:00,1,tool,tkb,"{""ngay"": ""T3""}",tra_ve_rong,,,0,0.495,4,False
G000831,L000894,P00551,HS15,B,2026-10-23T06:42:53+07:00,1,tool,xem_lich_thi,"{""mon"": ""toan""}",thanh_cong,,,,1.098,130,False
G000832,L000895,P00552,HS20,A,2026-10-23T17:32:21+07:00,1,tool,lich_thi,"{""mon"": ""van""}",thanh_cong,,,,0.547,110,False
G000833,L000897,P00552,HS20,A,2026-10-23T17:33:34+07:00,1,tool,diem_tb,"{""diem"": [{""diem"": 8.75, ""he_so"": 2}, {""diem"": 8.25, ""he_so"": 1}, {""diem"": 4.5, ""he_so"": 1}]}",thanh_cong,,,,0.359,6,False
G000834,L000898,P00553,HS21,A,2026-10-23T06:00:32+07:00,1,tool,lich_thi,"{""mon"": ""Tin học""}",loi_ngoai_le,Exception,Error executing tool lich_thi: Error,0,0.638,36,False
G000835,L000900,P00555,HS24,B,2026-10-23T07:56:52+07:00,1,tool,tinh_diem_tb,"{""cac_diem"": [{""diem"": 8.75, ""he_so"": 1}, {""diem"": 4.25, ""he_so"": 1}, {""diem"": 8.5, ""he_so"": 2}, {""diem"": 5.25, ""he_so"": 3}, {""diem"": 5.5, ""he_so"": 1}, {""diem"": 9.5, ""he_so"": 1}]}",thanh_cong,,,,1.065,95,False
G000836,L000902,P00556,HS25,A,2026-10-23T17:41:02+07:00,1,tool,tkb,"{""ngay"": ""T4""}",tra_ve_rong,,,0,1.104,4,False
G000837,L000903,P00557,HS26,B,2026-10-23T13:50:15+07:00,1,tool,tinh_diem_tb,"{""cac_diem"": [{""diem"": 9.5, ""he_so"": 2}, {""diem"": 11, ""he_so"": 2}, {""diem"": 8.75, ""he_so"": 2}, {""diem"": 5.5, ""he_so"": 1}, {""diem"": 6.25, ""he_so"": 2}, {""diem"": 8.0, ""he_so"": 1}]}",loi_xac_thuc,ValidationError,"Error executing tool tinh_diem_tb: 1 validation error for tinh_diem_tbArguments
cac_diem.0.diem
  Input should be less than or equal to 10 [input_value=""?""]",2,0.374,230,False
G000838,L000904,P00558,HS28,B,2026-10-23T20:59:31+07:00,1,tool,tinh_diem_tb,"{""cac_diem"": [{""diem"": 6.5, ""he_so"": 1}, {""diem"": 5.75, ""he_so"": 1}, {""diem"": 4.0, ""he_so"": 1}]}",thanh_cong,,,,0.525,95,False
G000839,L000905,P00558,HS28,B,2026-10-23T21:00:06+07:00,1,tool,tinh_diem_tb,"{""cac_diem"": [{""diem"": 5.25, ""he_so"": 2}, {""diem"": 9.25, ""he_so"": 3}, {""diem"": 8.0, ""he_so"": 1}]}",thanh_cong,,,,0.508,95,False
G000840,L000906,P00559,HS33,A,2026-10-23T21:47:18+07:00,1,tool,lich_thi,"{""mon"": ""môn Tin""}",loi_ngoai_le,Exception,Error executing tool lich_thi: Error,0,0.495,36,False
G000841,L000907,P00560,HS37,B,2026-10-23T14:33:22+07:00,1,tool,xem_tkb,"{""ngay"": ""t7""}",loi_xac_thuc,ValidationError,"Error executing tool xem_tkb: 1 validation error for xem_tkbArguments
ngay
  Input should be 't2', 't3', 't4', 't5' or 't6' [input_value=""t7""]",2,0.396,210,False
G000842,L000908,P00560,HS37,B,2026-10-23T14:34:01+07:00,1,tool,xem_lich_thi,"{""mon"": ""van""}",thanh_cong,,,,0.664,130,False
G000843,L000909,P00560,HS37,B,2026-10-23T14:34:16+07:00,1,tool,xem_tkb,"{""ngay"": ""t7""}",loi_xac_thuc,ValidationError,"Error executing tool xem_tkb: 1 validation error for xem_tkbArguments
ngay
  Input should be 't2', 't3', 't4', 't5' or 't6' [input_value=""t7""]",2,0.58,210,False
G000844,L000910,P00561,HS01,B,2026-10-24T19:59:39+07:00,1,tool,xem_lich_thi,"{""mon"": ""tin""}",thanh_cong,,,,0.74,130,False
G000845,L000911,P00561,HS01,B,2026-10-24T20:00:22+07:00,1,resource,lop://noi-quy,,thanh_cong,,,,0.97,7590,False
G000846,L000912,P00562,HS10,A,2026-10-24T21:23:23+07:00,1,tool,diem_tb,"{""diem"": [{""diem"": ""5,25"", ""he_so"": 2}, {""diem"": ""5,75"", ""he_so"": 1}, {""diem"": ""9,25"", ""he_so"": 5}]}",loi_ngoai_le,TypeError,Error executing tool diem_tb: can't multiply sequence by non-int of type 'int',1,0.744,90,False
G000847,L000913,P00562,HS10,A,2026-10-24T21:24:25+07:00,1,tool,doc_tai_lieu,"{""ten_file"": ""noi_quy.pdf""}",loi_ngoai_le,FileNotFoundError,Error executing tool doc_tai_lieu: [Errno 2] No such file or directory: '.../du_lieu/noi_quy.pdf',1,0.62,120,False
G000848,L000913,P00562,HS10,A,2026-10-24T21:24:27+07:00,2,tool,doc_tai_lieu,"{""ten_file"": ""noi_quy.txt""}",thanh_cong,,,,1.197,7590,False
G000849,L000914,P00562,HS10,A,2026-10-24T21:25:08+07:00,1,tool,tkb,"{""ngay"": ""cn""}",tra_ve_rong,,,0,0.502,4,False
G000850,L000915,P00563,HS11,A,2026-10-24T05:45:31+07:00,1,tool,tkb,"{""ngay"": ""t3""}",thanh_cong,,,,0.495,69,False
G000851,L000917,P00564,HS14,A,2026-10-24T20:36:15+07:00,1,tool,diem_tb,"{""diem"": [{""diem"": 8.75, ""he_so"": 1}, {""diem"": 4.5, ""he_so"": 1}, {""diem"": 4.25, ""he_so"": 3}, {""diem"": 6.25, ""he_so"": 2}, {""diem"": 9.5, ""he_so"": 1}, {""diem"": 5.75, ""he_so"": 1}]}",thanh_cong,,,,0.677,6,False
G000852,L000919,P00564,HS14,A,2026-10-24T20:37:20+07:00,1,tool,doc_tai_lieu,"{""ten_file"": ""diem.json""}",loi_ngoai_le,FileNotFoundError,Error executing tool doc_tai_lieu: [Errno 2] No such file or directory,1,0.644,110,False
G000853,L000919,P00564,HS14,A,2026-10-24T20:37:22+07:00,2,tool,doc_tai_lieu,"{""ten_file"": ""lich_thi.json""}",thanh_cong,,,,0.79,241,False
G000854,L000920,P00565,HS14,A,2026-10-24T23:25:33+07:00,1,tool,tkb,"{""ngay"": ""t4""}",thanh_cong,,,,0.557,51,False
G000855,L000921,P00565,HS14,A,2026-10-24T23:25:43+07:00,1,tool,lich_thi,"{""mon"": ""Tin học""}",loi_ngoai_le,Exception,Error executing tool lich_thi: Error,0,0.441,36,False
G000856,L000921,P00565,HS14,A,2026-10-24T23:25:44+07:00,2,tool,lich_thi,"{""mon"": ""tin""}",thanh_cong,,,,0.501,110,False
G000857,L000922,P00566,HS15,B,2026-10-24T22:33:05+07:00,1,resource,lop://noi-quy,,thanh_cong,,,,0.829,7590,False
G000858,L000923,P00566,HS15,B,2026-10-24T22:33:53+07:00,1,tool,xem_lich_thi,"{""mon"": ""toan""}",thanh_cong,,,,0.583,130,False
G000859,L000924,P00566,HS15,B,2026-10-24T22:34:11+07:00,1,tool,xem_lich_thi,"{""mon"": ""anh""}",loi_xac_thuc,ValidationError,"Error executing tool xem_lich_thi: 1 validation error for xem_lich_thiArguments
mon
  Input should be 'toan', 'tin' or 'van' [input_value=""anh""]",2,0.575,200,False
G000860,L000926,P00568,HS23,A,2026-10-24T11:59:27+07:00,1,tool,diem_tb,"{""diem"": [{""diem"": 6.5, ""he_so"": 1}, {""diem"": 6.0, ""he_so"": 2}, {""diem"": 7.25, ""he_so"": 2}, {""diem"": 7.25, ""he_so"": 1}, {""diem"": 9.5, ""he_so"": 1}, {""diem"": 8.0, ""he_so"": 2}]}",thanh_cong,,,,0.682,6,False
G000861,L000927,P00568,HS23,A,2026-10-24T12:00:18+07:00,1,tool,tkb,"{""ngay"": ""t2""}",thanh_cong,,,,0.325,51,False
G000862,L000928,P00569,HS24,B,2026-10-24T05:16:06+07:00,1,tool,xem_tkb,"{""ngay"": ""t4""}",thanh_cong,,,,0.931,111,False
G000863,L000929,P00569,HS24,B,2026-10-24T05:16:34+07:00,1,tool,xem_tkb,"{""ngay"": ""thứ 3""}",loi_xac_thuc,ValidationError,"Error executing tool xem_tkb: 1 validation error for xem_tkbArguments
ngay
  Input should be 't2', 't3', 't4', 't5' or 't6' [input_value=""thứ 3""]",2,0.661,210,False
G000864,L000929,P00569,HS24,B,2026-10-24T05:16:35+07:00,2,tool,xem_tkb,"{""ngay"": ""t3""}",thanh_cong,,,,0.669,129,False
G000865,L000930,P00570,HS03,A,2026-10-25T21:02:07+07:00,1,tool,diem_tb,"{""diem"": [{""diem"": 10.0, ""he_so"": 3}, {""diem"": 5.75, ""he_so"": 2}, {""diem"": 6.75, ""he_so"": 2}, {""diem"": 4.25, ""he_so"": 1}, {""diem"": 9.5, ""he_so"": 1}]}",thanh_cong,,,,0.579,6,False
G000866,L000931,P00571,HS13,B,2026-10-25T22:58:14+07:00,1,tool,tinh_diem_tb,"{""cac_diem"": [{""diem"": 5.75, ""he_so"": 1}, {""diem"": 12, ""he_so"": 1}, {""diem"": 9.5, ""he_so"": 3}]}",loi_xac_thuc,ValidationError,"Error executing tool tinh_diem_tb: 1 validation error for tinh_diem_tbArguments
cac_diem.0.diem
  Input should be less than or equal to 10 [input_value=""?""]",2,0.389,230,False
G000867,L000932,P00572,HS14,A,2026-10-25T20:57:04+07:00,1,tool,doc_tai_lieu,"{""ten_file"": ""noi_quy.txt""}",thanh_cong,,,,1.191,7590,False
G000868,L000933,P00573,HS18,B,2026-10-25T11:38:58+07:00,1,tool,xem_tkb,"{""ngay"": ""t6""}",thanh_cong,,,,0.83,125,False
G000869,L000934,P00574,HS18,B,2026-10-25T13:51:41+07:00,1,tool,xem_lich_thi,"{""mon"": ""van""}",thanh_cong,,,,0.71,130,False
G000870,L000935,P00575,HS25,A,2026-10-25T22:53:27+07:00,1,tool,tkb,"{""ngay"": ""thứ ba""}",tra_ve_rong,,,0,0.732,4,False
G000871,L000935,P00575,HS25,A,2026-10-25T22:53:28+07:00,2,tool,tkb,"{""ngay"": ""t3""}",thanh_cong,,,,0.549,69,False
G000872,L000936,P00575,HS25,A,2026-10-25T22:54:08+07:00,1,tool,lich_thi,"{""mon"": ""toan""}",thanh_cong,,,,0.569,110,False
G000873,L000938,P00577,HS28,B,2026-10-25T17:53:19+07:00,1,tool,xem_lich_thi,"{""mon"": ""tin""}",thanh_cong,,,,0.395,130,False
G000874,L000941,P00578,HS28,B,2026-10-25T20:04:43+07:00,1,tool,xem_tkb,"{""ngay"": ""thứ năm""}",loi_xac_thuc,ValidationError,"Error executing tool xem_tkb: 1 validation error for xem_tkbArguments
ngay
  Input should be 't2', 't3', 't4', 't5' or 't6' [input_value=""thứ năm""]",2,0.378,210,False
G000875,L000941,P00578,HS28,B,2026-10-25T20:04:45+07:00,2,tool,xem_tkb,"{""ngay"": ""t5""}",thanh_cong,,,,0.67,251,True
G000876,L000943,P00580,HS36,A,2026-10-25T22:04:31+07:00,1,tool,luu_ghi_chu,"{""noi_dung"": ""'Mai lớp 11A được nghỉ học'.""}",thanh_cong,,,,0.449,2,False
G000877,L000944,P00580,HS36,A,2026-10-25T22:04:53+07:00,1,tool,tkb,"{""ngay"": ""thứ 3""}",tra_ve_rong,,,0,0.499,4,False
G000878,L000945,P00581,HS01,B,2026-10-26T15:57:10+07:00,1,tool,tinh_diem_tb,"{""cac_diem"": [{""diem"": 4.75, ""he_so"": 1}, {""diem"": 6.25, ""he_so"": 3}, {""diem"": 9.0, ""he_so"": 4}, {""diem"": 5.25, ""he_so"": 3}, {""diem"": 8.25, ""he_so"": 3}, {""diem"": 7.5, ""he_so"": 2}]}",loi_xac_thuc,ValidationError,"Error executing tool tinh_diem_tb: 1 validation error for tinh_diem_tbArguments
cac_diem.0.he_so
  Input should be 1, 2 or 3 [input_value=""?""]",2,0.357,230,False
G000879,L000946,P00581,HS01,B,2026-10-26T15:57:22+07:00,1,tool,xem_tkb,"{""ngay"": ""t3""}",thanh_cong,,,,1.066,129,False
G000880,L000947,P00582,HS03,A,2026-10-26T19:28:51+07:00,1,tool,tkb,"{""ngay"": ""t3""}",thanh_cong,,,,1.1,69,False
G000881,L000948,P00582,HS03,A,2026-10-26T19:29:43+07:00,1,tool,diem_tb,"{""diem"": [{""diem"": 4.25, ""he_so"": 2}, {""diem"": 8.25, ""he_so"": 2}, {""diem"": 9.25, ""he_so"": 1}, {""diem"": 9.75, ""he_so"": 2}, {""diem"": 4.0, ""he_so"": 1}, {""diem"": 7.75, ""he_so"": 3}]}",thanh_cong,,,,1.125,6,False
G000882,L000949,P00582,HS03,A,2026-10-26T19:30:06+07:00,1,tool,diem_tb,"{""diem"": [{""diem"": 6.5, ""he_so"": 3}, {""diem"": 8.0, ""he_so"": 1}, {""diem"": 9.5, ""he_so"": 3}, {""diem"": 10.0, ""he_so"": 1}, {""diem"": 6.75, ""he_so"": 1}, {""diem"": 4.25, ""he_so"": 1}]}",thanh_cong,,,,0.473,6,False
G000883,L000951,P00583,HS08,B,2026-10-26T23:04:54+07:00,1,tool,xem_tkb,"{""ngay"": ""t3""}",thanh_cong,,,,0.465,129,False
G000884,L000952,P00584,HS10,A,2026-10-26T22:20:36+07:00,1,tool,lich_thi,"{""mon"": ""Ngữ văn""}",loi_ngoai_le,Exception,Error executing tool lich_thi: Error,0,0.647,36,False
G000885,L000953,P00584,HS10,A,2026-10-26T22:22:06+07:00,1,tool,doc_tai_lieu,"{""ten_file"": ""diem_lop.json""}",loi_ngoai_le,FileNotFoundError,Error executing tool doc_tai_lieu: [Errno 2] No such file or directory: '.../du_lieu/diem_lop.json',1,0.357,120,False
G000886,L000954,P00584,HS10,A,2026-10-26T22:22:34+07:00,1,tool,tkb,"{""ngay"": ""thứ 2""}",tra_ve_rong,,,0,0.504,4,False
G000887,L000955,P00584,HS10,A,2026-10-26T22:22:57+07:00,1,tool,tkb,"{""ngay"": ""t4""}",thanh_cong,,,,0.671,51,False
G000888,L000956,P00585,HS10,A,2026-10-26T21:06:50+07:00,1,tool,lich_thi,"{""mon"": ""văn""}",loi_ngoai_le,Exception,Error executing tool lich_thi: Error,0,0.754,36,False
G000889,L000956,P00585,HS10,A,2026-10-26T21:06:51+07:00,2,tool,lich_thi,"{""mon"": ""van""}",thanh_cong,,,,0.273,110,False
G000890,L000958,P00587,HS12,B,2026-10-26T20:47:46+07:00,1,tool,xem_tkb,"{""ngay"": ""thứ ba""}",loi_xac_thuc,ValidationError,"Error executing tool xem_tkb: 1 validation error for xem_tkbArguments
ngay
  Input should be 't2', 't3', 't4', 't5' or 't6' [input_value=""thứ ba""]",2,0.348,210,False
G000891,L000958,P00587,HS12,B,2026-10-26T20:47:48+07:00,2,tool,xem_tkb,"{""ngay"": ""t3""}",thanh_cong,,,,0.355,129,False
G000892,L000959,P00587,HS12,B,2026-10-26T20:48:13+07:00,1,tool,tinh_diem_tb,"{""cac_diem"": [{""diem"": ""7 điểm"", ""he_so"": 3}, {""diem"": 4.0, ""he_so"": 2}, {""diem"": 6.5, ""he_so"": 3}]}",loi_xac_thuc,ValidationError,"Error executing tool tinh_diem_tb: 1 validation error for tinh_diem_tbArguments
cac_diem.0.diem
  Input should be a valid number, unable to parse string as a number [input_value=""?""]",2,0.444,230,False
G000893,L000960,P00588,HS13,B,2026-10-26T16:44:11+07:00,1,tool,xem_lich_thi,"{""mon"": ""toan""}",thanh_cong,,,,0.639,130,False
G000894,L000962,P00590,HS16,B,2026-10-26T21:09:04+07:00,1,resource,lop://noi-quy,,thanh_cong,,,,0.566,7590,False
G000895,L000963,P00591,HS19,B,2026-10-26T17:33:05+07:00,1,tool,xem_tkb,"{""ngay"": ""t3""}",thanh_cong,,,,0.429,129,False
G000896,L000964,P00591,HS19,B,2026-10-26T17:33:36+07:00,1,tool,tinh_diem_tb,"{""cac_diem"": [{""diem"": 4.0, ""he_so"": 1}, {""diem"": 4.0, ""he_so"": 2}]}",thanh_cong,,,,0.527,95,False
G000897,L000965,P00592,HS21,A,2026-10-26T09:11:08+07:00,1,tool,tkb,"{""ngay"": ""t4""}",thanh_cong,,,,0.544,51,False
G000898,L000966,P00592,HS21,A,2026-10-26T09:11:42+07:00,1,tool,tkb,"{""ngay"": ""t6""}",thanh_cong,,,,0.536,65,False
G000899,L000967,P00592,HS21,A,2026-10-26T09:12:00+07:00,1,tool,lich_thi,"{""mon"": ""tin""}",thanh_cong,,,,0.508,110,False
G000900,L000968,P00593,HS21,A,2026-10-26T19:40:25+07:00,1,tool,tkb,"{""ngay"": ""t3""}",thanh_cong,,,,0.889,69,False
G000901,L000969,P00593,HS21,A,2026-10-26T19:41:15+07:00,1,tool,diem_tb,"{""diem"": [{""diem"": ""9,5"", ""he_so"": 0}, {""diem"": ""8,25"", ""he_so"": 3}, {""diem"": ""5,5"", ""he_so"": 2}]}",loi_ngoai_le,TypeError,Error executing tool diem_tb: can't multiply sequence by non-int of type 'int',1,0.672,90,False
G000902,L000970,P00593,HS21,A,2026-10-26T19:41:49+07:00,1,tool,diem_tb,"{""diem"": [{""diem"": 9.75, ""he_so"": 1}, {""diem"": 4.25, ""he_so"": 1}, {""diem"": 4.5, ""he_so"": 1}, {""diem"": 4.25, ""he_so"": 1}, {""diem"": 6.5, ""he_so"": 1}]}",thanh_cong,,,,0.86,6,False
G000903,L000971,P00594,HS23,A,2026-10-26T21:26:22+07:00,1,tool,tkb,"{""ngay"": ""mai""}",tra_ve_rong,,,0,0.63,4,False
G000904,L000972,P00594,HS23,A,2026-10-26T21:27:25+07:00,1,tool,tkb,"{""ngay"": ""thứ sáu""}",tra_ve_rong,,,0,0.788,4,False
G000905,L000973,P00595,HS24,B,2026-10-26T22:37:32+07:00,1,tool,xem_tkb,"{""ngay"": ""t3""}",thanh_cong,,,,0.43,129,False
G000906,L000974,P00596,HS24,B,2026-10-26T14:12:57+07:00,1,tool,xem_tkb,"{""ngay"": ""t4""}",thanh_cong,,,,0.941,111,False
G000907,L000975,P00597,HS30,A,2026-10-26T20:26:39+07:00,1,tool,lich_thi,"{""mon"": ""văn""}",loi_ngoai_le,Exception,Error executing tool lich_thi: Error,0,0.753,36,False
G000908,L000976,P00597,HS30,A,2026-10-26T20:27:13+07:00,1,tool,lich_thi,"{""mon"": ""Vật lí""}",loi_ngoai_le,Exception,Error executing tool lich_thi: Error,0,0.649,36,False
G000909,L000977,P00598,HS36,A,2026-10-26T14:27:17+07:00,1,tool,lich_thi,"{""mon"": ""Toán""}",loi_ngoai_le,Exception,Error executing tool lich_thi: Error,0,0.6,36,False
G000910,L000978,P00599,HS39,A,2026-10-26T22:35:58+07:00,1,tool,lich_thi,"{""mon"": ""Tin học""}",loi_ngoai_le,Exception,Error executing tool lich_thi: Error,0,0.94,36,False
G000911,L000979,P00600,HS03,A,2026-10-27T17:13:27+07:00,1,tool,lich_thi,"{""mon"": ""Ngữ văn""}",loi_ngoai_le,Exception,Error executing tool lich_thi: Error,0,0.576,36,False
G000912,L000979,P00600,HS03,A,2026-10-27T17:13:28+07:00,2,tool,lich_thi,"{""mon"": ""van""}",thanh_cong,,,,0.742,110,False
G000913,L000980,P00601,HS04,A,2026-10-27T22:48:04+07:00,1,tool,diem_tb,"{""diem"": [{""diem"": 7.5, ""he_so"": 1}, {""diem"": 8.5, ""he_so"": 3}, {""diem"": 5.0, ""he_so"": 1}, {""diem"": 5.25, ""he_so"": 2}, {""diem"": 7.25, ""he_so"": 2}]}",thanh_cong,,,,0.64,6,False
G000914,L000981,P00601,HS04,A,2026-10-27T22:48:53+07:00,1,tool,tkb,"{""ngay"": ""t4""}",thanh_cong,,,,0.461,51,False
G000915,L000982,P00602,HS04,A,2026-10-27T06:35:15+07:00,1,tool,tkb,"{""ngay"": ""t3""}",thanh_cong,,,,0.931,69,False
G000916,L000984,P00603,HS04,A,2026-10-27T18:11:52+07:00,1,tool,lich_thi,"{""mon"": ""Ngữ văn""}",loi_ngoai_le,Exception,Error executing tool lich_thi: Error,0,0.442,36,False
G000917,L000985,P00604,HS10,A,2026-10-27T06:19:39+07:00,1,tool,diem_tb,"{""diem"": [{""diem"": 4.0, ""he_so"": 2}, {""diem"": ""9,75"", ""he_so"": 1}, {""diem"": ""6,25"", ""he_so"": 1}]}",loi_ngoai_le,TypeError,Error executing tool diem_tb: can't multiply sequence by non-int of type 'int',1,0.929,90,False
G000918,L000985,P00604,HS10,A,2026-10-27T06:19:40+07:00,2,tool,diem_tb,"{""diem"": [{""diem"": 4.0, ""he_so"": 2}, {""diem"": 9.75, ""he_so"": 1}, {""diem"": 6.25, ""he_so"": 1}]}",thanh_cong,,,,0.6,6,False
G000919,L000986,P00604,HS10,A,2026-10-27T06:20:18+07:00,1,tool,tkb,"{""ngay"": ""t6""}",thanh_cong,,,,0.51,65,False
G000920,L000987,P00605,HS13,B,2026-10-27T06:21:03+07:00,1,tool,tinh_diem_tb,"{""cac_diem"": [{""diem"": 10.0, ""he_so"": 1}, {""diem"": 5.5, ""he_so"": 3}, {""diem"": 8.75, ""he_so"": 1}, {""diem"": 9.5, ""he_so"": 1}, {""diem"": 9.25, ""he_so"": 1}]}",thanh_cong,,,,0.654,95,False
G000921,L000990,P00607,HS17,B,2026-10-27T12:18:32+07:00,1,tool,xem_lich_thi,"{""mon"": ""van""}",thanh_cong,,,,0.772,130,False
G000922,L000992,P00608,HS20,A,2026-10-27T20:31:29+07:00,1,tool,lich_thi,"{""mon"": ""môn toán""}",loi_ngoai_le,Exception,Error executing tool lich_thi: Error,0,0.406,36,False
G000923,L000992,P00608,HS20,A,2026-10-27T20:31:30+07:00,2,tool,lich_thi,"{""mon"": ""toan""}",thanh_cong,,,,0.384,110,False
G000924,L000994,P00609,HS20,A,2026-10-27T19:32:32+07:00,1,tool,lich_thi,"{""mon"": ""van""}",thanh_cong,,,,0.552,110,False
G000925,L000995,P00610,HS23,A,2026-10-27T23:56:13+07:00,1,tool,lich_thi,"{""mon"": ""văn""}",loi_ngoai_le,Exception,Error executing tool lich_thi: Error,0,0.603,36,False
G000926,L000996,P00611,HS30,A,2026-10-27T20:20:48+07:00,1,tool,diem_tb,"{""diem"": [{""diem"": ""5,75"", ""he_so"": 2}, {""diem"": 9.0, ""he_so"": 3}, {""diem"": 4.0, ""he_so"": 1}, {""diem"": ""5,5"", ""he_so"": 3}, {""diem"": 6.0, ""he_so"": 3}]}",loi_ngoai_le,TypeError,Error executing tool diem_tb: can't multiply sequence by non-int of type 'int',1,0.555,90,False
G000927,L000996,P00611,HS30,A,2026-10-27T20:20:49+07:00,2,tool,diem_tb,"{""diem"": [{""diem"": 5.75, ""he_so"": 2}, {""diem"": 9.0, ""he_so"": 3}, {""diem"": 4.0, ""he_so"": 1}, {""diem"": 5.5, ""he_so"": 3}, {""diem"": 6.0, ""he_so"": 3}]}",thanh_cong,,,,0.892,6,False
G000928,L000997,P00611,HS30,A,2026-10-27T20:21:39+07:00,1,tool,diem_tb,"{""diem"": [{""diem"": 8.5, ""he_so"": 1}, {""diem"": 4.5, ""he_so"": 4}]}",thanh_cong,,,,0.926,6,False
G000929,L000998,P00612,HS32,A,2026-10-27T23:00:50+07:00,1,tool,doc_tai_lieu,"{""ten_file"": ""noi_quy.pdf""}",loi_ngoai_le,FileNotFoundError,Error executing tool doc_tai_lieu: [Errno 2] No such file or directory: '.../du_lieu/noi_quy.pdf',1,0.497,120,False
G000930,L000999,P00613,HS38,B,2026-10-27T12:42:01+07:00,1,tool,xem_tkb,"{""ngay"": ""t2""}",thanh_cong,,,,0.489,111,False
G000931,L001001,P00614,HS39,A,2026-10-27T13:29:50+07:00,1,tool,lich_thi,"{""mon"": ""toan""}",thanh_cong,,,,0.581,110,False
G000932,L001002,P00615,HS06,A,2026-10-28T22:13:24+07:00,1,tool,lich_thi,"{""mon"": ""tin""}",thanh_cong,,,,0.405,110,False
G000933,L001004,P00615,HS06,A,2026-10-28T22:14:09+07:00,1,tool,lich_thi,"{""mon"": ""anh văn""}",loi_ngoai_le,Exception,Error executing tool lich_thi: Error,0,0.557,36,False
G000934,L001005,P00615,HS06,A,2026-10-28T22:14:25+07:00,1,tool,lich_thi,"{""mon"": ""toan""}",thanh_cong,,,,0.361,110,False
G000935,L001007,P00615,HS06,A,2026-10-28T22:15:33+07:00,1,tool,diem_tb,"{""diem"": [{""diem"": 4.0, ""he_so"": 2}, {""diem"": 5.25, ""he_so"": 2}]}",thanh_cong,,,,0.339,6,False
G000936,L001008,P00616,HS06,A,2026-10-28T16:31:44+07:00,1,tool,diem_tb,"{""diem"": [{""diem"": 6.25, ""he_so"": 1}, {""diem"": 6.0, ""he_so"": 1}]}",thanh_cong,,,,0.834,6,False
G000937,L001009,P00616,HS06,A,2026-10-28T16:31:56+07:00,1,tool,diem_tb,"{""diem"": [{""diem"": 9.0, ""he_so"": 1}, {""diem"": ""8,75"", ""he_so"": 2}, {""diem"": ""5,25"", ""he_so"": 1}, {""diem"": ""9,75"", ""he_so"": 1}, {""diem"": ""4,5"", ""he_so"": 1}]}",loi_ngoai_le,TypeError,Error executing tool diem_tb: can't multiply sequence by non-int of type 'int',1,0.405,90,False
G000938,L001009,P00616,HS06,A,2026-10-28T16:31:58+07:00,2,tool,diem_tb,"{""diem"": [{""diem"": 9.0, ""he_so"": 1}, {""diem"": 8.75, ""he_so"": 2}, {""diem"": 5.25, ""he_so"": 1}, {""diem"": 9.75, ""he_so"": 1}, {""diem"": 4.5, ""he_so"": 1}]}",thanh_cong,,,,0.485,6,False
G000939,L001010,P00617,HS11,A,2026-10-28T17:57:24+07:00,1,tool,tkb,"{""ngay"": ""thứ hai""}",tra_ve_rong,,,0,0.464,4,False
G000940,L001011,P00618,HS13,B,2026-10-28T06:43:20+07:00,1,tool,xem_lich_thi,"{""mon"": ""su""}",loi_xac_thuc,ValidationError,"Error executing tool xem_lich_thi: 1 validation error for xem_lich_thiArguments
mon
  Input should be 'toan', 'tin' or 'van' [input_value=""su""]",2,0.71,200,False
G000941,L001012,P00619,HS15,B,2026-10-28T20:43:48+07:00,1,tool,tinh_diem_tb,"{""cac_diem"": [{""diem"": 10.0, ""he_so"": 1}, {""diem"": 9.75, ""he_so"": 3}, {""diem"": 6.25, ""he_so"": 1}, {""diem"": 7.0, ""he_so"": 1}, {""diem"": 5.0, ""he_so"": 3}]}",thanh_cong,,,,0.477,95,False
G000942,L001013,P00620,HS27,A,2026-10-28T06:22:30+07:00,1,tool,diem_tb,"{""diem"": [{""diem"": 9.25, ""he_so"": 1}, {""diem"": 8.75, ""he_so"": 1}, {""diem"": 4.0, ""he_so"": 2}]}",thanh_cong,,,,0.673,6,False
G000943,L001014,P00620,HS27,A,2026-10-28T06:22:56+07:00,1,tool,doc_tai_lieu,"{""ten_file"": ""noi_quy.txt""}",thanh_cong,,,,1.386,7590,False
G000944,L001015,P00621,HS28,B,2026-10-28T06:33:18+07:00,1,tool,tinh_diem_tb,"{""cac_diem"": [{""diem"": 7.0, ""he_so"": 1}, {""diem"": 8.25, ""he_so"": 1}, {""diem"": 4.25, ""he_so"": 2}, {""diem"": 6.0, ""he_so"": 1}, {""diem"": 7.0, ""he_so"": 1}]}",thanh_cong,,,,0.709,95,False
G000945,L001016,P00621,HS28,B,2026-10-28T06:33:53+07:00,1,tool,xem_tkb,"{""ngay"": ""thứ 3""}",loi_xac_thuc,ValidationError,"Error executing tool xem_tkb: 1 validation error for xem_tkbArguments
ngay
  Input should be 't2', 't3', 't4', 't5' or 't6' [input_value=""thứ 3""]",2,0.53,210,False
G000946,L001016,P00621,HS28,B,2026-10-28T06:33:55+07:00,2,tool,xem_tkb,"{""ngay"": ""t3""}",thanh_cong,,,,0.492,129,False
G000947,L001017,P00622,HS29,B,2026-10-28T12:44:16+07:00,1,tool,xem_lich_thi,"{""mon"": ""toan""}",thanh_cong,,,,0.575,130,False
G000948,L001019,P00623,HS29,B,2026-10-28T21:54:59+07:00,1,tool,xem_tkb,"{""ngay"": ""t3""}",thanh_cong,,,,0.751,129,False
G000949,L001020,P00624,HS29,B,2026-10-28T21:00:04+07:00,1,tool,xem_lich_thi,"{""mon"": ""van""}",thanh_cong,,,,0.91,130,False
G000950,L001021,P00624,HS29,B,2026-10-28T21:00:40+07:00,1,resource,lop://tai-lieu/diem.json,,bi_tu_choi,ResourceNotFoundError,Unknown resource: lop://tai-lieu/diem.json,0,0.836,70,False
G000951,L001023,P00626,HS35,A,2026-10-28T22:16:11+07:00,1,tool,lich_thi,"{""mon"": ""tin""}",thanh_cong,,,,0.358,110,False
G000952,L001024,P00626,HS35,A,2026-10-28T22:17:14+07:00,1,tool,lich_thi,"{""mon"": ""môn toán""}",loi_ngoai_le,Exception,Error executing tool lich_thi: Error,0,0.666,36,False
G000953,L001025,P00627,HS39,A,2026-10-28T17:34:34+07:00,1,tool,tkb,"{""ngay"": ""thứ năm""}",tra_ve_rong,,,0,0.321,4,False
G000954,L001026,P00628,HS01,B,2026-10-29T20:45:28+07:00,1,tool,xem_tkb,"{""ngay"": ""t4""}",thanh_cong,,,,0.67,111,False
G000955,L001027,P00629,HS03,A,2026-10-29T21:06:11+07:00,1,tool,tkb,"{""ngay"": ""thứ ba""}",tra_ve_rong,,,0,0.977,4,False
G000956,L001028,P00630,HS04,A,2026-10-29T14:23:34+07:00,1,tool,diem_tb,"{""diem"": [{""diem"": 7.0, ""he_so"": 1}, {""diem"": 5.5, ""he_so"": 1}, {""diem"": 9.25, ""he_so"": 1}]}",thanh_cong,,,,0.632,6,False
G000957,L001029,P00631,HS06,A,2026-10-29T13:36:13+07:00,1,tool,tkb,"{""ngay"": ""t4""}",thanh_cong,,,,0.862,51,False
G000958,L001030,P00632,HS07,B,2026-10-29T21:09:55+07:00,1,tool,xem_lich_thi,"{""mon"": ""tin""}",thanh_cong,,,,0.531,130,False
G000959,L001031,P00632,HS07,B,2026-10-29T21:10:17+07:00,1,tool,xem_lich_thi,"{""mon"": ""tin""}",thanh_cong,,,,1.066,130,False
G000960,L001032,P00633,HS08,B,2026-10-29T18:23:20+07:00,1,resource,lop://noi-quy,,thanh_cong,,,,0.794,7590,False
G000961,L001033,P00634,HS15,B,2026-10-29T20:43:19+07:00,1,tool,xem_lich_thi,"{""mon"": ""van""}",thanh_cong,,,,1.466,130,False
G000962,L001034,P00634,HS15,B,2026-10-29T20:43:34+07:00,1,tool,xem_tkb,"{""ngay"": ""t6""}",thanh_cong,,,,0.513,125,False
G000963,L001035,P00634,HS15,B,2026-10-29T20:44:17+07:00,1,tool,xem_tkb,"{""ngay"": ""t6""}",thanh_cong,,,,0.777,125,False
G000964,L001037,P00636,HS21,A,2026-10-29T12:11:45+07:00,1,tool,diem_tb,"{""diem"": [{""diem"": ""6,5"", ""he_so"": 1}, {""diem"": ""10,5"", ""he_so"": 1}]}",loi_ngoai_le,TypeError,Error executing tool diem_tb: can't multiply sequence by non-int of type 'int',1,0.314,90,False
G000965,L001039,P00637,HS23,A,2026-10-29T21:02:11+07:00,1,tool,doc_tai_lieu,"{""ten_file"": ""bang_diem.csv""}",loi_ngoai_le,FileNotFoundError,Error executing tool doc_tai_lieu: [Errno 2] No such file or directory: '.../du_lieu/bang_diem.csv',1,0.484,120,False
G000966,L001041,P00638,HS28,B,2026-10-29T20:22:11+07:00,1,tool,xem_lich_thi,"{""mon"": ""ly""}",loi_xac_thuc,ValidationError,"Error executing tool xem_lich_thi: 1 validation error for xem_lich_thiArguments
mon
  Input should be 'toan', 'tin' or 'van' [input_value=""ly""]",2,0.479,200,False
G000967,L001042,P00638,HS28,B,2026-10-29T20:22:50+07:00,1,tool,xem_lich_thi,"{""mon"": ""tin""}",thanh_cong,,,,0.658,130,False
G000968,L001043,P00639,HS31,A,2026-10-29T06:58:29+07:00,1,tool,lich_thi,"{""mon"": ""van""}",thanh_cong,,,,0.586,110,False
G000969,L001044,P00639,HS31,A,2026-10-29T06:59:02+07:00,1,tool,diem_tb,"{""diem"": [{""diem"": ""7,5"", ""he_so"": 3}, {""diem"": 5.0, ""he_so"": 1}]}",loi_ngoai_le,TypeError,Error executing tool diem_tb: can't multiply sequence by non-int of type 'int',1,0.429,90,False
G000970,L001044,P00639,HS31,A,2026-10-29T06:59:04+07:00,2,tool,diem_tb,"{""diem"": [{""diem"": 7.5, ""he_so"": 3}, {""diem"": 5.0, ""he_so"": 1}]}",thanh_cong,,,,0.584,6,False
G000971,L001045,P00640,HS31,A,2026-10-29T21:09:11+07:00,1,tool,lich_thi,"{""mon"": ""toan""}",thanh_cong,,,,0.431,110,False
G000972,L001047,P00642,HS35,A,2026-10-29T23:23:58+07:00,1,tool,diem_tb,"{""diem"": [{""diem"": 5.75, ""he_so"": 1}, {""diem"": 4.25, ""he_so"": 2}, {""diem"": 5.0, ""he_so"": 3}]}",thanh_cong,,,,0.741,6,False
G000973,L001048,P00643,HS40,A,2026-10-29T19:17:39+07:00,1,tool,lich_thi,"{""mon"": ""môn Văn""}",loi_ngoai_le,Exception,Error executing tool lich_thi: Error,0,0.32,36,False
G000974,L001049,P00643,HS40,A,2026-10-29T19:17:52+07:00,1,tool,lich_thi,"{""mon"": ""toan""}",thanh_cong,,,,0.853,110,False
G000975,L001050,P00644,HS06,A,2026-10-30T20:29:39+07:00,1,tool,diem_tb,"{""diem"": [{""diem"": 4.0, ""he_so"": 1}, {""diem"": 7.25, ""he_so"": 1}]}",thanh_cong,,,,0.305,6,False
G000976,L001052,P00644,HS06,A,2026-10-30T20:31:06+07:00,1,tool,tkb,"{""ngay"": ""thứ ba""}",tra_ve_rong,,,0,0.408,4,False
G000977,L001054,P00645,HS07,B,2026-10-30T12:04:40+07:00,1,tool,xem_lich_thi,"{""mon"": ""tin""}",thanh_cong,,,,0.356,130,False
G000978,L001055,P00646,HS16,B,2026-10-30T18:01:04+07:00,1,tool,xem_lich_thi,"{""mon"": ""tin""}",thanh_cong,,,,0.488,130,False
G000979,L001056,P00646,HS16,B,2026-10-30T18:01:17+07:00,1,resource,lop://noi-quy,,thanh_cong,,,,0.999,7590,False
G000980,L001057,P00647,HS19,B,2026-10-30T13:21:25+07:00,1,tool,xem_tkb,"{""ngay"": ""t3""}",thanh_cong,,,,0.696,129,False
G000981,L001058,P00647,HS19,B,2026-10-30T13:21:53+07:00,1,resource,lop://noi-quy,,thanh_cong,,,,2.728,7590,False
G000982,L001060,P00649,HS21,A,2026-10-30T18:05:12+07:00,1,tool,tkb,"{""ngay"": ""t4""}",thanh_cong,,,,1.01,51,False
G000983,L001061,P00650,HS25,A,2026-10-30T19:43:50+07:00,1,tool,lich_thi,"{""mon"": ""Ngữ văn""}",loi_ngoai_le,Exception,Error executing tool lich_thi: Error,0,0.427,36,False
G000984,L001062,P00651,HS27,A,2026-10-30T18:31:02+07:00,1,tool,doc_tai_lieu,"{""ten_file"": ""../du_lieu_ngoai/bi_mat.txt""}",thanh_cong,,,,0.868,230,False
G000985,L001063,P00652,HS29,B,2026-10-30T18:02:26+07:00,1,tool,tinh_diem_tb,"{""cac_diem"": [{""diem"": 7.5, ""he_so"": 2}, {""diem"": 10.5, ""he_so"": 3}]}",loi_xac_thuc,ValidationError,"Error executing tool tinh_diem_tb: 1 validation error for tinh_diem_tbArguments
cac_diem.0.diem
  Input should be less than or equal to 10 [input_value=""?""]",2,0.375,230,False
G000986,L001064,P00653,HS37,B,2026-10-30T22:48:53+07:00,1,tool,xem_tkb,"{""ngay"": ""t3""}",thanh_cong,,,,0.657,129,False
G000987,L001065,P00654,HS38,B,2026-10-30T13:28:38+07:00,1,tool,xem_lich_thi,"{""mon"": ""van""}",thanh_cong,,,,0.423,130,False
G000988,L001066,P00655,HS39,A,2026-10-30T16:05:03+07:00,1,tool,diem_tb,"{""diem"": [{""diem"": 4.25, ""he_so"": 1}, {""diem"": 9.5, ""he_so"": 1}, {""diem"": 10.0, ""he_so"": 2}, {""diem"": 7.0, ""he_so"": 2}, {""diem"": 7.75, ""he_so"": 1}]}",thanh_cong,,,,0.707,6,False
G000989,L001067,P00656,HS07,B,2026-10-31T19:12:26+07:00,1,tool,xem_tkb,"{""ngay"": ""cn""}",loi_xac_thuc,ValidationError,"Error executing tool xem_tkb: 1 validation error for xem_tkbArguments
ngay
  Input should be 't2', 't3', 't4', 't5' or 't6' [input_value=""cn""]",2,0.295,210,False
G000990,L001068,P00656,HS07,B,2026-10-31T19:12:53+07:00,1,tool,xem_tkb,"{""ngay"": ""t6""}",thanh_cong,,,,0.453,125,False
G000991,L001072,P00658,HS19,B,2026-10-31T21:48:13+07:00,1,resource,lop://noi-quy,,thanh_cong,,,,1.342,7590,False
G000992,L001073,P00659,HS33,A,2026-10-31T22:10:05+07:00,1,tool,diem_tb,"{""diem"": [{""diem"": 6.25, ""he_so"": 1}, {""diem"": 6.75, ""he_so"": 1}, {""diem"": 85, ""he_so"": 1}, {""diem"": 7.75, ""he_so"": 1}, {""diem"": 7.75, ""he_so"": 1}, {""diem"": 8.75, ""he_so"": 1}]}",thanh_cong,,,,0.736,6,False
G000993,L001074,P00660,HS39,A,2026-10-31T21:18:43+07:00,1,tool,tkb,"{""ngay"": ""t6""}",thanh_cong,,,,0.467,65,False
G000994,L001075,P00661,HS40,A,2026-10-31T06:57:50+07:00,1,tool,diem_tb,"{""diem"": [{""diem"": ""7,5"", ""he_so"": 2}, {""diem"": ""9,25"", ""he_so"": 1}]}",loi_ngoai_le,TypeError,Error executing tool diem_tb: can't multiply sequence by non-int of type 'int',1,0.224,90,False
G000995,L001076,P00661,HS40,A,2026-10-31T06:58:19+07:00,1,tool,diem_tb,"{""diem"": [{""diem"": ""7,75"", ""he_so"": 3}, {""diem"": ""7,25"", ""he_so"": 1}]}",loi_ngoai_le,TypeError,Error executing tool diem_tb: can't multiply sequence by non-int of type 'int',1,0.512,90,False
G000996,L001076,P00661,HS40,A,2026-10-31T06:58:20+07:00,2,tool,diem_tb,"{""diem"": [{""diem"": 7.75, ""he_so"": 3}, {""diem"": 7.25, ""he_so"": 1}]}",thanh_cong,,,,0.52,6,False
G000997,L001077,P00662,HS02,B,2026-11-01T06:00:53+07:00,1,tool,xem_tkb,"{""ngay"": ""t6""}",thanh_cong,,,,0.624,125,False
G000998,L001078,P00663,HS06,A,2026-11-01T21:04:13+07:00,1,tool,tkb,"{""ngay"": ""t5""}",thanh_cong,,,,0.532,191,True
G000999,L001079,P00663,HS06,A,2026-11-01T21:04:44+07:00,1,tool,tkb,"{""ngay"": ""ngày mai""}",tra_ve_rong,,,0,0.735,4,False
G001000,L001081,P00664,HS09,B,2026-11-01T21:24:52+07:00,1,tool,tinh_diem_tb,"{""cac_diem"": [{""diem"": 8.0, ""he_so"": 1}, {""diem"": 9.5, ""he_so"": 3}, {""diem"": 8.5, ""he_so"": 1}, {""diem"": 8.5, ""he_so"": 1}]}",thanh_cong,,,,0.474,95,False
G001001,L001082,P00664,HS09,B,2026-11-01T21:25:12+07:00,1,tool,xem_lich_thi,"{""mon"": ""van""}",thanh_cong,,,,0.627,130,False
G001002,L001084,P00666,HS12,B,2026-11-01T20:25:07+07:00,1,tool,tinh_diem_tb,"{""cac_diem"": [{""diem"": 9.5, ""he_so"": 1}, {""diem"": 7.75, ""he_so"": 1}, {""diem"": 8.5, ""he_so"": 2}, {""diem"": 5.25, ""he_so"": 1}, {""diem"": 10.0, ""he_so"": 1}]}",thanh_cong,,,,0.56,95,False
G001003,L001085,P00667,HS13,B,2026-11-01T21:27:39+07:00,1,tool,xem_lich_thi,"{""mon"": ""van""}",thanh_cong,,,,0.785,130,False
G001004,L001086,P00668,HS14,A,2026-11-01T15:56:52+07:00,1,tool,lich_thi,"{""mon"": ""Tin học""}",loi_ngoai_le,Exception,Error executing tool lich_thi: Error,0,0.951,36,False
G001005,L001087,P00669,HS16,B,2026-11-01T13:23:59+07:00,1,resource,lop://noi-quy,,thanh_cong,,,,0.892,7590,False
G001006,L001089,P00671,HS27,A,2026-11-01T20:43:00+07:00,1,tool,doc_tai_lieu,"{""ten_file"": ""noi_quy.txt""}",thanh_cong,,,,1.144,7590,False
G001007,L001090,P00672,HS29,B,2026-11-01T19:22:03+07:00,1,tool,xem_tkb,"{""ngay"": ""t2""}",thanh_cong,,,,0.627,111,False
G001008,L001091,P00672,HS29,B,2026-11-01T19:22:21+07:00,1,tool,tinh_diem_tb,"{""cac_diem"": [{""diem"": 9.25, ""he_so"": 1}, {""diem"": 7.5, ""he_so"": 1}]}",thanh_cong,,,,0.397,95,False
G001009,L001092,P00672,HS29,B,2026-11-01T19:22:58+07:00,1,tool,xem_tkb,"{""ngay"": ""t2""}",thanh_cong,,,,1.197,111,False
G001010,L001095,P00674,HS06,A,2026-11-02T20:36:18+07:00,1,tool,diem_tb,"{""diem"": [{""diem"": 4.75, ""he_so"": 2}, {""diem"": 5.25, ""he_so"": 1}, {""diem"": 7.75, ""he_so"": 1}, {""diem"": 5.25, ""he_so"": 1}]}",thanh_cong,,,,0.398,6,False
G001011,L001096,P00674,HS06,A,2026-11-02T20:37:06+07:00,1,tool,diem_tb,"{""diem"": [{""diem"": 6.25, ""he_so"": 3}, {""diem"": 9.0, ""he_so"": 1}]}",thanh_cong,,,,0.388,6,False
G001012,L001097,P00675,HS10,A,2026-11-02T21:27:09+07:00,1,tool,diem_tb,"{""diem"": [{""diem"": 5.5, ""he_so"": 3}, {""diem"": 7.5, ""he_so"": 2}, {""diem"": 9.5, ""he_so"": 2}]}",thanh_cong,,,,0.44,6,False
G001013,L001098,P00676,HS10,A,2026-11-02T23:00:39+07:00,1,tool,lich_thi,"{""mon"": ""van""}",thanh_cong,,,,0.621,110,False
G001014,L001099,P00676,HS10,A,2026-11-02T23:00:57+07:00,1,tool,tkb,"{""ngay"": ""t4""}",thanh_cong,,,,0.595,51,False
G001015,L001100,P00677,HS12,B,2026-11-02T20:04:09+07:00,1,tool,xem_tkb,"{""ngay"": ""t6""}",thanh_cong,,,,0.654,125,False
G001016,L001101,P00677,HS12,B,2026-11-02T20:04:42+07:00,1,tool,xem_lich_thi,"{""mon"": ""toan""}",thanh_cong,,,,0.679,130,False
G001017,L001102,P00678,HS12,B,2026-11-02T06:15:05+07:00,1,tool,xem_lich_thi,"{""mon"": ""tin""}",thanh_cong,,,,1.291,130,False
G001018,L001103,P00679,HS14,A,2026-11-02T19:10:33+07:00,1,tool,tkb,"{""ngay"": ""thứ ba""}",tra_ve_rong,,,0,0.482,4,False
G001019,L001104,P00679,HS14,A,2026-11-02T19:10:52+07:00,1,tool,doc_tai_lieu,"{""ten_file"": ""khong_cong_khai.txt""}",thanh_cong,,,,0.942,241,False
G001020,L001104,P00679,HS14,A,2026-11-02T19:10:53+07:00,2,tool,doc_tai_lieu,"{""ten_file"": ""noi_quy.txt""}",thanh_cong,,,,0.476,241,False
G001021,L001105,P00680,HS16,B,2026-11-02T22:56:59+07:00,1,tool,xem_tkb,"{""ngay"": ""t2""}",thanh_cong,,,,0.561,111,False
G001022,L001106,P00681,HS19,B,2026-11-02T22:30:34+07:00,1,tool,xem_tkb,"{""ngay"": ""t4""}",thanh_cong,,,,0.894,111,False
G001023,L001107,P00681,HS19,B,2026-11-02T22:30:46+07:00,1,tool,xem_lich_thi,"{""mon"": ""tin""}",thanh_cong,,,,0.87,130,False
G001024,L001108,P00682,HS20,A,2026-11-02T22:18:54+07:00,1,tool,diem_tb,"{""diem"": [{""diem"": 9.5, ""he_so"": 1}, {""diem"": 7.5, ""he_so"": 2}, {""diem"": 9.25, ""he_so"": 1}]}",thanh_cong,,,,0.642,6,False
G001025,L001109,P00683,HS25,A,2026-11-02T18:10:33+07:00,1,tool,tkb,"{""ngay"": ""T3""}",tra_ve_rong,,,0,0.82,4,False
G001026,L001110,P00684,HS26,B,2026-11-02T17:36:43+07:00,1,resource,lop://noi-quy,,thanh_cong,,,,1.137,7590,False
G001027,L001112,P00686,HS28,B,2026-11-02T21:04:38+07:00,1,tool,xem_lich_thi,"{""mon"": ""tin""}",thanh_cong,,,,0.478,130,False
G001028,L001113,P00687,HS30,A,2026-11-02T21:22:47+07:00,1,tool,doc_tai_lieu,"{""ten_file"": ""khong_cong_khai.txt""}",thanh_cong,,,,0.896,230,False
G001029,L001114,P00688,HS31,A,2026-11-02T22:38:01+07:00,1,tool,tkb,"{""ngay"": ""t3""}",thanh_cong,,,,1.009,69,False
G001030,L001115,P00688,HS31,A,2026-11-02T22:38:33+07:00,1,tool,lich_thi,"{""mon"": ""tin""}",thanh_cong,,,,0.35,110,False
G001031,L001116,P00689,HS32,A,2026-11-02T20:26:18+07:00,1,tool,lich_thi,"{""mon"": ""van""}",thanh_cong,,,,0.457,110,False
G001032,L001117,P00689,HS32,A,2026-11-02T20:28:40+07:00,1,tool,diem_tb,"{""diem"": [{""diem"": ""7,25"", ""he_so"": 1}, {""diem"": ""7,25"", ""he_so"": 2}, {""diem"": ""7,5"", ""he_so"": 1}, {""diem"": ""7,25"", ""he_so"": 3}, {""diem"": ""7,5"", ""he_so"": 1}, {""diem"": 4.0, ""he_so"": 2}]}",loi_ngoai_le,TypeError,Error executing tool diem_tb: can't multiply sequence by non-int of type 'int',1,0.605,90,False
G001033,L001118,P00690,HS37,B,2026-11-02T19:48:04+07:00,1,tool,tinh_diem_tb,"{""cac_diem"": [{""diem"": 8.25, ""he_so"": 1}, {""diem"": 6.5, ""he_so"": 1}]}",thanh_cong,,,,0.799,95,False
G001034,L001119,P00691,HS37,B,2026-11-02T21:24:52+07:00,1,tool,xem_tkb,"{""ngay"": ""t3""}",thanh_cong,,,,0.344,129,False
G001035,L001120,P00692,HS39,A,2026-11-02T20:03:54+07:00,1,tool,doc_tai_lieu,"{""ten_file"": ""noi_quy.txt""}",thanh_cong,,,,0.759,7590,False
G001036,L001121,P00692,HS39,A,2026-11-02T20:04:34+07:00,1,tool,tkb,"{""ngay"": ""thứ sáu""}",tra_ve_rong,,,0,0.939,4,False
G001037,L001121,P00692,HS39,A,2026-11-02T20:04:36+07:00,2,tool,tkb,"{""ngay"": ""t6""}",thanh_cong,,,,0.554,65,False
G001038,L001122,P00692,HS39,A,2026-11-02T20:04:59+07:00,1,tool,doc_tai_lieu,"{""ten_file"": ""noiquy.txt""}",loi_ngoai_le,FileNotFoundError,Error executing tool doc_tai_lieu: [Errno 2] No such file or directory: '.../du_lieu/noiquy.txt',1,0.778,120,False
G001039,L001122,P00692,HS39,A,2026-11-02T20:05:00+07:00,2,tool,doc_tai_lieu,"{""ten_file"": ""noi_quy.txt""}",thanh_cong,,,,0.769,7590,False
G001040,L001123,P00693,HS40,A,2026-11-02T11:26:02+07:00,1,tool,lich_thi,"{""mon"": ""tin""}",thanh_cong,,,,0.525,110,False
G001041,L001124,P00693,HS40,A,2026-11-02T11:26:26+07:00,1,tool,tkb,"{""ngay"": ""thứ 4""}",tra_ve_rong,,,0,0.99,4,False
G001042,L001124,P00693,HS40,A,2026-11-02T11:26:27+07:00,2,tool,tkb,"{""ngay"": ""t4""}",thanh_cong,,,,0.962,51,False
G001043,L001125,P00694,HS04,A,2026-11-03T21:45:15+07:00,1,tool,lich_thi,"{""mon"": ""môn toán""}",loi_ngoai_le,Exception,Error executing tool lich_thi: Error,0,0.976,36,False
G001044,L001126,P00695,HS04,A,2026-11-03T06:26:47+07:00,1,tool,tkb,"{""ngay"": ""thứ 4""}",tra_ve_rong,,,0,0.43,4,False
G001045,L001126,P00695,HS04,A,2026-11-03T06:26:49+07:00,2,tool,tkb,"{""ngay"": ""t4""}",thanh_cong,,,,0.465,51,False
G001046,L001127,P00695,HS04,A,2026-11-03T06:27:19+07:00,1,tool,lich_thi,"{""mon"": ""tin""}",thanh_cong,,,,0.571,110,False
G001047,L001128,P00695,HS04,A,2026-11-03T06:28:07+07:00,1,tool,lich_thi,"{""mon"": ""toan""}",thanh_cong,,,,0.745,110,False
G001048,L001129,P00696,HS10,A,2026-11-03T06:19:35+07:00,1,tool,diem_tb,"{""diem"": [{""diem"": 4.75, ""he_so"": 1}, {""diem"": 9.0, ""he_so"": 2}, {""diem"": 4.5, ""he_so"": 1}]}",thanh_cong,,,,0.793,6,False
G001049,L001130,P00697,HS12,B,2026-11-03T22:08:21+07:00,1,tool,tinh_diem_tb,"{""cac_diem"": [{""diem"": 8.75, ""he_so"": 1}, {""diem"": 5.5, ""he_so"": 1}, {""diem"": 4.25, ""he_so"": 2}]}",thanh_cong,,,,0.481,95,False
G001050,L001131,P00698,HS13,B,2026-11-03T23:13:38+07:00,1,tool,xem_lich_thi,"{""mon"": ""toan""}",thanh_cong,,,,0.478,130,False
G001051,L001132,P00698,HS13,B,2026-11-03T23:13:55+07:00,1,tool,xem_tkb,"{""ngay"": ""t6""}",thanh_cong,,,,0.573,125,False
G001052,L001133,P00699,HS13,B,2026-11-03T21:33:31+07:00,1,tool,xem_tkb,"{""ngay"": ""t5""}",thanh_cong,,,,0.554,251,True
G001053,L001134,P00700,HS15,B,2026-11-03T21:18:56+07:00,1,resource,lop://noi-quy,,thanh_cong,,,,1.162,7590,False
G001054,L001135,P00700,HS15,B,2026-11-03T21:19:24+07:00,1,tool,xem_tkb,"{""ngay"": ""t7""}",loi_xac_thuc,ValidationError,"Error executing tool xem_tkb: 1 validation error for xem_tkbArguments
ngay
  Input should be 't2', 't3', 't4', 't5' or 't6' [input_value=""t7""]",2,0.346,210,False
G001055,L001136,P00700,HS15,B,2026-11-03T21:19:42+07:00,1,tool,xem_tkb,"{""ngay"": ""t2""}",thanh_cong,,,,0.51,111,False
G001056,L001137,P00700,HS15,B,2026-11-03T21:20:01+07:00,1,tool,xem_lich_thi,"{""mon"": ""toan""}",thanh_cong,,,,0.254,130,False
G001057,L001138,P00701,HS16,B,2026-11-03T14:08:38+07:00,1,resource,lop://noi-quy,,thanh_cong,,,,0.993,7590,False
G001058,L001140,P00703,HS22,A,2026-11-03T13:44:33+07:00,1,tool,diem_tb,"{""diem"": [{""diem"": ""6,5"", ""he_so"": 3}, {""diem"": ""6,5"", ""he_so"": 1}, {""diem"": 5.0, ""he_so"": 2}, {""diem"": ""9,75"", ""he_so"": 1}]}",loi_ngoai_le,TypeError,Error executing tool diem_tb: can't multiply sequence by non-int of type 'int',1,0.548,90,False
G001059,L001141,P00704,HS26,B,2026-11-03T14:50:43+07:00,1,tool,xem_tkb,"{""ngay"": ""t6""}",thanh_cong,,,,0.72,125,False
G001060,L001142,P00705,HS28,B,2026-11-03T21:46:06+07:00,1,tool,xem_tkb,"{""ngay"": ""t4""}",thanh_cong,,,,1.212,111,False
G001061,L001143,P00706,HS31,A,2026-11-03T20:47:31+07:00,1,tool,diem_tb,"{""diem"": [{""diem"": ""5,5"", ""he_so"": 1}, {""diem"": 10.0, ""he_so"": 1}, {""diem"": 5.0, ""he_so"": 2}, {""diem"": ""8,25"", ""he_so"": 1}, {""diem"": ""8,5"", ""he_so"": 2}]}",loi_ngoai_le,TypeError,Error executing tool diem_tb: can't multiply sequence by non-int of type 'int',1,0.619,90,False
G001062,L001143,P00706,HS31,A,2026-11-03T20:47:32+07:00,2,tool,diem_tb,"{""diem"": [{""diem"": 5.5, ""he_so"": 1}, {""diem"": 10.0, ""he_so"": 1}, {""diem"": 5.0, ""he_so"": 2}, {""diem"": 8.25, ""he_so"": 1}, {""diem"": 8.5, ""he_so"": 2}]}",thanh_cong,,,,0.618,6,False
G001063,L001144,P00707,HS33,A,2026-11-03T05:51:49+07:00,1,tool,diem_tb,"{""diem"": [{""diem"": 5.75, ""he_so"": 1}, {""diem"": 5.5, ""he_so"": 1}, {""diem"": 5.5, ""he_so"": 1}, {""diem"": 4.5, ""he_so"": 3}]}",thanh_cong,,,,1.101,6,False
G001064,L001145,P00707,HS33,A,2026-11-03T05:52:06+07:00,1,tool,tkb,"{""ngay"": ""thứ 4""}",tra_ve_rong,,,0,0.444,4,False
G001065,L001145,P00707,HS33,A,2026-11-03T05:52:07+07:00,2,tool,tkb,"{""ngay"": ""t4""}",thanh_cong,,,,0.88,51,False
G001066,L001146,P00708,HS37,B,2026-11-03T12:19:21+07:00,1,tool,xem_lich_thi,"{""mon"": ""hoa""}",loi_xac_thuc,ValidationError,"Error executing tool xem_lich_thi: 1 validation error for xem_lich_thiArguments
mon
  Input should be 'toan', 'tin' or 'van' [input_value=""hoa""]",2,0.332,200,False
G001067,L001147,P00709,HS38,B,2026-11-03T21:35:38+07:00,1,tool,xem_lich_thi,"{""mon"": ""toan""}",thanh_cong,,,,0.656,130,False
G001068,L001148,P00710,HS39,A,2026-11-03T17:47:38+07:00,1,tool,diem_tb,"{""diem"": [{""diem"": 5.25, ""he_so"": 1}, {""diem"": 9.25, ""he_so"": 1}, {""diem"": 5.25, ""he_so"": 1}]}",thanh_cong,,,,0.715,6,False
G001069,L001149,P00710,HS39,A,2026-11-03T17:48:00+07:00,1,tool,tkb,"{""ngay"": ""t4""}",thanh_cong,,,,0.632,51,False
G001070,L001151,P00711,HS04,A,2026-11-04T23:19:00+07:00,1,tool,lich_thi,"{""mon"": ""toan""}",thanh_cong,,,,1.244,110,False
G001071,L001152,P00712,HS06,A,2026-11-04T05:55:39+07:00,1,tool,tkb,"{""ngay"": ""t6""}",thanh_cong,,,,0.638,65,False
G001072,L001153,P00712,HS06,A,2026-11-04T05:56:12+07:00,1,tool,lich_thi,"{""mon"": ""anh văn""}",loi_ngoai_le,Exception,Error executing tool lich_thi: Error,0,0.845,36,False
G001073,L001154,P00713,HS10,A,2026-11-04T18:41:06+07:00,1,tool,doc_tai_lieu,"{""ten_file"": ""../du_lieu_ngoai/bi_mat.txt""}",thanh_cong,,,,1.048,230,False
G001074,L001155,P00714,HS12,B,2026-11-04T23:08:03+07:00,1,tool,tinh_diem_tb,"{""cac_diem"": []}",loi_nghiep_vu,ToolError,"Danh sách điểm đang trống. Hãy đưa vào ít nhất một điểm, ví dụ: [{""diem"": 8, ""he_so"": 1}].",2,0.671,120,False
G001075,L001156,P00715,HS14,A,2026-11-04T22:14:59+07:00,1,tool,diem_tb,"{""diem"": [{""diem"": 5.75, ""he_so"": 2}, {""diem"": 9.25, ""he_so"": 1}, {""diem"": 7.0, ""he_so"": 2}, {""diem"": 4.75, ""he_so"": 3}, {""diem"": 10.0, ""he_so"": 2}]}",thanh_cong,,,,0.692,6,False
G001076,L001157,P00715,HS14,A,2026-11-04T22:16:18+07:00,1,tool,tkb,"{""ngay"": ""thứ bảy""}",tra_ve_rong,,,0,0.722,4,False
G001077,L001158,P00716,HS16,B,2026-11-04T13:23:47+07:00,1,tool,xem_tkb,"{""ngay"": ""t3""}",thanh_cong,,,,0.649,129,False
G001078,L001160,P00717,HS19,B,2026-11-04T19:50:26+07:00,1,tool,xem_tkb,"{""ngay"": ""t4""}",thanh_cong,,,,1.214,111,False
G001079,L001161,P00718,HS21,A,2026-11-04T21:38:31+07:00,1,tool,diem_tb,"{""diem"": [{""diem"": 6.25, ""he_so"": 1}, {""diem"": 9.0, ""he_so"": 2}, {""diem"": 8.25, ""he_so"": 3}, {""diem"": 4.5, ""he_so"": 1}]}",thanh_cong,,,,1.106,6,False
G001080,L001162,P00719,HS24,B,2026-11-04T14:03:01+07:00,1,tool,xem_tkb,"{""ngay"": ""t3""}",thanh_cong,,,,0.396,129,False
G001081,L001163,P00720,HS24,B,2026-11-04T18:24:30+07:00,1,tool,xem_tkb,"{""ngay"": ""t3""}",thanh_cong,,,,0.75,129,False
G001082,L001164,P00721,HS32,A,2026-11-04T22:47:31+07:00,1,tool,diem_tb,"{""diem"": [{""diem"": 7.75, ""he_so"": 2}, {""diem"": 9.25, ""he_so"": 2}, {""diem"": -1, ""he_so"": 1}]}",thanh_cong,,,,0.419,6,False
G001083,L001166,P00723,HS40,A,2026-11-04T21:28:36+07:00,1,tool,tkb,"{""ngay"": ""t3""}",thanh_cong,,,,0.569,69,False
G001084,L001167,P00724,HS03,A,2026-11-05T22:16:44+07:00,1,tool,diem_tb,"{""diem"": [{""diem"": 8.5, ""he_so"": 1}, {""diem"": 9.0, ""he_so"": 3}, {""diem"": 7.5, ""he_so"": 2}, {""diem"": 8.5, ""he_so"": 1}, {""diem"": 8.0, ""he_so"": 2}, {""diem"": 8.5, ""he_so"": 3}]}",thanh_cong,,,,0.545,6,False
G001085,L001168,P00724,HS03,A,2026-11-05T22:17:13+07:00,1,tool,tkb,"{""ngay"": ""ngày mai""}",tra_ve_rong,,,0,0.717,4,False
G001086,L001168,P00724,HS03,A,2026-11-05T22:17:14+07:00,2,tool,tkb,"{""ngay"": ""t6""}",thanh_cong,,,,0.471,65,False
G001087,L001169,P00725,HS03,A,2026-11-05T21:46:51+07:00,1,tool,lich_thi,"{""mon"": ""Lịch sử""}",loi_ngoai_le,Exception,Error executing tool lich_thi: Error,0,0.88,36,False
G001088,L001170,P00726,HS07,B,2026-11-05T10:49:53+07:00,1,tool,xem_tkb,"{""ngay"": ""hôm thứ Hai""}",loi_xac_thuc,ValidationError,"Error executing tool xem_tkb: 1 validation error for xem_tkbArguments
ngay
  Input should be 't2', 't3', 't4', 't5' or 't6' [input_value=""hôm thứ Hai""]",2,0.318,210,False
G001089,L001170,P00726,HS07,B,2026-11-05T10:49:55+07:00,2,tool,xem_tkb,"{""ngay"": ""t2""}",thanh_cong,,,,0.514,111,False
G001090,L001171,P00726,HS07,B,2026-11-05T10:50:22+07:00,1,tool,xem_tkb,"{""ngay"": ""t6""}",thanh_cong,,,,0.589,125,False
G001091,L001173,P00727,HS09,B,2026-11-05T14:11:54+07:00,1,tool,xem_lich_thi,"{""mon"": ""tin""}",thanh_cong,,,,0.531,130,False
G001092,L001174,P00728,HS18,B,2026-11-05T10:28:12+07:00,1,resource,lop://noi-quy,,thanh_cong,,,,1.355,7590,False
G001093,L001175,P00729,HS19,B,2026-11-05T22:57:34+07:00,1,tool,tinh_diem_tb,"{""cac_diem"": [{""diem"": 10.0, ""he_so"": 1}, {""diem"": 7.5, ""he_so"": 3}, {""diem"": 8.5, ""he_so"": 3}, {""diem"": 6.75, ""he_so"": 1}, {""diem"": 7.5, ""he_so"": 1}]}",thanh_cong,,,,1.052,95,False
G001094,L001176,P00729,HS19,B,2026-11-05T22:58:04+07:00,1,tool,xem_lich_thi,"{""mon"": ""toan""}",thanh_cong,,,,1.135,130,False
G001095,L001177,P00729,HS19,B,2026-11-05T22:58:23+07:00,1,resource,lop://noi-quy,,thanh_cong,,,,1.247,7590,False
G001096,L001178,P00730,HS19,B,2026-11-05T18:19:26+07:00,1,resource,lop://noi-quy,,thanh_cong,,,,0.474,7590,False
G001097,L001180,P00731,HS22,A,2026-11-05T21:18:33+07:00,1,tool,doc_tai_lieu,"{""ten_file"": ""noiquy.txt""}",loi_ngoai_le,FileNotFoundError,Error executing tool doc_tai_lieu: [Errno 2] No such file or directory: '.../du_lieu/noiquy.txt',1,0.506,120,False
G001098,L001181,P00731,HS22,A,2026-11-05T21:19:12+07:00,1,tool,tkb,"{""ngay"": ""thứ sáu""}",tra_ve_rong,,,0,0.374,4,False
G001099,L001182,P00732,HS26,B,2026-11-05T21:58:31+07:00,1,tool,tinh_diem_tb,"{""cac_diem"": [{""diem"": 6.25, ""he_so"": 2}, {""diem"": 7.5, ""he_so"": 1}]}",thanh_cong,,,,0.513,95,False
G001100,L001183,P00732,HS26,B,2026-11-05T21:59:03+07:00,1,tool,tinh_diem_tb,"{""cac_diem"": [{""diem"": 5.25, ""he_so"": 1}, {""diem"": 5.75, ""he_so"": 3}]}",thanh_cong,,,,0.437,95,False
G001101,L001185,P00733,HS27,A,2026-11-05T20:00:28+07:00,1,tool,diem_tb,"{""diem"": [{""diem"": 7.5, ""he_so"": 1}, {""diem"": 5.75, ""he_so"": 3}]}",thanh_cong,,,,0.781,6,False
G001102,L001186,P00734,HS38,B,2026-11-05T20:09:32+07:00,1,tool,xem_tkb,"{""ngay"": ""t2""}",thanh_cong,,,,0.413,111,False
G001103,L001187,P00734,HS38,B,2026-11-05T20:09:49+07:00,1,tool,xem_lich_thi,"{""mon"": ""anh""}",loi_xac_thuc,ValidationError,"Error executing tool xem_lich_thi: 1 validation error for xem_lich_thiArguments
mon
  Input should be 'toan', 'tin' or 'van' [input_value=""anh""]",2,0.484,200,False
G001104,L001188,P00735,HS01,B,2026-11-06T13:06:37+07:00,1,tool,xem_tkb,"{""ngay"": ""t3""}",thanh_cong,,,,0.5,129,False
G001105,L001189,P00735,HS01,B,2026-11-06T13:08:49+07:00,1,tool,tinh_diem_tb,"{""cac_diem"": [{""diem"": 4.75, ""he_so"": 1}, {""diem"": 9.75, ""he_so"": 3}, {""diem"": 6.75, ""he_so"": 1}, {""diem"": 7.5, ""he_so"": 3}, {""diem"": 6.25, ""he_so"": 3}, {""diem"": 9.25, ""he_so"": 1}]}",thanh_cong,,,,0.985,95,False
G001106,L001190,P00736,HS03,A,2026-11-06T12:03:29+07:00,1,tool,lich_thi,"{""mon"": ""toan""}",thanh_cong,,,,0.739,110,False
G001107,L001191,P00736,HS03,A,2026-11-06T12:03:47+07:00,1,tool,tkb,"{""ngay"": ""T2""}",tra_ve_rong,,,0,1.235,4,False
G001108,L001193,P00737,HS04,A,2026-11-06T21:08:46+07:00,1,tool,lich_thi,"{""mon"": ""Tin học""}",loi_ngoai_le,Exception,Error executing tool lich_thi: Error,0,0.894,36,False
G001109,L001195,P00738,HS07,B,2026-11-06T10:54:13+07:00,1,tool,tinh_diem_tb,"{""cac_diem"": [{""diem"": 9.0, ""he_so"": 3}, {""diem"": 6.5, ""he_so"": 2}]}",thanh_cong,,,,0.514,95,False
G001110,L001197,P00738,HS07,B,2026-11-06T10:55:11+07:00,1,tool,xem_tkb,"{""ngay"": ""t5""}",thanh_cong,,,,0.45,251,True
G001111,L001198,P00739,HS11,A,2026-11-06T20:03:25+07:00,1,tool,tkb,"{""ngay"": ""t6""}",thanh_cong,,,,0.362,65,False
G001112,L001199,P00740,HS13,B,2026-11-06T18:38:02+07:00,1,tool,tinh_diem_tb,"{""cac_diem"": [{""diem"": 7.75, ""he_so"": 1}, {""diem"": 7.25, ""he_so"": 1}, {""diem"": 8.25, ""he_so"": 2}]}",thanh_cong,,,,0.866,95,False
G001113,L001200,P00740,HS13,B,2026-11-06T18:38:29+07:00,1,tool,tinh_diem_tb,"{""cac_diem"": [{""diem"": 8.75, ""he_so"": 1}, {""diem"": 8.25, ""he_so"": 1}, {""diem"": 9.25, ""he_so"": 1}]}",thanh_cong,,,,1.035,95,False
G001114,L001201,P00740,HS13,B,2026-11-06T18:39:05+07:00,1,tool,xem_tkb,"{""ngay"": ""t7""}",loi_xac_thuc,ValidationError,"Error executing tool xem_tkb: 1 validation error for xem_tkbArguments
ngay
  Input should be 't2', 't3', 't4', 't5' or 't6' [input_value=""t7""]",2,0.452,210,False
G001115,L001202,P00741,HS15,B,2026-11-06T20:05:14+07:00,1,resource,lop://noi-quy,,thanh_cong,,,,0.619,7590,False
G001116,L001204,P00742,HS17,B,2026-11-06T20:53:50+07:00,1,tool,xem_lich_thi,"{""mon"": ""Toán""}",loi_xac_thuc,ValidationError,"Error executing tool xem_lich_thi: 1 validation error for xem_lich_thiArguments
mon
  Input should be 'toan', 'tin' or 'van' [input_value=""Toán""]",2,0.267,200,False
G001117,L001204,P00742,HS17,B,2026-11-06T20:53:52+07:00,2,tool,xem_lich_thi,"{""mon"": ""toan""}",thanh_cong,,,,0.651,130,False
G001118,L001205,P00742,HS17,B,2026-11-06T20:54:20+07:00,1,tool,xem_lich_thi,"{""mon"": ""van""}",thanh_cong,,,,0.657,130,False
G001119,L001206,P00743,HS34,B,2026-11-06T23:00:00+07:00,1,tool,xem_lich_thi,"{""mon"": ""toan""}",thanh_cong,,,,0.554,130,False
G001120,L001207,P00744,HS39,A,2026-11-06T22:29:36+07:00,1,tool,tkb,"{""ngay"": ""ngày mai""}",tra_ve_rong,,,0,0.569,4,False
G001121,L001208,P00744,HS39,A,2026-11-06T22:30:11+07:00,1,tool,diem_tb,"{""diem"": [{""diem"": 7.5, ""he_so"": 3}, {""diem"": 4.5, ""he_so"": 1}, {""diem"": 7.5, ""he_so"": 2}]}",thanh_cong,,,,0.524,6,False
G001122,L001209,P00744,HS39,A,2026-11-06T22:30:51+07:00,1,tool,diem_tb,"{""diem"": [{""diem"": 6.0, ""he_so"": 1}, {""diem"": ""4,5"", ""he_so"": 3}]}",loi_ngoai_le,TypeError,Error executing tool diem_tb: can't multiply sequence by non-int of type 'int',1,0.733,90,False
G001123,L001209,P00744,HS39,A,2026-11-06T22:30:53+07:00,2,tool,diem_tb,"{""diem"": [{""diem"": 6.0, ""he_so"": 1}, {""diem"": 4.5, ""he_so"": 3}]}",thanh_cong,,,,0.666,6,False
G001124,L001211,P00745,HS01,B,2026-11-07T21:36:43+07:00,1,resource,lop://noi-quy,,thanh_cong,,,,0.887,7590,False
G001125,L001213,P00746,HS02,B,2026-11-07T22:05:48+07:00,1,tool,xem_tkb,"{""ngay"": ""t2""}",thanh_cong,,,,0.523,111,False
G001126,L001214,P00747,HS12,B,2026-11-07T21:58:08+07:00,1,resource,lop://noi-quy,,thanh_cong,,,,0.74,7590,False
G001127,L001215,P00747,HS12,B,2026-11-07T21:58:26+07:00,1,tool,xem_tkb,"{""ngay"": ""<chuỗi 9966 ký tự>""}",loi_xac_thuc,ValidationError,"Error executing tool xem_tkb: 1 validation error for xem_tkbArguments
ngay
  Input should be 't2', 't3', 't4', 't5' or 't6' [input_value=""xxxx""]",2,0.254,260,False
G001128,L001216,P00747,HS12,B,2026-11-07T21:58:47+07:00,1,tool,tinh_diem_tb,"{""cac_diem"": [{""diem"": 7.0, ""he_so"": 1}, {""diem"": 9.0, ""he_so"": 2}, {""diem"": 5.75, ""he_so"": 3}, {""diem"": 7.25, ""he_so"": 2}, {""diem"": 9.25, ""he_so"": 3}]}",thanh_cong,,,,0.783,95,False
G001129,L001217,P00748,HS13,B,2026-11-07T21:42:40+07:00,1,tool,xem_tkb,"{""ngay"": ""t3""}",thanh_cong,,,,0.594,129,False
G001130,L001218,P00749,HS15,B,2026-11-07T21:57:30+07:00,1,tool,xem_lich_thi,"{""mon"": ""toan""}",thanh_cong,,,,0.706,130,False
G001131,L001219,P00750,HS17,B,2026-11-07T14:47:48+07:00,1,tool,xem_tkb,"{""ngay"": ""t2""}",thanh_cong,,,,0.503,111,False
G001132,L001222,P00752,HS24,B,2026-11-07T17:56:12+07:00,1,tool,xem_tkb,"{""ngay"": ""t3""}",thanh_cong,,,,0.689,129,False
G001133,L001224,P00754,HS38,B,2026-11-07T19:38:18+07:00,1,tool,xem_tkb,"{""ngay"": ""cn""}",loi_xac_thuc,ValidationError,"Error executing tool xem_tkb: 1 validation error for xem_tkbArguments
ngay
  Input should be 't2', 't3', 't4', 't5' or 't6' [input_value=""cn""]",2,0.435,210,False
G001134,L001225,P00755,HS40,A,2026-11-07T20:29:52+07:00,1,tool,lich_thi,"{""mon"": ""Hoá học""}",loi_ngoai_le,Exception,Error executing tool lich_thi: Error,0,0.654,36,False
G001135,L001226,P00755,HS40,A,2026-11-07T20:30:35+07:00,1,tool,lich_thi,"{""mon"": ""toan""}",thanh_cong,,,,0.868,110,False
G001136,L001227,P00756,HS03,A,2026-11-08T20:01:42+07:00,1,tool,tkb,"{""ngay"": ""thứ năm""}",tra_ve_rong,,,0,0.291,4,False
G001137,L001228,P00757,HS04,A,2026-11-08T20:36:23+07:00,1,tool,doc_tai_lieu,"{""ten_file"": ""noi_quy.txt""}",thanh_cong,,,,0.795,7590,False
G001138,L001229,P00757,HS04,A,2026-11-08T20:37:16+07:00,1,tool,tkb,"{""ngay"": ""thứ sáu""}",tra_ve_rong,,,0,0.997,4,False
G001139,L001229,P00757,HS04,A,2026-11-08T20:37:17+07:00,2,tool,tkb,"{""ngay"": ""t6""}",thanh_cong,,,,0.551,65,False
G001140,L001230,P00758,HS06,A,2026-11-08T21:33:05+07:00,1,tool,tkb,"{""ngay"": ""thứ 4""}",tra_ve_rong,,,0,0.413,4,False
G001141,L001230,P00758,HS06,A,2026-11-08T21:33:06+07:00,2,tool,tkb,"{""ngay"": ""t4""}",thanh_cong,,,,0.545,51,False
G001142,L001231,P00758,HS06,A,2026-11-08T21:33:49+07:00,1,tool,tkb,"{""ngay"": ""t2""}",thanh_cong,,,,0.458,51,False
G001143,L001232,P00758,HS06,A,2026-11-08T21:34:13+07:00,1,tool,diem_tb,"{""diem"": [{""diem"": 5.0, ""he_so"": 3}, {""diem"": 9.0, ""he_so"": 3}]}",thanh_cong,,,,0.416,6,False
G001144,L001233,P00759,HS07,B,2026-11-08T22:26:09+07:00,1,tool,xem_lich_thi,"{""mon"": ""ly""}",loi_xac_thuc,ValidationError,"Error executing tool xem_lich_thi: 1 validation error for xem_lich_thiArguments
mon
  Input should be 'toan', 'tin' or 'van' [input_value=""ly""]",2,0.32,200,False
G001145,L001234,P00759,HS07,B,2026-11-08T22:27:49+07:00,1,tool,xem_lich_thi,"{""mon"": ""tin""}",thanh_cong,,,,1.144,130,False
G001146,L001235,P00760,HS08,B,2026-11-08T18:42:24+07:00,1,tool,tinh_diem_tb,"{""cac_diem"": [{""diem"": 7.5, ""he_so"": 2}, {""diem"": 5.25, ""he_so"": 3}, {""diem"": 7.25, ""he_so"": 3}, {""diem"": 9.75, ""he_so"": 1}]}",thanh_cong,,,,0.5,95,False
G001147,L001237,P00761,HS09,B,2026-11-08T06:05:32+07:00,1,tool,xem_lich_thi,"{""mon"": ""van""}",thanh_cong,,,,0.569,130,False
G001148,L001239,P00763,HS13,B,2026-11-08T19:14:20+07:00,1,tool,xem_tkb,"{""ngay"": ""t3""}",thanh_cong,,,,0.405,129,False
G001149,L001240,P00763,HS13,B,2026-11-08T19:15:29+07:00,1,tool,tinh_diem_tb,"{""cac_diem"": [{""diem"": 7.0, ""he_so"": 2}, {""diem"": 4.0, ""he_so"": 2}, {""diem"": 5.25, ""he_so"": 2}]}",thanh_cong,,,,0.314,95,False
G001150,L001241,P00764,HS14,A,2026-11-08T23:50:52+07:00,1,tool,doc_tai_lieu,"{""ten_file"": ""khong_cong_khai.txt""}",thanh_cong,,,,0.654,241,False
G001151,L001241,P00764,HS14,A,2026-11-08T23:50:53+07:00,2,tool,doc_tai_lieu,"{""ten_file"": ""lich_thi.json""}",thanh_cong,,,,0.541,241,False
G001152,L001241,P00764,HS14,A,2026-11-08T23:50:54+07:00,3,tool,doc_tai_lieu,"{""ten_file"": ""thoi_khoa_bieu.json""}",thanh_cong,,,,1.107,241,False
G001153,L001243,P00766,HS18,B,2026-11-08T21:46:19+07:00,1,tool,tinh_diem_tb,"{""cac_diem"": [{""diem"": 4.25, ""he_so"": 2}, {""diem"": 6.0, ""he_so"": 1}, {""diem"": 9.75, ""he_so"": 2}, {""diem"": 9.5, ""he_so"": 2}, {""diem"": 4.5, ""he_so"": 3}]}",thanh_cong,,,,0.447,95,False
G001154,L001244,P00767,HS24,B,2026-11-08T22:02:23+07:00,1,tool,xem_tkb,"{""ngay"": ""t4""}",thanh_cong,,,,0.83,111,False
G001155,L001245,P00767,HS24,B,2026-11-08T22:02:58+07:00,1,resource,lop://noi-quy,,thanh_cong,,,,0.71,7590,False
G001156,L001246,P00768,HS26,B,2026-11-08T22:15:51+07:00,1,tool,xem_tkb,"{""ngay"": ""t2""}",thanh_cong,,,,0.655,111,False
G001157,L001247,P00769,HS27,A,2026-11-08T07:30:12+07:00,1,tool,diem_tb,"{""diem"": [{""diem"": 5.75, ""he_so"": 3}, {""diem"": 9.25, ""he_so"": 1}]}",thanh_cong,,,,0.792,6,False
G001158,L001248,P00769,HS27,A,2026-11-08T07:30:40+07:00,1,tool,diem_tb,"{""diem"": [{""diem"": 8.0, ""he_so"": 1}, {""diem"": 7.0, ""he_so"": 1}, {""diem"": 6.5, ""he_so"": 2}, {""diem"": 5.0, ""he_so"": 1}, {""diem"": 8.25, ""he_so"": 1}]}",thanh_cong,,,,0.792,6,False
G001159,L001249,P00769,HS27,A,2026-11-08T07:31:07+07:00,1,tool,doc_tai_lieu,"{""ten_file"": ""danh_ba_gv.txt""}",loi_ngoai_le,FileNotFoundError,Error executing tool doc_tai_lieu: [Errno 2] No such file or directory: '.../du_lieu/danh_ba_gv.txt',1,0.441,120,False
G001160,L001250,P00770,HS29,B,2026-11-08T21:19:12+07:00,1,tool,xem_tkb,"{""ngay"": ""t2""}",thanh_cong,,,,0.316,111,False
G001161,L001251,P00770,HS29,B,2026-11-08T21:19:22+07:00,1,tool,tinh_diem_tb,"{""cac_diem"": [{""diem"": 7.5, ""he_so"": 1}, {""diem"": 5.75, ""he_so"": 1}, {""diem"": 4.75, ""he_so"": 1}]}",thanh_cong,,,,0.468,95,False
G001162,L001252,P00771,HS29,B,2026-11-08T21:39:40+07:00,1,tool,tinh_diem_tb,"{""cac_diem"": [{""diem"": 4.75, ""he_so"": 1}, {""diem"": 6.75, ""he_so"": 1}]}",thanh_cong,,,,1.071,95,False
G001163,L001254,P00772,HS32,A,2026-11-08T06:30:42+07:00,1,tool,lich_thi,"{""mon"": ""văn""}",loi_ngoai_le,Exception,Error executing tool lich_thi: Error,0,0.299,36,False
G001164,L001257,P00774,HS38,B,2026-11-08T21:17:45+07:00,1,tool,xem_tkb,"{""ngay"": ""t4""}",thanh_cong,,,,0.498,111,False
G001165,L001258,P00775,HS01,B,2026-11-09T19:10:02+07:00,1,tool,xem_tkb,"{""ngay"": ""t2""}",thanh_cong,,,,1.102,111,False
G001166,L001259,P00775,HS01,B,2026-11-09T19:10:29+07:00,1,resource,lop://noi-quy,,thanh_cong,,,,0.933,7590,False
G001167,L001260,P00776,HS01,B,2026-11-09T15:30:11+07:00,1,tool,xem_lich_thi,"{""mon"": ""sinh""}",loi_xac_thuc,ValidationError,"Error executing tool xem_lich_thi: 1 validation error for xem_lich_thiArguments
mon
  Input should be 'toan', 'tin' or 'van' [input_value=""sinh""]",2,0.281,200,False
G001168,L001261,P00776,HS01,B,2026-11-09T15:30:31+07:00,1,tool,xem_lich_thi,"{""mon"": ""tin""}",thanh_cong,,,,0.995,130,False
G001169,L001262,P00777,HS04,A,2026-11-09T22:12:17+07:00,1,tool,diem_tb,"{""diem"": [{""diem"": 9.25, ""he_so"": 2}, {""diem"": 7.5, ""he_so"": 1}, {""diem"": 5.0, ""he_so"": 3}, {""diem"": 9.25, ""he_so"": 1}, {""diem"": 9.0, ""he_so"": 1}]}",thanh_cong,,,,0.618,6,False
G001170,L001263,P00777,HS04,A,2026-11-09T22:12:51+07:00,1,tool,tkb,"{""ngay"": ""t3""}",thanh_cong,,,,0.454,69,False
G001171,L001264,P00778,HS09,B,2026-11-09T13:53:05+07:00,1,tool,tinh_diem_tb,"{""cac_diem"": [{""diem"": 5.5, ""he_so"": 1}, {""diem"": 8.75, ""he_so"": 2}, {""diem"": 5.5, ""he_so"": 1}, {""diem"": 5.5, ""he_so"": 1}]}",thanh_cong,,,,0.695,95,False
G001172,L001268,P00781,HS12,B,2026-11-09T21:44:53+07:00,1,tool,xem_lich_thi,"{""mon"": ""tin""}",thanh_cong,,,,0.662,130,False
G001173,L001269,P00782,HS13,B,2026-11-09T16:30:26+07:00,1,tool,xem_lich_thi,"{""mon"": ""tin""}",thanh_cong,,,,0.363,130,False
G001174,L001270,P00783,HS14,A,2026-11-09T20:58:03+07:00,1,tool,luu_ghi_chu,"{""noi_dung"": ""'Mai lớp 11A được nghỉ học'.""}",thanh_cong,,,,0.377,2,False
G001175,L001271,P00783,HS14,A,2026-11-09T20:58:53+07:00,1,tool,tkb,"{""ngay"": ""t3""}",thanh_cong,,,,0.392,69,False
G001176,L001273,P00785,HS17,B,2026-11-09T12:26:25+07:00,1,tool,xem_lich_thi,"{""mon"": ""toan""}",thanh_cong,,,,0.632,130,False
G001177,L001274,P00785,HS17,B,2026-11-09T12:26:43+07:00,1,tool,xem_lich_thi,"{""mon"": ""toan""}",thanh_cong,,,,0.828,130,False
G001178,L001275,P00786,HS20,A,2026-11-09T12:08:30+07:00,1,tool,diem_tb,"{""diem"": [{""diem"": 9.25, ""he_so"": 1}, {""diem"": 6.0, ""he_so"": 2}, {""diem"": 9.75, ""he_so"": 1}, {""diem"": 5.75, ""he_so"": 1}, {""diem"": 5.0, ""he_so"": 1}]}",thanh_cong,,,,0.628,6,False
G001179,L001276,P00786,HS20,A,2026-11-09T12:08:56+07:00,1,tool,diem_tb,"{""diem"": [{""diem"": 12, ""he_so"": 2}, {""diem"": 8.5, ""he_so"": 2}, {""diem"": 4.25, ""he_so"": 1}]}",thanh_cong,,,,0.684,6,False
G001180,L001277,P00786,HS20,A,2026-11-09T12:09:16+07:00,1,tool,tkb,"{""ngay"": ""T4""}",tra_ve_rong,,,0,0.932,4,False
G001181,L001277,P00786,HS20,A,2026-11-09T12:09:18+07:00,2,tool,tkb,"{""ngay"": ""t4""}",thanh_cong,,,,1.103,51,False
G001182,L001278,P00787,HS24,B,2026-11-09T07:41:53+07:00,1,tool,xem_tkb,"{""ngay"": ""t5""}",thanh_cong,,,,0.373,251,True
G001183,L001279,P00788,HS27,A,2026-11-09T22:46:39+07:00,1,tool,tkb,"{""ngay"": ""t3""}",thanh_cong,,,,0.592,69,False
G001184,L001280,P00789,HS28,B,2026-11-09T21:47:55+07:00,1,tool,tinh_diem_tb,"{""cac_diem"": [{""diem"": 6.0, ""he_so"": 1}, {""diem"": 7.75, ""he_so"": 2}, {""diem"": 4.0, ""he_so"": 2}, {""diem"": 8.5, ""he_so"": 2}, {""diem"": 5.25, ""he_so"": 2}, {""diem"": 6.0, ""he_so"": 1}]}",thanh_cong,,,,0.534,95,False
G001185,L001281,P00790,HS31,A,2026-11-09T21:04:20+07:00,1,tool,doc_tai_lieu,"{""ten_file"": ""noi_quy.txt""}",thanh_cong,,,,1.516,7590,False
G001186,L001282,P00791,HS34,B,2026-11-09T13:40:58+07:00,1,tool,xem_tkb,"{""ngay"": ""t3""}",thanh_cong,,,,0.472,129,False
G001187,L001283,P00791,HS34,B,2026-11-09T13:41:36+07:00,1,tool,xem_lich_thi,"{""mon"": ""toan""}",thanh_cong,,,,0.731,130,False
G001188,L001284,P00792,HS14,A,2026-11-10T17:30:51+07:00,1,tool,tkb,"{""ngay"": ""thứ 6""}",tra_ve_rong,,,0,0.588,4,False
G001189,L001284,P00792,HS14,A,2026-11-10T17:30:52+07:00,2,tool,tkb,"{""ngay"": ""t6""}",thanh_cong,,,,0.583,65,False
G001190,L001285,P00793,HS15,B,2026-11-10T12:05:05+07:00,1,tool,xem_lich_thi,"{""mon"": ""ly""}",loi_xac_thuc,ValidationError,"Error executing tool xem_lich_thi: 1 validation error for xem_lich_thiArguments
mon
  Input should be 'toan', 'tin' or 'van' [input_value=""ly""]",2,0.463,200,False
G001191,L001286,P00794,HS16,B,2026-11-10T14:47:24+07:00,1,tool,xem_lich_thi,"{""mon"": ""van""}",thanh_cong,,,,0.428,130,False
G001192,L001287,P00794,HS16,B,2026-11-10T14:47:40+07:00,1,tool,xem_tkb,"{""ngay"": ""t4""}",thanh_cong,,,,0.659,111,False
G001193,L001289,P00796,HS20,A,2026-11-10T23:07:20+07:00,1,tool,lich_thi,"{""mon"": ""tin""}",thanh_cong,,,,0.959,110,False
G001194,L001290,P00797,HS25,A,2026-11-10T16:50:45+07:00,1,tool,lich_thi,"{""mon"": ""toan""}",thanh_cong,,,,0.57,110,False
G001195,L001291,P00798,HS28,B,2026-11-10T22:44:59+07:00,1,tool,tinh_diem_tb,"{""cac_diem"": [{""diem"": 6.75, ""he_so"": 2}, {""diem"": 4.25, ""he_so"": 3}, {""diem"": ""tám"", ""he_so"": 1}]}",loi_xac_thuc,ValidationError,"Error executing tool tinh_diem_tb: 1 validation error for tinh_diem_tbArguments
cac_diem.0.diem
  Input should be a valid number, unable to parse string as a number [input_value=""?""]",2,0.503,230,False
G001196,L001292,P00799,HS33,A,2026-11-10T12:55:37+07:00,1,tool,diem_tb,"{""diem"": [{""diem"": 9.75, ""he_so"": 2}, {""diem"": 9.0, ""he_so"": 2}, {""diem"": 4.25, ""he_so"": 1}]}",thanh_cong,,,,0.493,6,False
G001197,L001293,P00800,HS34,B,2026-11-10T12:47:08+07:00,1,tool,tinh_diem_tb,"{""cac_diem"": [{""diem"": 9.0, ""he_so"": 1}, {""diem"": 5.25, ""he_so"": 1}, {""diem"": 9.0, ""he_so"": 2}, {""diem"": 8.5, ""he_so"": 2}, {""diem"": 6.5, ""he_so"": 1}]}",thanh_cong,,,,1.041,95,False
G001198,L001294,P00801,HS37,B,2026-11-10T21:21:12+07:00,1,tool,tinh_diem_tb,"{""cac_diem"": [{""diem"": 5.75, ""he_so"": 4}, {""diem"": 4.0, ""he_so"": 2}, {""diem"": 5.75, ""he_so"": 2}, {""diem"": 9.25, ""he_so"": 1}]}",loi_xac_thuc,ValidationError,"Error executing tool tinh_diem_tb: 1 validation error for tinh_diem_tbArguments
cac_diem.0.he_so
  Input should be 1, 2 or 3 [input_value=""?""]",2,0.472,230,False
G001199,L001295,P00802,HS38,B,2026-11-10T20:16:25+07:00,1,tool,xem_lich_thi,"{""mon"": ""tin""}",thanh_cong,,,,0.534,130,False
G001200,L001296,P00802,HS38,B,2026-11-10T20:17:06+07:00,1,tool,tinh_diem_tb,"{""cac_diem"": [{""diem"": 6.75, ""he_so"": 4}, {""diem"": 7.25, ""he_so"": 3}, {""diem"": 9.75, ""he_so"": 2}, {""diem"": 5.75, ""he_so"": 1}, {""diem"": 5.75, ""he_so"": 1}, {""diem"": 6.75, ""he_so"": 1}]}",loi_xac_thuc,ValidationError,"Error executing tool tinh_diem_tb: 1 validation error for tinh_diem_tbArguments
cac_diem.0.he_so
  Input should be 1, 2 or 3 [input_value=""?""]",2,0.156,230,False
G001201,L001298,P00802,HS38,B,2026-11-10T20:17:35+07:00,1,tool,xem_tkb,"{""ngay"": ""t6""}",thanh_cong,,,,0.362,125,False
G001202,L001299,P00803,HS04,A,2026-11-11T21:06:25+07:00,1,tool,doc_tai_lieu,"{""ten_file"": ""NoiQuy.txt""}",loi_ngoai_le,FileNotFoundError,Error executing tool doc_tai_lieu: [Errno 2] No such file or directory: '.../du_lieu/NoiQuy.txt',1,0.72,120,False
G001203,L001299,P00803,HS04,A,2026-11-11T21:06:26+07:00,2,tool,doc_tai_lieu,"{""ten_file"": ""noi_quy.txt""}",thanh_cong,,,,0.711,7590,False
G001204,L001300,P00804,HS05,B,2026-11-11T22:47:28+07:00,1,tool,xem_tkb,"{""ngay"": ""t2""}",thanh_cong,,,,0.612,111,False
G001205,L001302,P00805,HS09,B,2026-11-11T17:27:13+07:00,1,tool,xem_tkb,"{""ngay"": ""t4""}",thanh_cong,,,,0.6,111,False
G001206,L001303,P00806,HS11,A,2026-11-11T20:52:17+07:00,1,tool,diem_tb,"{""diem"": [{""diem"": 7.0, ""he_so"": 3}, {""diem"": 7.25, ""he_so"": 2}, {""diem"": 8.5, ""he_so"": 2}, {""diem"": 9.0, ""he_so"": 1}, {""diem"": 4.0, ""he_so"": 1}]}",thanh_cong,,,,0.857,6,False
G001207,L001304,P00806,HS11,A,2026-11-11T20:52:45+07:00,1,tool,lich_thi,"{""mon"": ""môn toán""}",loi_ngoai_le,Exception,Error executing tool lich_thi: Error,0,0.732,36,False
G001208,L001304,P00806,HS11,A,2026-11-11T20:52:46+07:00,2,tool,lich_thi,"{""mon"": ""toan""}",thanh_cong,,,,0.299,110,False
G001209,L001305,P00807,HS12,B,2026-11-11T12:19:41+07:00,1,resource,lop://noi-quy,,thanh_cong,,,,1.261,7590,False
G001210,L001306,P00808,HS15,B,2026-11-11T22:27:48+07:00,1,tool,tinh_diem_tb,"{""cac_diem"": [{""diem"": 4.25, ""he_so"": 3}, {""diem"": 5.0, ""he_so"": 1}, {""diem"": 8.5, ""he_so"": 2}]}",thanh_cong,,,,0.705,95,False
G001211,L001307,P00808,HS15,B,2026-11-11T22:28:23+07:00,1,tool,tinh_diem_tb,"{""cac_diem"": [{""diem"": 7.75, ""he_so"": 2}, {""diem"": 8.75, ""he_so"": 5}]}",loi_xac_thuc,ValidationError,"Error executing tool tinh_diem_tb: 1 validation error for tinh_diem_tbArguments
cac_diem.0.he_so
  Input should be 1, 2 or 3 [input_value=""?""]",2,0.308,230,False
G001212,L001310,P00809,HS16,B,2026-11-11T06:09:55+07:00,1,tool,xem_tkb,"{""ngay"": ""thứ năm""}",loi_xac_thuc,ValidationError,"Error executing tool xem_tkb: 1 validation error for xem_tkbArguments
ngay
  Input should be 't2', 't3', 't4', 't5' or 't6' [input_value=""thứ năm""]",2,0.391,210,False
G001213,L001310,P00809,HS16,B,2026-11-11T06:09:56+07:00,2,tool,xem_tkb,"{""ngay"": ""t5""}",thanh_cong,,,,0.579,251,True
G001214,L001311,P00810,HS21,A,2026-11-11T18:19:04+07:00,1,tool,doc_tai_lieu,"{""ten_file"": ""noi_quy.txt""}",thanh_cong,,,,1.161,7590,False
G001215,L001312,P00811,HS26,B,2026-11-11T19:25:19+07:00,1,tool,tinh_diem_tb,"{""cac_diem"": [{""diem"": 6.5, ""he_so"": 1}, {""diem"": 5.5, ""he_so"": 2}, {""diem"": 6.0, ""he_so"": 1}, {""diem"": 10.0, ""he_so"": 1}, {""diem"": 8.25, ""he_so"": 2}]}",thanh_cong,,,,0.534,95,False
G001216,L001313,P00811,HS26,B,2026-11-11T19:26:07+07:00,1,resource,lop://noi-quy,,thanh_cong,,,,0.776,7590,False
G001217,L001314,P00812,HS30,A,2026-11-11T18:43:51+07:00,1,tool,lich_thi,"{""mon"": ""Toán""}",loi_ngoai_le,Exception,Error executing tool lich_thi: Error,0,0.656,36,False
G001218,L001315,P00813,HS31,A,2026-11-11T22:56:00+07:00,1,tool,lich_thi,"{""mon"": ""toán học""}",loi_ngoai_le,Exception,Error executing tool lich_thi: Error,0,0.554,36,False
G001219,L001315,P00813,HS31,A,2026-11-11T22:56:01+07:00,2,tool,lich_thi,"{""mon"": ""toan""}",thanh_cong,,,,0.791,110,False
G001220,L001316,P00814,HS40,A,2026-11-11T19:51:41+07:00,1,tool,doc_tai_lieu,"{""ten_file"": ""noi_quy.txt""}",thanh_cong,,,,1.476,7590,False
G001221,L001317,P00815,HS40,A,2026-11-11T06:05:03+07:00,1,tool,doc_tai_lieu,"{""ten_file"": ""bang_diem.csv""}",loi_ngoai_le,FileNotFoundError,Error executing tool doc_tai_lieu: [Errno 2] No such file or directory: '.../du_lieu/bang_diem.csv',1,0.514,120,False
G001222,L001318,P00815,HS40,A,2026-11-11T06:06:15+07:00,1,tool,lich_thi,"{""mon"": ""Toán""}",loi_ngoai_le,Exception,Error executing tool lich_thi: Error,0,1.099,36,False
G001223,L001319,P00815,HS40,A,2026-11-11T06:06:42+07:00,1,tool,tkb,"{""ngay"": ""t4""}",thanh_cong,,,,0.337,51,False
G001224,L001320,P00816,HS10,A,2026-11-12T20:13:26+07:00,1,tool,doc_tai_lieu,"{""ten_file"": ""noi_quy.txt""}",thanh_cong,,,,0.996,7590,False
G001225,L001321,P00817,HS21,A,2026-11-12T23:44:34+07:00,1,tool,tkb,"{""ngay"": ""thứ sáu""}",tra_ve_rong,,,0,0.738,4,False
G001226,L001322,P00817,HS21,A,2026-11-12T23:44:50+07:00,1,tool,tkb,"{""ngay"": ""t4""}",thanh_cong,,,,0.372,51,False
G001227,L001323,P00817,HS21,A,2026-11-12T23:45:52+07:00,1,tool,diem_tb,"{""diem"": [{""diem"": 6.5, ""he_so"": 3}, {""diem"": 6.5, ""he_so"": 1}, {""diem"": 6.25, ""he_so"": 1}, {""diem"": 10.0, ""he_so"": 2}]}",thanh_cong,,,,0.949,6,False
G001228,L001324,P00818,HS25,A,2026-11-12T16:47:44+07:00,1,tool,tkb,"{""ngay"": ""t6""}",thanh_cong,,,,0.709,65,False
G001229,L001325,P00818,HS25,A,2026-11-12T16:48:17+07:00,1,tool,tkb,"{""ngay"": ""t3""}",thanh_cong,,,,0.64,69,False
G001230,L001326,P00818,HS25,A,2026-11-12T16:48:53+07:00,1,tool,lich_thi,"{""mon"": ""môn toán""}",loi_ngoai_le,Exception,Error executing tool lich_thi: Error,0,0.499,36,False
G001231,L001328,P00820,HS29,B,2026-11-12T13:46:28+07:00,1,tool,xem_lich_thi,"{""mon"": ""ly""}",loi_xac_thuc,ValidationError,"Error executing tool xem_lich_thi: 1 validation error for xem_lich_thiArguments
mon
  Input should be 'toan', 'tin' or 'van' [input_value=""ly""]",2,0.481,200,False
G001232,L001329,P00821,HS36,A,2026-11-12T06:40:01+07:00,1,tool,lich_thi,"{""mon"": ""tin""}",thanh_cong,,,,0.718,110,False
G001233,L001330,P00821,HS36,A,2026-11-12T06:40:22+07:00,1,tool,diem_tb,"{""diem"": [{""diem"": ""chín rưỡi"", ""he_so"": 1}, {""diem"": ""4,5"", ""he_so"": 1}]}",loi_ngoai_le,TypeError,Error executing tool diem_tb: can't multiply sequence by non-int of type 'int',1,0.606,90,False
G001234,L001332,P00822,HS36,A,2026-11-12T06:40:49+07:00,1,tool,tkb,"{""ngay"": ""t2""}",thanh_cong,,,,1.186,51,False
G001235,L001333,P00822,HS36,A,2026-11-12T06:41:15+07:00,1,tool,lich_thi,"{""mon"": ""môn Tin""}",loi_ngoai_le,Exception,Error executing tool lich_thi: Error,0,0.4,36,False
G001236,L001333,P00822,HS36,A,2026-11-12T06:41:17+07:00,2,tool,lich_thi,"{""mon"": ""tin""}",thanh_cong,,,,0.434,110,False
G001237,L001334,P00823,HS39,A,2026-11-12T19:24:50+07:00,1,tool,tkb,"{""ngay"": ""thứ 6""}",tra_ve_rong,,,0,0.543,4,False
G001238,L001335,P00824,HS39,A,2026-11-12T21:35:42+07:00,1,tool,lich_thi,"{""mon"": ""môn toán""}",loi_ngoai_le,Exception,Error executing tool lich_thi: Error,0,0.432,36,False
G001239,L001336,P00824,HS39,A,2026-11-12T21:36:02+07:00,1,tool,diem_tb,"{""diem"": [{""diem"": 5.25, ""he_so"": 1}, {""diem"": 10.0, ""he_so"": 3}, {""diem"": 8.25, ""he_so"": 1}, {""diem"": 7.75, ""he_so"": 2}, {""diem"": 5.5, ""he_so"": 2}]}",thanh_cong,,,,0.643,6,False
G001240,L001337,P00825,HS40,A,2026-11-12T07:40:21+07:00,1,tool,tkb,"{""ngay"": ""t5""}",thanh_cong,,,,0.305,191,True
G001241,L001338,P00826,HS03,A,2026-11-13T20:13:41+07:00,1,tool,tkb,"{""ngay"": ""t5""}",thanh_cong,,,,0.984,191,True
G001242,L001339,P00827,HS03,A,2026-11-13T20:46:04+07:00,1,tool,diem_tb,"{""diem"": [{""diem"": ""5,5"", ""he_so"": 1}, {""diem"": 6.0, ""he_so"": 2}]}",loi_ngoai_le,TypeError,Error executing tool diem_tb: can't multiply sequence by non-int of type 'int',1,0.712,90,False
G001243,L001340,P00827,HS03,A,2026-11-13T20:46:52+07:00,1,tool,tkb,"{""ngay"": ""t2""}",thanh_cong,,,,0.715,51,False
G001244,L001341,P00828,HS09,B,2026-11-13T06:37:52+07:00,1,tool,xem_lich_thi,"{""mon"": ""tin""}",thanh_cong,,,,0.855,130,False
G001245,L001342,P00828,HS09,B,2026-11-13T06:38:14+07:00,1,tool,xem_tkb,"{""ngay"": ""t5""}",thanh_cong,,,,1.112,251,True
G001246,L001343,P00829,HS14,A,2026-11-13T12:32:40+07:00,1,tool,diem_tb,"{""diem"": [{""diem"": 9.5, ""he_so"": 2}, {""diem"": 5.25, ""he_so"": 1}, {""diem"": 8.75, ""he_so"": 2}, {""diem"": 4.75, ""he_so"": 1}]}",thanh_cong,,,,0.474,6,False
G001247,L001345,P00830,HS15,B,2026-11-13T22:26:23+07:00,1,tool,xem_tkb,"{""ngay"": ""t7""}",loi_xac_thuc,ValidationError,"Error executing tool xem_tkb: 1 validation error for xem_tkbArguments
ngay
  Input should be 't2', 't3', 't4', 't5' or 't6' [input_value=""t7""]",2,0.526,210,False
G001248,L001346,P00831,HS30,A,2026-11-13T22:18:23+07:00,1,tool,lich_thi,"{""mon"": ""toan""}",thanh_cong,,,,0.548,110,False
G001249,L001347,P00831,HS30,A,2026-11-13T22:18:45+07:00,1,tool,tkb,"{""ngay"": ""thứ hai""}",tra_ve_rong,,,0,0.468,4,False
G001250,L001348,P00832,HS35,A,2026-11-13T21:05:03+07:00,1,tool,diem_tb,"{""diem"": [{""diem"": 8.0, ""he_so"": 2}, {""diem"": 4.5, ""he_so"": 1}]}",thanh_cong,,,,0.4,6,False
G001251,L001349,P00832,HS35,A,2026-11-13T21:05:33+07:00,1,tool,lich_thi,"{""mon"": ""Toán""}",loi_ngoai_le,Exception,Error executing tool lich_thi: Error,0,0.615,36,False
G001252,L001350,P00833,HS40,A,2026-11-13T20:05:06+07:00,1,tool,diem_tb,"{""diem"": [{""diem"": 7.5, ""he_so"": 3}, {""diem"": 8.75, ""he_so"": 1}, {""diem"": 9.75, ""he_so"": 2}, {""diem"": 5.75, ""he_so"": 2}, {""diem"": 10.0, ""he_so"": 1}]}",thanh_cong,,,,0.308,6,False
G001253,L001351,P00833,HS40,A,2026-11-13T20:06:24+07:00,1,tool,tkb,"{""ngay"": ""mai""}",tra_ve_rong,,,0,0.217,4,False
G001254,L001354,P00834,HS10,A,2026-11-14T09:04:26+07:00,1,tool,lich_thi,"{""mon"": ""Sinh học""}",loi_ngoai_le,Exception,Error executing tool lich_thi: Error,0,0.404,36,False
G001255,L001355,P00834,HS10,A,2026-11-14T09:04:56+07:00,1,tool,tkb,"{""ngay"": ""mai""}",tra_ve_rong,,,0,0.445,4,False
G001256,L001356,P00834,HS10,A,2026-11-14T09:05:35+07:00,1,tool,lich_thi,"{""mon"": ""sinh""}",loi_ngoai_le,Exception,Error executing tool lich_thi: Error,0,0.503,36,False
G001257,L001357,P00835,HS10,A,2026-11-14T22:55:47+07:00,1,tool,tkb,"{""ngay"": ""cn""}",tra_ve_rong,,,0,0.415,4,False
G001258,L001358,P00835,HS10,A,2026-11-14T22:56:30+07:00,1,tool,tkb,"{""ngay"": ""thứ 5""}",tra_ve_rong,,,0,0.677,4,False
G001259,L001359,P00836,HS20,A,2026-11-14T07:18:20+07:00,1,tool,tkb,"{""ngay"": ""thứ 4""}",tra_ve_rong,,,0,0.611,4,False
G001260,L001360,P00836,HS20,A,2026-11-14T07:18:42+07:00,1,tool,lich_thi,"{""mon"": ""toan""}",thanh_cong,,,,0.516,110,False
G001261,L001362,P00838,HS25,A,2026-11-14T19:00:51+07:00,1,tool,lich_thi,"{""mon"": ""toán học""}",loi_ngoai_le,Exception,Error executing tool lich_thi: Error,0,0.978,36,False
G001262,L001363,P00839,HS33,A,2026-11-14T20:58:28+07:00,1,tool,lich_thi,"{""mon"": ""Tiếng Anh""}",loi_ngoai_le,Exception,Error executing tool lich_thi: Error,0,0.951,36,False
G001263,L001364,P00839,HS33,A,2026-11-14T20:58:49+07:00,1,tool,tkb,"{""ngay"": ""cn""}",tra_ve_rong,,,0,0.459,4,False
G001264,L001365,P00840,HS03,A,2026-11-15T13:56:34+07:00,1,tool,lich_thi,"{""mon"": ""tin""}",thanh_cong,,,,0.959,110,False
G001265,L001367,P00842,HS07,B,2026-11-15T11:50:26+07:00,1,tool,xem_lich_thi,"{""mon"": ""tin""}",thanh_cong,,,,0.907,130,False
G001266,L001368,P00842,HS07,B,2026-11-15T11:51:06+07:00,1,tool,xem_lich_thi,"{""mon"": ""sinh""}",loi_xac_thuc,ValidationError,"Error executing tool xem_lich_thi: 1 validation error for xem_lich_thiArguments
mon
  Input should be 'toan', 'tin' or 'van' [input_value=""sinh""]",2,0.468,200,False
G001267,L001369,P00842,HS07,B,2026-11-15T11:52:01+07:00,1,tool,xem_lich_thi,"{""mon"": ""van""}",thanh_cong,,,,0.982,130,False
G001268,L001370,P00842,HS07,B,2026-11-15T11:53:00+07:00,1,tool,xem_lich_thi,"{""mon"": ""van""}",thanh_cong,,,,0.355,130,False
G001269,L001371,P00842,HS07,B,2026-11-15T11:53:26+07:00,1,tool,xem_tkb,"{""ngay"": ""t4""}",thanh_cong,,,,0.52,111,False
G001270,L001372,P00843,HS08,B,2026-11-15T20:14:27+07:00,1,tool,tinh_diem_tb,"{""cac_diem"": [{""diem"": 8.75, ""he_so"": 1}, {""diem"": 4.25, ""he_so"": 1}, {""diem"": 8.75, ""he_so"": 3}]}",thanh_cong,,,,1.014,95,False
G001271,L001373,P00843,HS08,B,2026-11-15T20:14:41+07:00,1,resource,lop://noi-quy,,thanh_cong,,,,0.862,7590,False
G001272,L001374,P00843,HS08,B,2026-11-15T20:15:17+07:00,1,tool,tinh_diem_tb,"{""cac_diem"": [{""diem"": 7.25, ""he_so"": 1}, {""diem"": 4.5, ""he_so"": 2}, {""diem"": 4.0, ""he_so"": 3}, {""diem"": 6.25, ""he_so"": 2}]}",thanh_cong,,,,0.629,95,False
G001273,L001375,P00844,HS08,B,2026-11-15T21:55:02+07:00,1,tool,xem_lich_thi,"{""mon"": ""van""}",thanh_cong,,,,0.604,130,False
G001274,L001376,P00844,HS08,B,2026-11-15T21:56:46+07:00,1,tool,xem_tkb,"{""ngay"": ""t6""}",thanh_cong,,,,1.108,125,False
G001275,L001378,P00846,HS12,B,2026-11-15T09:34:44+07:00,1,tool,xem_tkb,"{""ngay"": ""t2""}",thanh_cong,,,,0.502,111,False
G001276,L001379,P00847,HS12,B,2026-11-15T21:57:01+07:00,1,tool,xem_tkb,"{""ngay"": ""t6""}",thanh_cong,,,,0.732,125,False
G001277,L001380,P00847,HS12,B,2026-11-15T21:57:28+07:00,1,tool,tinh_diem_tb,"{""cac_diem"": [{""diem"": 6.75, ""he_so"": 2}, {""diem"": 4.25, ""he_so"": 2}, {""diem"": 8.75, ""he_so"": 1}, {""diem"": 5.0, ""he_so"": 1}]}",thanh_cong,,,,0.366,95,False
G001278,L001381,P00847,HS12,B,2026-11-15T21:58:20+07:00,1,tool,xem_tkb,"{""ngay"": ""t6""}",thanh_cong,,,,1.016,125,False
G001279,L001382,P00848,HS24,B,2026-11-15T13:46:43+07:00,1,tool,xem_lich_thi,"{""mon"": ""van""}",thanh_cong,,,,0.419,130,False
G001280,L001383,P00848,HS24,B,2026-11-15T13:47:14+07:00,1,tool,xem_lich_thi,"{""mon"": ""tin""}",thanh_cong,,,,0.969,130,False
G001281,L001384,P00849,HS25,A,2026-11-15T17:47:51+07:00,1,tool,lich_thi,"{""mon"": ""van""}",thanh_cong,,,,0.63,110,False
G001282,L001385,P00849,HS25,A,2026-11-15T17:48:28+07:00,1,tool,doc_tai_lieu,"{""ten_file"": ""khong_cong_khai.txt""}",thanh_cong,,,,0.601,230,False
G001283,L001386,P00850,HS28,B,2026-11-15T07:27:25+07:00,1,tool,xem_lich_thi,"{""mon"": ""van""}",thanh_cong,,,,0.63,130,False
G001284,L001387,P00850,HS28,B,2026-11-15T07:28:12+07:00,1,tool,xem_lich_thi,"{""mon"": ""anh""}",loi_xac_thuc,ValidationError,"Error executing tool xem_lich_thi: 1 validation error for xem_lich_thiArguments
mon
  Input should be 'toan', 'tin' or 'van' [input_value=""anh""]",2,0.247,200,False
G001285,L001389,P00852,HS29,B,2026-11-15T17:01:30+07:00,1,tool,xem_tkb,"{""ngay"": ""t3""}",thanh_cong,,,,0.674,129,False
G001286,L001390,P00853,HS29,B,2026-11-15T20:02:21+07:00,1,tool,xem_lich_thi,"{""mon"": ""van""}",thanh_cong,,,,0.78,130,False
G001287,L001391,P00853,HS29,B,2026-11-15T20:03:02+07:00,1,tool,xem_lich_thi,"{""mon"": ""van""}",thanh_cong,,,,0.843,130,False
G001288,L001392,P00854,HS29,B,2026-11-15T21:16:08+07:00,1,tool,xem_tkb,"{""ngay"": ""thứ tư""}",loi_xac_thuc,ValidationError,"Error executing tool xem_tkb: 1 validation error for xem_tkbArguments
ngay
  Input should be 't2', 't3', 't4', 't5' or 't6' [input_value=""thứ tư""]",2,0.234,210,False
G001289,L001392,P00854,HS29,B,2026-11-15T21:16:09+07:00,2,tool,xem_tkb,"{""ngay"": ""t4""}",thanh_cong,,,,0.596,111,False
G001290,L001393,P00855,HS30,A,2026-11-15T12:18:05+07:00,1,tool,tkb,"{""ngay"": ""thứ 3""}",tra_ve_rong,,,0,0.69,4,False
G001291,L001393,P00855,HS30,A,2026-11-15T12:18:06+07:00,2,tool,tkb,"{""ngay"": ""t3""}",thanh_cong,,,,0.602,69,False
G001292,L001394,P00855,HS30,A,2026-11-15T12:18:29+07:00,1,tool,tkb,"{""ngay"": ""t4""}",thanh_cong,,,,0.684,51,False
G001293,L001395,P00856,HS36,A,2026-11-15T18:11:51+07:00,1,tool,tkb,"{""ngay"": ""T5""}",tra_ve_rong,,,0,0.471,4,False
G001294,L001396,P00857,HS36,A,2026-11-15T18:35:47+07:00,1,tool,lich_thi,"{""mon"": ""môn Tin""}",loi_ngoai_le,Exception,Error executing tool lich_thi: Error,0,0.615,36,False
G001295,L001396,P00857,HS36,A,2026-11-15T18:35:48+07:00,2,tool,lich_thi,"{""mon"": ""tin""}",thanh_cong,,,,0.658,110,False
G001296,L001398,P00859,HS37,B,2026-11-15T22:44:19+07:00,1,tool,xem_tkb,"{""ngay"": ""t2""}",thanh_cong,,,,0.575,111,False
G001297,L001399,P00859,HS37,B,2026-11-15T22:44:44+07:00,1,tool,xem_tkb,"{""ngay"": ""T3""}",loi_xac_thuc,ValidationError,"Error executing tool xem_tkb: 1 validation error for xem_tkbArguments
ngay
  Input should be 't2', 't3', 't4', 't5' or 't6' [input_value=""T3""]",2,0.441,210,False
G001298,L001399,P00859,HS37,B,2026-11-15T22:44:45+07:00,2,tool,xem_tkb,"{""ngay"": ""t3""}",thanh_cong,,,,0.328,129,False
G001299,L001400,P00860,HS39,A,2026-11-15T22:35:12+07:00,1,tool,tkb,"{""ngay"": ""t2""}",thanh_cong,,,,0.624,51,False
G001300,L001401,P00861,HS40,A,2026-11-15T20:43:57+07:00,1,tool,tkb,"{""ngay"": ""t4""}",thanh_cong,,,,0.559,51,False
G001301,L001402,P00861,HS40,A,2026-11-15T20:44:15+07:00,1,tool,diem_tb,"{""diem"": [{""diem"": 85, ""he_so"": 2}, {""diem"": 8.0, ""he_so"": 2}, {""diem"": 4.75, ""he_so"": 1}]}",thanh_cong,,,,0.586,6,False
G001302,L001403,P00862,HS03,A,2026-11-16T19:59:19+07:00,1,tool,tkb,"{""ngay"": ""T5""}",tra_ve_rong,,,0,0.839,4,False
G001303,L001405,P00863,HS05,B,2026-11-16T22:13:13+07:00,1,resource,lop://noi-quy,,thanh_cong,,,,1.478,7590,False
G001304,L001406,P00863,HS05,B,2026-11-16T22:13:30+07:00,1,tool,xem_lich_thi,"{""mon"": ""toan""}",thanh_cong,,,,0.708,130,False
G001305,L001407,P00864,HS10,A,2026-11-16T12:33:10+07:00,1,tool,tkb,"{""ngay"": ""mai""}",tra_ve_rong,,,0,0.735,4,False
G001306,L001407,P00864,HS10,A,2026-11-16T12:33:11+07:00,2,tool,tkb,"{""ngay"": ""t3""}",thanh_cong,,,,0.408,69,False
G001307,L001408,P00864,HS10,A,2026-11-16T12:33:52+07:00,1,tool,tkb,"{""ngay"": ""T2""}",tra_ve_rong,,,0,1.0,4,False
G001308,L001409,P00865,HS10,A,2026-11-16T07:47:39+07:00,1,tool,tkb,"{""ngay"": ""t5""}",thanh_cong,,,,0.576,191,True
G001309,L001410,P00865,HS10,A,2026-11-16T07:47:59+07:00,1,tool,lich_thi,"{""mon"": ""Ngữ văn""}",loi_ngoai_le,Exception,Error executing tool lich_thi: Error,0,0.554,36,False
G001310,L001411,P00866,HS21,A,2026-11-16T22:50:20+07:00,1,tool,lich_thi,"{""mon"": ""lý""}",loi_ngoai_le,Exception,Error executing tool lich_thi: Error,0,0.866,36,False
G001311,L001412,P00867,HS23,A,2026-11-16T21:19:25+07:00,1,tool,diem_tb,"{""diem"": [{""diem"": 6.0, ""he_so"": 1}, {""diem"": 8.0, ""he_so"": 1}]}",thanh_cong,,,,0.892,6,False
G001312,L001413,P00867,HS23,A,2026-11-16T21:19:44+07:00,1,tool,diem_tb,"{""diem"": [{""diem"": 5.5, ""he_so"": 1}, {""diem"": 9.25, ""he_so"": 1}, {""diem"": 7.25, ""he_so"": 1}, {""diem"": 5.5, ""he_so"": 1}, {""diem"": 5.25, ""he_so"": 1}, {""diem"": 9.75, ""he_so"": 1}]}",thanh_cong,,,,0.734,6,False
G001313,L001414,P00867,HS23,A,2026-11-16T21:19:59+07:00,1,tool,diem_tb,"{""diem"": [{""diem"": 4.0, ""he_so"": 2}, {""diem"": 8.25, ""he_so"": 1}, {""diem"": 7.25, ""he_so"": 1}, {""diem"": 9.5, ""he_so"": 1}]}",thanh_cong,,,,0.467,6,False
G001314,L001415,P00868,HS24,B,2026-11-16T21:45:21+07:00,1,tool,xem_lich_thi,"{""mon"": ""van""}",thanh_cong,,,,1.672,130,False
G001315,L001416,P00869,HS25,A,2026-11-16T16:24:06+07:00,1,tool,diem_tb,"{""diem"": [{""diem"": 4.0, ""he_so"": 1}, {""diem"": ""5,25"", ""he_so"": 3}, {""diem"": 8.0, ""he_so"": 2}, {""diem"": 8.0, ""he_so"": 1}, {""diem"": ""5,25"", ""he_so"": 2}]}",loi_ngoai_le,TypeError,Error executing tool diem_tb: can't multiply sequence by non-int of type 'int',1,1.048,90,False
G001316,L001417,P00869,HS25,A,2026-11-16T16:24:15+07:00,1,tool,lich_thi,"{""mon"": ""Ngữ văn""}",loi_ngoai_le,Exception,Error executing tool lich_thi: Error,0,0.647,36,False
G001317,L001418,P00869,HS25,A,2026-11-16T16:24:43+07:00,1,tool,tkb,"{""ngay"": ""thứ sáu""}",tra_ve_rong,,,0,0.872,4,False
G001318,L001419,P00870,HS27,A,2026-11-16T21:31:46+07:00,1,tool,lich_thi,"{""mon"": ""môn Tin""}",loi_ngoai_le,Exception,Error executing tool lich_thi: Error,0,1.365,36,False
G001319,L001420,P00870,HS27,A,2026-11-16T21:32:19+07:00,1,tool,lich_thi,"{""mon"": ""Toán""}",loi_ngoai_le,Exception,Error executing tool lich_thi: Error,0,0.461,36,False
G001320,L001421,P00871,HS28,B,2026-11-16T16:27:33+07:00,1,tool,tinh_diem_tb,"{""cac_diem"": [{""diem"": 9.0, ""he_so"": 1}, {""diem"": 7.25, ""he_so"": 1}, {""diem"": 6.0, ""he_so"": 1}, {""diem"": 7.5, ""he_so"": 2}]}",thanh_cong,,,,0.265,95,False
G001321,L001422,P00871,HS28,B,2026-11-16T16:27:56+07:00,1,resource,lop://noi-quy,,thanh_cong,,,,1.285,7590,False
G001322,L001423,P00871,HS28,B,2026-11-16T16:29:40+07:00,1,tool,xem_tkb,"{""ngay"": ""t5""}",thanh_cong,,,,0.227,251,True
G001323,L001424,P00872,HS29,B,2026-11-16T22:07:32+07:00,1,tool,xem_tkb,"{""ngay"": ""t6""}",thanh_cong,,,,0.648,125,False
G001324,L001425,P00873,HS31,A,2026-11-16T06:03:51+07:00,1,tool,diem_tb,"{""diem"": [{""diem"": 10.0, ""he_so"": 2}, {""diem"": 8.25, ""he_so"": 1}, {""diem"": 8.0, ""he_so"": 1}, {""diem"": 6.75, ""he_so"": 1}, {""diem"": 8.25, ""he_so"": 2}, {""diem"": 8.5, ""he_so"": 2}]}",thanh_cong,,,,0.426,6,False
G001325,L001426,P00873,HS31,A,2026-11-16T06:04:38+07:00,1,tool,lich_thi,"{""mon"": ""tin""}",thanh_cong,,,,0.293,110,False
G001326,L001427,P00874,HS36,A,2026-11-16T21:27:03+07:00,1,tool,tkb,"{""ngay"": ""t2""}",thanh_cong,,,,0.389,51,False
G001327,L001428,P00874,HS36,A,2026-11-16T21:27:24+07:00,1,tool,diem_tb,"{""diem"": [{""diem"": 4.25, ""he_so"": 3}, {""diem"": 7.75, ""he_so"": 1}, {""diem"": 6.25, ""he_so"": 3}]}",thanh_cong,,,,0.631,6,False
G001328,L001429,P00874,HS36,A,2026-11-16T21:27:58+07:00,1,tool,tkb,"{""ngay"": ""t6""}",thanh_cong,,,,0.611,65,False
G001329,L001430,P00875,HS36,A,2026-11-16T23:23:35+07:00,1,tool,doc_tai_lieu,"{""ten_file"": ""lich_thi.json""}",thanh_cong,,,,0.343,241,False
G001330,L001430,P00875,HS36,A,2026-11-16T23:23:36+07:00,2,tool,doc_tai_lieu,"{""ten_file"": ""noi_quy.txt""}",thanh_cong,,,,0.608,241,False
G001331,L001430,P00875,HS36,A,2026-11-16T23:23:37+07:00,3,tool,doc_tai_lieu,"{""ten_file"": ""thoi_khoa_bieu.json""}",thanh_cong,,,,0.595,241,False
G001332,L001431,P00875,HS36,A,2026-11-16T23:24:02+07:00,1,tool,doc_tai_lieu,"{""ten_file"": ""noi_quy.txt""}",thanh_cong,,,,0.688,7590,False
G001333,L001432,P00876,HS37,B,2026-11-16T10:07:57+07:00,1,tool,xem_lich_thi,"{""mon"": ""toan""}",thanh_cong,,,,0.437,130,False
G001334,L001433,P00876,HS37,B,2026-11-16T10:09:12+07:00,1,tool,xem_tkb,"{""ngay"": ""t2""}",thanh_cong,,,,0.529,111,False
G001335,L001434,P00877,HS40,A,2026-11-16T22:13:11+07:00,1,tool,tkb,"{""ngay"": ""T5""}",tra_ve_rong,,,0,0.273,4,False
G001336,L001435,P00877,HS40,A,2026-11-16T22:13:37+07:00,1,tool,lich_thi,"{""mon"": ""tin""}",thanh_cong,,,,1.506,110,False
G001337,L001436,P00878,HS40,A,2026-11-16T12:52:04+07:00,1,tool,tkb,"{""ngay"": ""T5""}",tra_ve_rong,,,0,0.792,4,False
G001338,L001436,P00878,HS40,A,2026-11-16T12:52:05+07:00,2,tool,tkb,"{""ngay"": ""t5""}",thanh_cong,,,,0.602,191,True
G001339,L001438,P00880,HS11,A,2026-11-17T14:38:31+07:00,1,tool,diem_tb,"{""diem"": [{""diem"": 7.25, ""he_so"": 3}, {""diem"": 9.25, ""he_so"": 1}, {""diem"": 8.25, ""he_so"": 2}]}",thanh_cong,,,,0.569,6,False
G001340,L001439,P00880,HS11,A,2026-11-17T14:39:17+07:00,1,tool,tkb,"{""ngay"": ""T3""}",tra_ve_rong,,,0,0.378,4,False
G001341,L001441,P00881,HS12,B,2026-11-17T07:36:32+07:00,1,tool,xem_tkb,"{""ngay"": ""t2""}",thanh_cong,,,,0.645,111,False
G001342,L001442,P00881,HS12,B,2026-11-17T07:36:56+07:00,1,tool,xem_tkb,"{""ngay"": ""t2""}",thanh_cong,,,,0.489,111,False
G001343,L001444,P00882,HS12,B,2026-11-17T21:02:55+07:00,1,resource,lop://noi-quy,,thanh_cong,,,,1.65,7590,False
G001344,L001445,P00883,HS13,B,2026-11-17T11:44:30+07:00,1,tool,xem_tkb,"{""ngay"": ""t2""}",thanh_cong,,,,1.131,111,False
G001345,L001446,P00884,HS19,B,2026-11-17T15:24:57+07:00,1,tool,xem_lich_thi,"{""mon"": ""tin""}",thanh_cong,,,,0.924,130,False
G001346,L001450,P00886,HS27,A,2026-11-18T00:00:03+07:00,1,tool,tkb,"{""ngay"": ""t5""}",thanh_cong,,,,0.825,191,True
G001347,L001451,P00886,HS27,A,2026-11-18T00:00:20+07:00,1,tool,doc_tai_lieu,"{""ten_file"": ""diem.json""}",loi_ngoai_le,FileNotFoundError,Error executing tool doc_tai_lieu: [Errno 2] No such file or directory,1,0.562,110,False
G001348,L001451,P00886,HS27,A,2026-11-18T00:00:21+07:00,2,tool,doc_tai_lieu,"{""ten_file"": ""khong_cong_khai.txt""}",thanh_cong,,,,0.464,241,False
G001349,L001451,P00886,HS27,A,2026-11-18T00:00:23+07:00,3,tool,doc_tai_lieu,"{""ten_file"": ""noi_quy.txt""}",thanh_cong,,,,0.639,241,False
G001350,L001451,P00886,HS27,A,2026-11-18T00:00:24+07:00,4,tool,doc_tai_lieu,"{""ten_file"": ""lich_thi.json""}",thanh_cong,,,,0.538,241,False
G001351,L001452,P00887,HS28,B,2026-11-17T07:26:08+07:00,1,tool,xem_lich_thi,"{""mon"": ""toan""}",thanh_cong,,,,0.626,130,False
G001352,L001453,P00887,HS28,B,2026-11-17T07:26:24+07:00,1,tool,xem_lich_thi,"{""mon"": ""toan""}",thanh_cong,,,,0.512,130,False
G001353,L001454,P00888,HS31,A,2026-11-17T06:05:51+07:00,1,tool,diem_tb,"{""diem"": [{""diem"": 6.5, ""he_so"": 5}, {""diem"": 9.0, ""he_so"": 1}, {""diem"": 8.25, ""he_so"": 1}, {""diem"": 5.25, ""he_so"": 1}, {""diem"": 7.5, ""he_so"": 1}]}",thanh_cong,,,,0.463,6,False
G001354,L001455,P00889,HS40,A,2026-11-17T21:09:47+07:00,1,tool,lich_thi,"{""mon"": ""Tin học""}",loi_ngoai_le,Exception,Error executing tool lich_thi: Error,0,1.098,36,False
G001355,L001456,P00889,HS40,A,2026-11-17T21:10:19+07:00,1,tool,tkb,"{""ngay"": ""t4""}",thanh_cong,,,,0.678,51,False
G001356,L001457,P00890,HS02,B,2026-11-18T22:41:16+07:00,1,tool,xem_tkb,"{""ngay"": ""thứ 7""}",loi_xac_thuc,ValidationError,"Error executing tool xem_tkb: 1 validation error for xem_tkbArguments
ngay
  Input should be 't2', 't3', 't4', 't5' or 't6' [input_value=""thứ 7""]",2,0.238,210,False
G001357,L001459,P00890,HS02,B,2026-11-18T22:42:26+07:00,1,tool,xem_lich_thi,"{""mon"": ""toan""}",thanh_cong,,,,0.462,130,False
G001358,L001460,P00891,HS07,B,2026-11-18T06:50:36+07:00,1,tool,xem_tkb,"{""ngay"": ""t2""}",thanh_cong,,,,1.024,111,False
G001359,L001461,P00892,HS12,B,2026-11-18T23:25:53+07:00,1,tool,xem_lich_thi,"{""mon"": ""van""}",thanh_cong,,,,0.488,130,False
G001360,L001462,P00892,HS12,B,2026-11-18T23:26:17+07:00,1,tool,xem_tkb,"{""ngay"": ""t6""}",thanh_cong,,,,0.574,125,False
G001361,L001463,P00893,HS19,B,2026-11-18T21:31:25+07:00,1,tool,xem_lich_thi,"{""mon"": ""toan""}",thanh_cong,,,,0.467,130,False
G001362,L001464,P00894,HS20,A,2026-11-18T22:29:03+07:00,1,tool,lich_thi,"{""mon"": ""toan""}",thanh_cong,,,,0.431,110,False
G001363,L001465,P00895,HS27,A,2026-11-18T12:02:36+07:00,1,tool,tkb,"{""ngay"": ""t4""}",thanh_cong,,,,0.812,51,False
G001364,L001466,P00896,HS27,A,2026-11-18T22:43:59+07:00,1,tool,diem_tb,"{""diem"": [{""diem"": 6.75, ""he_so"": 3}, {""diem"": 6.75, ""he_so"": 3}, {""diem"": 8.5, ""he_so"": 1}, {""diem"": 6.75, ""he_so"": 3}, {""diem"": 6.0, ""he_so"": 3}]}",thanh_cong,,,,0.818,6,False
G001365,L001467,P00896,HS27,A,2026-11-18T22:44:30+07:00,1,tool,diem_tb,"{""diem"": [{""diem"": 4.75, ""he_so"": 1}, {""diem"": 9.25, ""he_so"": 2}, {""diem"": 4.5, ""he_so"": 3}, {""diem"": 5.75, ""he_so"": 1}, {""diem"": 5.5, ""he_so"": 2}]}",thanh_cong,,,,0.468,6,False
G001366,L001468,P00896,HS27,A,2026-11-18T22:45:01+07:00,1,tool,lich_thi,"{""mon"": ""anh văn""}",loi_ngoai_le,Exception,Error executing tool lich_thi: Error,0,0.338,36,False
G001367,L001469,P00897,HS31,A,2026-11-18T22:40:22+07:00,1,tool,lich_thi,"{""mon"": ""môn Văn""}",loi_ngoai_le,Exception,Error executing tool lich_thi: Error,0,0.721,36,False
G001368,L001469,P00897,HS31,A,2026-11-18T22:40:23+07:00,2,tool,lich_thi,"{""mon"": ""van""}",thanh_cong,,,,0.63,110,False
G001369,L001470,P00897,HS31,A,2026-11-18T22:41:03+07:00,1,tool,diem_tb,"{""diem"": [{""diem"": 9.0, ""he_so"": 2}, {""diem"": ""5,25"", ""he_so"": 2}, {""diem"": ""4,75"", ""he_so"": 1}, {""diem"": ""4,25"", ""he_so"": 1}, {""diem"": ""5,5"", ""he_so"": 2}]}",loi_ngoai_le,TypeError,Error executing tool diem_tb: can't multiply sequence by non-int of type 'int',1,0.55,90,False
G001370,L001470,P00897,HS31,A,2026-11-18T22:41:05+07:00,2,tool,diem_tb,"{""diem"": [{""diem"": 9.0, ""he_so"": 2}, {""diem"": 5.25, ""he_so"": 2}, {""diem"": 4.75, ""he_so"": 1}, {""diem"": 4.25, ""he_so"": 1}, {""diem"": 5.5, ""he_so"": 2}]}",thanh_cong,,,,0.871,6,False
G001371,L001471,P00897,HS31,A,2026-11-18T22:41:31+07:00,1,tool,diem_tb,"{""diem"": [{""diem"": 8.5, ""he_so"": 1}, {""diem"": 7.25, ""he_so"": 2}, {""diem"": 5.5, ""he_so"": 1}, {""diem"": 9.75, ""he_so"": 2}, {""diem"": 5.0, ""he_so"": 1}, {""diem"": 5.75, ""he_so"": 2}]}",thanh_cong,,,,0.625,6,False
G001372,L001472,P00898,HS32,A,2026-11-18T20:56:38+07:00,1,tool,tkb,"{""ngay"": ""t2""}",thanh_cong,,,,0.487,51,False
G001373,L001473,P00899,HS34,B,2026-11-18T11:55:16+07:00,1,tool,tinh_diem_tb,"{""cac_diem"": [{""diem"": 9.25, ""he_so"": 1}, {""diem"": 7.5, ""he_so"": 3}, {""diem"": 7.25, ""he_so"": 1}, {""diem"": 9.75, ""he_so"": 2}]}",thanh_cong,,,,1.04,95,False
G001374,L001474,P00899,HS34,B,2026-11-18T11:56:36+07:00,1,tool,xem_lich_thi,"{""mon"": ""toan""}",thanh_cong,,,,0.723,130,False
G001375,L001475,P00899,HS34,B,2026-11-18T11:56:56+07:00,1,tool,xem_lich_thi,"{""mon"": ""van""}",thanh_cong,,,,0.542,130,False
G001376,L001476,P00900,HS34,B,2026-11-18T09:06:17+07:00,1,tool,tinh_diem_tb,"{""cac_diem"": [{""diem"": 5.25, ""he_so"": 2}, {""diem"": 8.75, ""he_so"": 1}, {""diem"": 5.75, ""he_so"": 3}]}",thanh_cong,,,,0.473,95,False
G001377,L001478,P00901,HS34,B,2026-11-18T21:28:26+07:00,1,tool,xem_tkb,"{""ngay"": ""t5""}",thanh_cong,,,,0.82,251,True
G001378,L001479,P00902,HS35,A,2026-11-18T23:03:33+07:00,1,tool,lich_thi,"{""mon"": ""toan""}",thanh_cong,,,,0.44,110,False
G001379,L001480,P00903,HS40,A,2026-11-18T13:12:05+07:00,1,tool,tkb,"{""ngay"": ""t3""}",thanh_cong,,,,1.461,69,False
G001380,L001482,P00904,HS01,B,2026-11-19T18:44:11+07:00,1,tool,xem_tkb,"{""ngay"": ""t4""}",thanh_cong,,,,0.785,111,False
G001381,L001483,P00904,HS01,B,2026-11-19T18:44:45+07:00,1,tool,xem_tkb,"{""ngay"": ""t3""}",thanh_cong,,,,0.53,129,False
G001382,L001485,P00905,HS05,B,2026-11-19T21:12:50+07:00,1,tool,tinh_diem_tb,"{""cac_diem"": [{""diem"": 6.0, ""he_so"": 1}, {""diem"": 4.75, ""he_so"": 1}, {""diem"": 4.5, ""he_so"": 1}]}",thanh_cong,,,,1.147,95,False
G001383,L001486,P00905,HS05,B,2026-11-19T21:13:10+07:00,1,resource,lop://noi-quy,,thanh_cong,,,,0.739,7590,False
G001384,L001487,P00906,HS07,B,2026-11-19T07:37:35+07:00,1,tool,xem_lich_thi,"{""mon"": ""van""}",thanh_cong,,,,0.393,130,False
G001385,L001488,P00906,HS07,B,2026-11-19T07:38:24+07:00,1,tool,xem_lich_thi,"{""mon"": ""van""}",thanh_cong,,,,0.512,130,False
G001386,L001490,P00908,HS13,B,2026-11-19T23:10:31+07:00,1,tool,xem_lich_thi,"{""mon"": ""toan""}",thanh_cong,,,,0.444,130,False
G001387,L001491,P00908,HS13,B,2026-11-19T23:10:47+07:00,1,tool,tinh_diem_tb,"{""cac_diem"": [{""diem"": 8.0, ""he_so"": 1}, {""diem"": 8.75, ""he_so"": 1}, {""diem"": 8.25, ""he_so"": 1}, {""diem"": 8.75, ""he_so"": 2}, {""diem"": 10.0, ""he_so"": 1}, {""diem"": 7.25, ""he_so"": 2}]}",thanh_cong,,,,0.56,95,False
G001388,L001492,P00908,HS13,B,2026-11-19T23:11:02+07:00,1,tool,xem_lich_thi,"{""mon"": ""van""}",thanh_cong,,,,0.713,130,False
G001389,L001493,P00908,HS13,B,2026-11-19T23:12:46+07:00,1,tool,tinh_diem_tb,"{""cac_diem"": [{""diem"": 7.75, ""he_so"": 3}, {""diem"": 4.75, ""he_so"": 1}, {""diem"": 9.0, ""he_so"": 2}]}",thanh_cong,,,,0.671,95,False
G001390,L001494,P00908,HS13,B,2026-11-19T23:13:31+07:00,1,tool,tinh_diem_tb,"{""cac_diem"": [{""diem"": 9.25, ""he_so"": 3}, {""diem"": 5.25, ""he_so"": 1}, {""diem"": 6.25, ""he_so"": 3}]}",thanh_cong,,,,0.382,95,False
G001391,L001495,P00909,HS18,B,2026-11-19T21:39:12+07:00,1,tool,xem_tkb,"{""ngay"": ""t2""}",thanh_cong,,,,0.61,111,False
G001392,L001496,P00909,HS18,B,2026-11-19T21:40:06+07:00,1,tool,xem_tkb,"{""ngay"": ""t6""}",thanh_cong,,,,0.592,125,False
G001393,L001497,P00910,HS18,B,2026-11-19T21:46:43+07:00,1,tool,xem_lich_thi,"{""mon"": ""toan""}",thanh_cong,,,,0.56,130,False
G001394,L001498,P00910,HS18,B,2026-11-19T21:47:15+07:00,1,tool,xem_tkb,"{""ngay"": ""t2""}",thanh_cong,,,,0.675,111,False
G001395,L001499,P00910,HS18,B,2026-11-19T21:47:34+07:00,1,tool,tinh_diem_tb,"{""cac_diem"": [{""diem"": 6.0, ""he_so"": 3}, {""diem"": 8.75, ""he_so"": 1}, {""diem"": 6.5, ""he_so"": 2}]}",thanh_cong,,,,0.328,95,False
G001396,L001500,P00911,HS20,A,2026-11-19T18:27:34+07:00,1,tool,tkb,"{""ngay"": ""t6""}",thanh_cong,,,,0.464,65,False
G001397,L001501,P00911,HS20,A,2026-11-19T18:28:40+07:00,1,tool,doc_tai_lieu,"{""ten_file"": ""noiquy.txt""}",loi_ngoai_le,FileNotFoundError,Error executing tool doc_tai_lieu: [Errno 2] No such file or directory: '.../du_lieu/noiquy.txt',1,0.425,120,False
G001398,L001502,P00912,HS38,B,2026-11-19T06:30:23+07:00,1,tool,xem_tkb,"{""ngay"": ""t5""}",thanh_cong,,,,0.407,251,True
G001399,L001503,P00912,HS38,B,2026-11-19T06:31:44+07:00,1,tool,tinh_diem_tb,"{""cac_diem"": [{""diem"": 5.0, ""he_so"": 1}, {""diem"": 6.5, ""he_so"": 1}]}",thanh_cong,,,,0.848,95,False
G001400,L001504,P00913,HS39,A,2026-11-19T20:09:58+07:00,1,tool,lich_thi,"{""mon"": ""toan""}",thanh_cong,,,,0.627,110,False
G001401,L001505,P00913,HS39,A,2026-11-19T20:10:57+07:00,1,tool,tkb,"{""ngay"": ""t5""}",thanh_cong,,,,0.314,191,True
G001402,L001506,P00914,HS40,A,2026-11-19T12:27:23+07:00,1,tool,diem_tb,"{""diem"": [{""diem"": 9.0, ""he_so"": 2}, {""diem"": 9.5, ""he_so"": 2}, {""diem"": 12, ""he_so"": 1}, {""diem"": 9.75, ""he_so"": 2}, {""diem"": 8.5, ""he_so"": 2}, {""diem"": 8.75, ""he_so"": 2}]}",thanh_cong,,,,0.573,6,False
G001403,L001507,P00914,HS40,A,2026-11-19T12:28:06+07:00,1,tool,lich_thi,"{""mon"": ""Ngữ văn""}",loi_ngoai_le,Exception,Error executing tool lich_thi: Error,0,0.524,36,False
G001404,L001508,P00914,HS40,A,2026-11-19T12:28:47+07:00,1,tool,lich_thi,"{""mon"": ""hoá""}",loi_ngoai_le,Exception,Error executing tool lich_thi: Error,0,0.467,36,False
G001405,L001509,P00915,HS11,A,2026-11-20T14:28:54+07:00,1,tool,diem_tb,"{""diem"": [{""diem"": ""7,25"", ""he_so"": 1}, {""diem"": ""4,75"", ""he_so"": 1}, {""diem"": ""9,75"", ""he_so"": 1}, {""diem"": ""7,25"", ""he_so"": 1}]}",loi_ngoai_le,TypeError,Error executing tool diem_tb: can't multiply sequence by non-int of type 'int',1,0.654,90,False
G001406,L001510,P00916,HS15,B,2026-11-20T06:14:59+07:00,1,tool,xem_tkb,"{""ngay"": ""t4""}",thanh_cong,,,,0.88,111,False
G001407,L001511,P00916,HS15,B,2026-11-20T06:15:31+07:00,1,tool,xem_tkb,"{""ngay"": ""t4""}",thanh_cong,,,,0.667,111,False
G001408,L001512,P00916,HS15,B,2026-11-20T06:15:47+07:00,1,resource,lop://noi-quy,,thanh_cong,,,,1.024,7590,False
G001409,L001513,P00917,HS21,A,2026-11-20T22:56:57+07:00,1,tool,diem_tb,"{""diem"": [{""diem"": 7.75, ""he_so"": 1}, {""diem"": 7.25, ""he_so"": 1}, {""diem"": 4.25, ""he_so"": 3}, {""diem"": 4.0, ""he_so"": 1}, {""diem"": 10.0, ""he_so"": 1}]}",thanh_cong,,,,0.841,6,False
G001410,L001514,P00917,HS21,A,2026-11-20T22:57:51+07:00,1,tool,diem_tb,"{""diem"": [{""diem"": 9.0, ""he_so"": 1}, {""diem"": 5.5, ""he_so"": 2}, {""diem"": 9.0, ""he_so"": 3}, {""diem"": 10.0, ""he_so"": 1}, {""diem"": 5.75, ""he_so"": 1}, {""diem"": 5.0, ""he_so"": 2}]}",thanh_cong,,,,0.348,6,False
G001411,L001515,P00918,HS22,A,2026-11-20T20:09:16+07:00,1,tool,diem_tb,"{""diem"": [{""diem"": 6.25, ""he_so"": 1}, {""diem"": 9.75, ""he_so"": 2}, {""diem"": 5.0, ""he_so"": 1}, {""diem"": 9.75, ""he_so"": 2}, {""diem"": 10.5, ""he_so"": 2}]}",thanh_cong,,,,0.453,6,False
G001412,L001516,P00919,HS35,A,2026-11-20T17:40:43+07:00,1,tool,lich_thi,"{""mon"": ""toán học""}",loi_ngoai_le,Exception,Error executing tool lich_thi: Error,0,0.738,36,False
G001413,L001516,P00919,HS35,A,2026-11-20T17:40:45+07:00,2,tool,lich_thi,"{""mon"": ""toan""}",thanh_cong,,,,0.656,110,False
G001414,L001517,P00919,HS35,A,2026-11-20T17:41:13+07:00,1,tool,lich_thi,"{""mon"": ""toan""}",thanh_cong,,,,0.816,110,False
G001415,L001518,P00920,HS13,B,2026-11-21T18:44:56+07:00,1,tool,tinh_diem_tb,"{""cac_diem"": [{""diem"": 7.5, ""he_so"": 2}, {""diem"": 7.5, ""he_so"": 1}, {""diem"": 7.0, ""he_so"": 1}, {""diem"": 4.0, ""he_so"": 3}]}",thanh_cong,,,,0.849,95,False
G001416,L001519,P00921,HS23,A,2026-11-21T12:23:49+07:00,1,tool,tkb,"{""ngay"": ""T5""}",tra_ve_rong,,,0,0.583,4,False
G001417,L001519,P00921,HS23,A,2026-11-21T12:23:50+07:00,2,tool,tkb,"{""ngay"": ""t5""}",thanh_cong,,,,0.465,191,True
G001418,L001520,P00921,HS23,A,2026-11-21T12:24:25+07:00,1,tool,lich_thi,"{""mon"": ""tin""}",thanh_cong,,,,0.516,110,False
G001419,L001521,P00922,HS01,B,2026-11-22T20:02:04+07:00,1,resource,lop://noi-quy,,thanh_cong,,,,1.048,7590,False
G001420,L001522,P00923,HS06,A,2026-11-22T22:16:53+07:00,1,tool,tkb,"{""ngay"": ""t5""}",thanh_cong,,,,0.626,191,True
G001421,L001523,P00924,HS10,A,2026-11-22T13:04:13+07:00,1,tool,tkb,"{""ngay"": ""t2""}",thanh_cong,,,,0.486,51,False
G001422,L001524,P00924,HS10,A,2026-11-22T13:04:28+07:00,1,tool,lich_thi,"{""mon"": ""Tin học""}",loi_ngoai_le,Exception,Error executing tool lich_thi: Error,0,0.493,36,False
G001423,L001525,P00925,HS16,B,2026-11-22T12:50:58+07:00,1,tool,tinh_diem_tb,"{""cac_diem"": [{""diem"": 7.25, ""he_so"": 2}, {""diem"": 9.5, ""he_so"": 1}, {""diem"": 6.0, ""he_so"": 1}, {""diem"": 7.25, ""he_so"": 1}, {""diem"": 6.75, ""he_so"": 2}]}",thanh_cong,,,,0.694,95,False
G001424,L001526,P00926,HS19,B,2026-11-22T12:22:34+07:00,1,tool,xem_lich_thi,"{""mon"": ""van""}",thanh_cong,,,,0.494,130,False
G001425,L001527,P00926,HS19,B,2026-11-22T12:22:56+07:00,1,tool,xem_lich_thi,"{""mon"": ""toan""}",thanh_cong,,,,0.376,130,False
G001426,L001528,P00927,HS19,B,2026-11-22T20:34:06+07:00,1,tool,xem_lich_thi,"{""mon"": ""toan""}",thanh_cong,,,,0.658,130,False
G001427,L001529,P00928,HS21,A,2026-11-22T06:31:12+07:00,1,tool,diem_tb,"{""diem"": [{""diem"": 9.75, ""he_so"": 3}, {""diem"": 4.0, ""he_so"": 3}, {""diem"": 6.0, ""he_so"": 1}, {""diem"": 8.75, ""he_so"": 1}]}",thanh_cong,,,,0.603,6,False
G001428,L001530,P00928,HS21,A,2026-11-22T06:31:32+07:00,1,tool,diem_tb,"{""diem"": [{""diem"": 4.5, ""he_so"": 2}, {""diem"": 9.5, ""he_so"": 1}, {""diem"": 8.5, ""he_so"": 2}]}",thanh_cong,,,,0.569,6,False
G001429,L001531,P00929,HS27,A,2026-11-22T19:50:18+07:00,1,tool,lich_thi,"{""mon"": ""Tin học""}",loi_ngoai_le,Exception,Error executing tool lich_thi: Error,0,0.655,36,False
G001430,L001532,P00930,HS34,B,2026-11-22T13:11:42+07:00,1,tool,tinh_diem_tb,"{""cac_diem"": [{""diem"": 8.5, ""he_so"": 2}, {""diem"": 6.25, ""he_so"": 2}, {""diem"": 4.25, ""he_so"": 3}, {""diem"": 8.0, ""he_so"": 1}, {""diem"": 5.25, ""he_so"": 1}, {""diem"": ""chín rưỡi"", ""he_so"": 2}]}",loi_xac_thuc,ValidationError,"Error executing tool tinh_diem_tb: 1 validation error for tinh_diem_tbArguments
cac_diem.0.diem
  Input should be a valid number, unable to parse string as a number [input_value=""?""]",2,0.689,230,False
G001431,L001533,P00931,HS39,A,2026-11-22T07:07:29+07:00,1,tool,diem_tb,"{""diem"": [{""diem"": 10.0, ""he_so"": 3}, {""diem"": 5.0, ""he_so"": 1}]}",thanh_cong,,,,0.525,6,False
G001432,L001534,P00932,HS40,A,2026-11-22T18:04:19+07:00,1,tool,tkb,"{""ngay"": ""t3""}",thanh_cong,,,,0.4,69,False
G001433,L001535,P00933,HS04,A,2026-11-23T22:51:43+07:00,1,tool,tkb,"{""ngay"": ""thứ 4""}",tra_ve_rong,,,0,0.45,4,False
G001434,L001536,P00934,HS05,B,2026-11-23T17:33:57+07:00,1,tool,xem_lich_thi,"{""mon"": ""tin""}",thanh_cong,,,,1.107,130,False
G001435,L001537,P00935,HS13,B,2026-11-23T07:45:51+07:00,1,tool,xem_lich_thi,"{""mon"": ""Toán""}",loi_xac_thuc,ValidationError,"Error executing tool xem_lich_thi: 1 validation error for xem_lich_thiArguments
mon
  Input should be 'toan', 'tin' or 'van' [input_value=""Toán""]",2,0.575,200,False
G001436,L001537,P00935,HS13,B,2026-11-23T07:45:52+07:00,2,tool,xem_lich_thi,"{""mon"": ""toan""}",thanh_cong,,,,0.343,130,False
G001437,L001538,P00936,HS15,B,2026-11-23T18:15:49+07:00,1,tool,tinh_diem_tb,"{""cac_diem"": [{""diem"": 8.0, ""he_so"": 2}, {""diem"": 4.0, ""he_so"": 1}]}",thanh_cong,,,,0.471,95,False
G001438,L001539,P00936,HS15,B,2026-11-23T18:16:03+07:00,1,tool,xem_tkb,"{""ngay"": ""t2""}",thanh_cong,,,,0.672,111,False
G001439,L001540,P00937,HS35,A,2026-11-23T20:42:45+07:00,1,tool,lich_thi,"{""mon"": ""van""}",thanh_cong,,,,0.779,110,False
G001440,L001541,P00937,HS35,A,2026-11-23T20:43:02+07:00,1,tool,doc_tai_lieu,"{""ten_file"": ""noi_quy.txt""}",thanh_cong,,,,1.466,7590,False
G001441,L001542,P00938,HS39,A,2026-11-23T11:31:32+07:00,1,tool,tkb,"{""ngay"": ""T5""}",tra_ve_rong,,,0,0.634,4,False
G001442,L001542,P00938,HS39,A,2026-11-23T11:31:33+07:00,2,tool,tkb,"{""ngay"": ""t5""}",thanh_cong,,,,0.635,191,True
G001443,L001543,P00939,HS08,B,2026-11-24T12:01:01+07:00,1,tool,tinh_diem_tb,"{""cac_diem"": [{""diem"": 10.5, ""he_so"": 2}, {""diem"": 9.25, ""he_so"": 2}, {""diem"": 4.25, ""he_so"": 1}]}",loi_xac_thuc,ValidationError,"Error executing tool tinh_diem_tb: 1 validation error for tinh_diem_tbArguments
cac_diem.0.diem
  Input should be less than or equal to 10 [input_value=""?""]",2,0.381,230,False
G001444,L001544,P00939,HS08,B,2026-11-24T12:01:21+07:00,1,tool,xem_tkb,"{""ngay"": ""t4""}",thanh_cong,,,,0.53,111,False
G001445,L001545,P00939,HS08,B,2026-11-24T12:01:31+07:00,1,tool,tinh_diem_tb,"{""cac_diem"": [{""diem"": 4.25, ""he_so"": 3}, {""diem"": 9.0, ""he_so"": 1}, {""diem"": 9.25, ""he_so"": 1}, {""diem"": 8.25, ""he_so"": 1}]}",thanh_cong,,,,0.956,95,False
G001446,L001546,P00940,HS10,A,2026-11-24T13:06:37+07:00,1,tool,doc_tai_lieu,"{""ten_file"": ""noi_quy.txt""}",thanh_cong,,,,1.03,7590,False
G001447,L001547,P00941,HS10,A,2026-11-24T19:59:29+07:00,1,tool,tkb,"{""ngay"": ""t3""}",thanh_cong,,,,0.807,69,False
G001448,L001548,P00942,HS15,B,2026-11-24T21:07:27+07:00,1,tool,xem_tkb,"{""ngay"": ""t4""}",thanh_cong,,,,0.455,111,False
G001449,L001549,P00943,HS16,B,2026-11-24T05:08:24+07:00,1,tool,xem_lich_thi,"{""mon"": ""van""}",thanh_cong,,,,0.517,130,False
G001450,L001550,P00943,HS16,B,2026-11-24T05:08:44+07:00,1,tool,tinh_diem_tb,"{""cac_diem"": [{""diem"": 4.5, ""he_so"": 2}, {""diem"": 9.75, ""he_so"": 2}, {""diem"": 5.25, ""he_so"": 2}, {""diem"": 8.25, ""he_so"": 1}]}",thanh_cong,,,,0.775,95,False
G001451,L001551,P00944,HS24,B,2026-11-24T19:02:02+07:00,1,resource,lop://noi-quy,,thanh_cong,,,,1.532,7590,False
G001452,L001552,P00945,HS27,A,2026-11-24T20:21:11+07:00,1,tool,tkb,"{""ngay"": ""t5""}",thanh_cong,,,,0.892,191,True
G001453,L001553,P00945,HS27,A,2026-11-24T20:21:37+07:00,1,tool,tkb,"{""ngay"": ""<chuỗi 10130 ký tự>""}",tra_ve_rong,,,0,2.948,4,False
G001454,L001554,P00946,HS28,B,2026-11-24T13:17:54+07:00,1,tool,xem_lich_thi,"{""mon"": ""van""}",thanh_cong,,,,0.528,130,False
G001455,L001555,P00946,HS28,B,2026-11-24T13:18:17+07:00,1,tool,xem_tkb,"{""ngay"": ""t4""}",thanh_cong,,,,0.872,111,False
G001456,L001556,P00947,HS30,A,2026-11-24T21:07:42+07:00,1,tool,diem_tb,"{""diem"": [{""diem"": 7.75, ""he_so"": 1}, {""diem"": 6.0, ""he_so"": 2}, {""diem"": 9.75, ""he_so"": 1}]}",thanh_cong,,,,0.739,6,False
G001457,L001557,P00947,HS30,A,2026-11-24T21:08:09+07:00,1,tool,doc_tai_lieu,"{""ten_file"": ""noi_quy.txt""}",thanh_cong,,,,0.6,7590,False
G001458,L001559,P00948,HS39,A,2026-11-24T12:30:39+07:00,1,tool,tkb,"{""ngay"": ""t4""}",thanh_cong,,,,0.429,51,False
G001459,L001560,P00949,HS01,B,2026-11-25T22:51:27+07:00,1,tool,xem_lich_thi,"{""mon"": ""ly""}",loi_xac_thuc,ValidationError,"Error executing tool xem_lich_thi: 1 validation error for xem_lich_thiArguments
mon
  Input should be 'toan', 'tin' or 'van' [input_value=""ly""]",2,0.228,200,False
G001460,L001561,P00949,HS01,B,2026-11-25T22:51:50+07:00,1,tool,xem_lich_thi,"{""mon"": ""tin""}",thanh_cong,,,,0.551,130,False
G001461,L001562,P00950,HS14,A,2026-11-25T06:30:30+07:00,1,tool,diem_tb,"{""diem"": [{""diem"": 7.0, ""he_so"": 2}, {""diem"": 4.5, ""he_so"": 0}, {""diem"": 9.75, ""he_so"": 2}]}",thanh_cong,,,,0.555,6,False
G001462,L001563,P00950,HS14,A,2026-11-25T06:30:53+07:00,1,tool,tkb,"{""ngay"": ""t6""}",thanh_cong,,,,0.688,65,False
G001463,L001565,P00952,HS21,A,2026-11-25T16:39:39+07:00,1,tool,lich_thi,"{""mon"": ""môn toán""}",loi_ngoai_le,Exception,Error executing tool lich_thi: Error,0,0.447,36,False
G001464,L001566,P00953,HS23,A,2026-11-25T20:20:04+07:00,1,tool,tkb,"{""ngay"": ""mai""}",tra_ve_rong,,,0,0.482,4,False
G001465,L001566,P00953,HS23,A,2026-11-25T20:20:06+07:00,2,tool,tkb,"{""ngay"": ""t5""}",thanh_cong,,,,0.541,191,True
G001466,L001567,P00953,HS23,A,2026-11-25T20:20:45+07:00,1,tool,doc_tai_lieu,"{""ten_file"": ""noi_quy.txt""}",thanh_cong,,,,0.252,7590,False
G001467,L001568,P00953,HS23,A,2026-11-25T20:21:12+07:00,1,tool,diem_tb,"{""diem"": [{""diem"": ""6,75"", ""he_so"": 2}, {""diem"": 10.0, ""he_so"": 1}, {""diem"": ""5,75"", ""he_so"": 1}, {""diem"": ""chín rưỡi"", ""he_so"": 2}, {""diem"": ""9,25"", ""he_so"": 1}]}",loi_ngoai_le,TypeError,Error executing tool diem_tb: can't multiply sequence by non-int of type 'int',1,0.512,90,False
G001468,L001570,P00954,HS23,A,2026-11-25T06:41:50+07:00,1,tool,diem_tb,"{""diem"": [{""diem"": 5.0, ""he_so"": 2}, {""diem"": 5.25, ""he_so"": 3}, {""diem"": 7.5, ""he_so"": 1}, {""diem"": 8.25, ""he_so"": 1}, {""diem"": 4.5, ""he_so"": 1}, {""diem"": 6.75, ""he_so"": 2}]}",thanh_cong,,,,0.534,6,False
G001469,L001571,P00955,HS24,B,2026-11-25T18:41:03+07:00,1,tool,xem_lich_thi,"{""mon"": ""toan""}",thanh_cong,,,,0.813,130,False
G001470,L001572,P00955,HS24,B,2026-11-25T18:41:29+07:00,1,tool,xem_tkb,"{""ngay"": ""t5""}",thanh_cong,,,,0.727,251,True
G001471,L001573,P00956,HS27,A,2026-11-25T21:32:17+07:00,1,tool,lich_thi,"{""mon"": ""lý""}",loi_ngoai_le,Exception,Error executing tool lich_thi: Error,0,0.449,36,False
G001472,L001574,P00957,HS35,A,2026-11-25T21:03:32+07:00,1,tool,diem_tb,"{""diem"": [{""diem"": 9.0, ""he_so"": 1}, {""diem"": 9.5, ""he_so"": 1}, {""diem"": 7.0, ""he_so"": 2}, {""diem"": 6.0, ""he_so"": 2}]}",thanh_cong,,,,1.203,6,False
G001473,L001575,P00957,HS35,A,2026-11-25T21:03:51+07:00,1,tool,diem_tb,"{""diem"": [{""diem"": 6.25, ""he_so"": 1}, {""diem"": 8.75, ""he_so"": 1}, {""diem"": -1, ""he_so"": 1}]}",thanh_cong,,,,0.667,6,False
G001474,L001576,P00958,HS39,A,2026-11-25T13:37:46+07:00,1,tool,lich_thi,"{""mon"": ""sinh""}",loi_ngoai_le,Exception,Error executing tool lich_thi: Error,0,0.483,36,False
G001475,L001577,P00958,HS39,A,2026-11-25T13:38:32+07:00,1,tool,tkb,"{""ngay"": ""t5""}",thanh_cong,,,,0.577,191,True
G001476,L001578,P00959,HS40,A,2026-11-25T06:03:04+07:00,1,tool,diem_tb,"{""diem"": [{""diem"": 10.0, ""he_so"": 1}, {""diem"": 7.0, ""he_so"": 1}, {""diem"": 8.25, ""he_so"": 1}]}",thanh_cong,,,,0.795,6,False
G001477,L001579,P00959,HS40,A,2026-11-25T06:03:41+07:00,1,tool,diem_tb,"{""diem"": [{""diem"": 9.5, ""he_so"": 1}, {""diem"": 5.5, ""he_so"": 1}]}",thanh_cong,,,,0.399,6,False
G001478,L001581,P00961,HS03,A,2026-11-26T20:30:08+07:00,1,tool,tkb,"{""ngay"": ""t6""}",thanh_cong,,,,0.451,65,False
G001479,L001582,P00961,HS03,A,2026-11-26T20:30:59+07:00,1,tool,diem_tb,"{""diem"": [{""diem"": 9.75, ""he_so"": 1}, {""diem"": 8.5, ""he_so"": 1}, {""diem"": 6.0, ""he_so"": 3}, {""diem"": 5.25, ""he_so"": 1}, {""diem"": 10.0, ""he_so"": 3}, {""diem"": 7.75, ""he_so"": 2}]}",thanh_cong,,,,0.481,6,False
G001480,L001583,P00961,HS03,A,2026-11-26T20:31:28+07:00,1,tool,tkb,"{""ngay"": ""t6""}",thanh_cong,,,,0.61,65,False
G001481,L001584,P00962,HS04,A,2026-11-26T13:25:45+07:00,1,tool,doc_tai_lieu,"{""ten_file"": ""noi_quy.txt""}",thanh_cong,,,,1.199,7590,False
G001482,L001585,P00962,HS04,A,2026-11-26T13:26:01+07:00,1,tool,lich_thi,"{""mon"": ""văn""}",loi_ngoai_le,Exception,Error executing tool lich_thi: Error,0,0.626,36,False
G001483,L001586,P00963,HS04,A,2026-11-26T20:26:59+07:00,1,tool,tkb,"{""ngay"": ""t2""}",thanh_cong,,,,0.393,51,False
G001484,L001587,P00964,HS08,B,2026-11-26T16:56:00+07:00,1,tool,xem_tkb,"{""ngay"": ""t2""}",thanh_cong,,,,0.849,111,False
G001485,L001588,P00964,HS08,B,2026-11-26T16:56:51+07:00,1,tool,xem_lich_thi,"{""mon"": ""van""}",thanh_cong,,,,0.762,130,False
G001486,L001589,P00965,HS15,B,2026-11-26T19:50:08+07:00,1,tool,xem_lich_thi,"{""mon"": ""ly""}",loi_xac_thuc,ValidationError,"Error executing tool xem_lich_thi: 1 validation error for xem_lich_thiArguments
mon
  Input should be 'toan', 'tin' or 'van' [input_value=""ly""]",2,0.324,200,False
G001487,L001590,P00966,HS17,B,2026-11-26T18:54:32+07:00,1,tool,tinh_diem_tb,"{""cac_diem"": [{""diem"": 8.0, ""he_so"": 2}, {""diem"": 5.5, ""he_so"": 3}]}",thanh_cong,,,,0.729,95,False
G001488,L001591,P00966,HS17,B,2026-11-26T18:55:02+07:00,1,tool,xem_tkb,"{""ngay"": ""t6""}",thanh_cong,,,,0.808,125,False
G001489,L001594,P00967,HS18,B,2026-11-26T08:44:07+07:00,1,tool,xem_tkb,"{""ngay"": ""t2""}",thanh_cong,,,,0.978,111,False
G001490,L001595,P00968,HS23,A,2026-11-26T12:39:40+07:00,1,tool,doc_tai_lieu,"{""ten_file"": ""noi_quy.txt""}",thanh_cong,,,,1.331,7590,False
G001491,L001596,P00968,HS23,A,2026-11-26T12:40:46+07:00,1,tool,tkb,"{""ngay"": ""t6""}",thanh_cong,,,,0.516,65,False
G001492,L001597,P00969,HS25,A,2026-11-26T13:28:01+07:00,1,tool,lich_thi,"{""mon"": ""toan""}",thanh_cong,,,,0.816,110,False
G001493,L001598,P00970,HS26,B,2026-11-26T12:28:59+07:00,1,resource,lop://noi-quy,,thanh_cong,,,,0.856,7590,False
G001494,L001601,P00970,HS26,B,2026-11-26T12:30:55+07:00,1,tool,tinh_diem_tb,"{""cac_diem"": [{""diem"": 9.25, ""he_so"": 3}, {""diem"": 10.0, ""he_so"": 1}]}",thanh_cong,,,,0.989,95,False
G001495,L001602,P00971,HS28,B,2026-11-26T21:15:00+07:00,1,tool,xem_tkb,"{""ngay"": ""t4""}",thanh_cong,,,,0.669,111,False
G001496,L001603,P00972,HS28,B,2026-11-26T05:38:13+07:00,1,tool,tinh_diem_tb,"{""cac_diem"": [{""diem"": 7.25, ""he_so"": 5}, {""diem"": 10.0, ""he_so"": 2}, {""diem"": 10.0, ""he_so"": 1}, {""diem"": 5.25, ""he_so"": 1}]}",loi_xac_thuc,ValidationError,"Error executing tool tinh_diem_tb: 1 validation error for tinh_diem_tbArguments
cac_diem.0.he_so
  Input should be 1, 2 or 3 [input_value=""?""]",2,0.348,230,False
G001497,L001604,P00973,HS28,B,2026-11-26T11:38:33+07:00,1,tool,xem_tkb,"{""ngay"": ""t3""}",thanh_cong,,,,0.572,129,False
G001498,L001605,P00973,HS28,B,2026-11-26T11:39:02+07:00,1,resource,lop://noi-quy,,thanh_cong,,,,0.844,7590,False
G001499,L001607,P00974,HS32,A,2026-11-26T20:57:32+07:00,1,tool,tkb,"{""ngay"": ""thứ năm""}",tra_ve_rong,,,0,0.449,4,False
G001500,L001607,P00974,HS32,A,2026-11-26T20:57:33+07:00,2,tool,tkb,"{""ngay"": ""t5""}",thanh_cong,,,,0.489,191,True
G001501,L001608,P00975,HS33,A,2026-11-26T07:30:21+07:00,1,tool,tkb,"{""ngay"": ""T5""}",tra_ve_rong,,,0,0.604,4,False
G001502,L001608,P00975,HS33,A,2026-11-26T07:30:22+07:00,2,tool,tkb,"{""ngay"": ""t5""}",thanh_cong,,,,0.544,191,True
G001503,L001609,P00976,HS36,A,2026-11-26T22:14:32+07:00,1,tool,tkb,"{""ngay"": ""t6""}",thanh_cong,,,,0.684,65,False
G001504,L001610,P00976,HS36,A,2026-11-26T22:14:57+07:00,1,tool,tkb,"{""ngay"": ""thứ sáu""}",tra_ve_rong,,,0,0.62,4,False
G001505,L001611,P00976,HS36,A,2026-11-26T22:15:29+07:00,1,tool,tkb,"{""ngay"": ""t6""}",thanh_cong,,,,0.618,65,False
G001506,L001612,P00977,HS39,A,2026-11-26T18:30:40+07:00,1,tool,lich_thi,"{""mon"": ""van""}",thanh_cong,,,,0.599,110,False
G001507,L001613,P00977,HS39,A,2026-11-26T18:31:07+07:00,1,tool,lich_thi,"{""mon"": ""tin""}",thanh_cong,,,,0.419,110,False
G001508,L001614,P00977,HS39,A,2026-11-26T18:31:18+07:00,1,tool,lich_thi,"{""mon"": ""môn Tin""}",loi_ngoai_le,Exception,Error executing tool lich_thi: Error,0,0.685,36,False
G001509,L001614,P00977,HS39,A,2026-11-26T18:31:19+07:00,2,tool,lich_thi,"{""mon"": ""tin""}",thanh_cong,,,,0.419,110,False
G001510,L001615,P00978,HS40,A,2026-11-26T06:53:11+07:00,1,tool,lich_thi,"{""mon"": ""toan""}",thanh_cong,,,,0.359,110,False
G001511,L001617,P00978,HS40,A,2026-11-26T06:53:47+07:00,1,tool,lich_thi,"{""mon"": ""Tiếng Anh""}",loi_ngoai_le,Exception,Error executing tool lich_thi: Error,0,0.73,36,False
G001512,L001618,P00979,HS04,A,2026-11-27T20:43:39+07:00,1,tool,doc_tai_lieu,"{""ten_file"": ""khong_cong_khai.txt""}",thanh_cong,,,,0.514,241,False
G001513,L001619,P00980,HS06,A,2026-11-27T21:47:38+07:00,1,tool,diem_tb,"{""diem"": [{""diem"": 5.25, ""he_so"": 3}, {""diem"": 10.0, ""he_so"": 2}, {""diem"": 8.0, ""he_so"": 2}, {""diem"": 5.5, ""he_so"": 1}, {""diem"": 8.5, ""he_so"": 1}, {""diem"": 9.0, ""he_so"": 1}]}",thanh_cong,,,,1.224,6,False
G001514,L001620,P00980,HS06,A,2026-11-27T21:48:23+07:00,1,tool,tkb,"{""ngay"": ""t6""}",thanh_cong,,,,1.074,65,False
G001515,L001621,P00981,HS08,B,2026-11-27T16:47:11+07:00,1,tool,xem_lich_thi,"{""mon"": ""toan""}",thanh_cong,,,,0.577,130,False
G001516,L001622,P00982,HS13,B,2026-11-27T20:49:20+07:00,1,tool,xem_lich_thi,"{""mon"": ""van""}",thanh_cong,,,,0.359,130,False
G001517,L001623,P00982,HS13,B,2026-11-27T20:50:09+07:00,1,tool,xem_lich_thi,"{""mon"": ""van""}",thanh_cong,,,,0.72,130,False
G001518,L001624,P00983,HS20,A,2026-11-27T11:25:37+07:00,1,tool,lich_thi,"{""mon"": ""Tin học""}",loi_ngoai_le,Exception,Error executing tool lich_thi: Error,0,0.391,36,False
G001519,L001626,P00983,HS20,A,2026-11-27T11:26:43+07:00,1,tool,doc_tai_lieu,"{""ten_file"": ""noi_quy.txt""}",thanh_cong,,,,0.521,7590,False
G001520,L001627,P00983,HS20,A,2026-11-27T11:27:02+07:00,1,tool,lich_thi,"{""mon"": ""Tin học""}",loi_ngoai_le,Exception,Error executing tool lich_thi: Error,0,0.695,36,False
G001521,L001627,P00983,HS20,A,2026-11-27T11:27:04+07:00,2,tool,lich_thi,"{""mon"": ""tin""}",thanh_cong,,,,0.309,110,False
G001522,L001628,P00983,HS20,A,2026-11-27T11:27:27+07:00,1,tool,tkb,"{""ngay"": ""t4""}",thanh_cong,,,,0.621,51,False
G001523,L001629,P00984,HS24,B,2026-11-27T20:19:35+07:00,1,tool,xem_tkb,"{""ngay"": ""t7""}",loi_xac_thuc,ValidationError,"Error executing tool xem_tkb: 1 validation error for xem_tkbArguments
ngay
  Input should be 't2', 't3', 't4', 't5' or 't6' [input_value=""t7""]",2,0.273,210,False
G001524,L001630,P00985,HS24,B,2026-11-27T15:07:13+07:00,1,tool,tinh_diem_tb,"{""cac_diem"": [{""diem"": 5.25, ""he_so"": 2}, {""diem"": 9.75, ""he_so"": 1}, {""diem"": 6.75, ""he_so"": 2}, {""diem"": 4.75, ""he_so"": 1}]}",thanh_cong,,,,0.712,95,False
G001525,L001631,P00985,HS24,B,2026-11-27T15:07:35+07:00,1,tool,xem_tkb,"{""ngay"": ""t5""}",thanh_cong,,,,0.479,251,True
G001526,L001632,P00986,HS32,A,2026-11-27T16:06:31+07:00,1,tool,tkb,"{""ngay"": ""ngày mai""}",tra_ve_rong,,,0,0.336,4,False
G001527,L001633,P00986,HS32,A,2026-11-27T16:06:56+07:00,1,tool,lich_thi,"{""mon"": ""van""}",thanh_cong,,,,0.798,110,False
G001528,L001634,P00986,HS32,A,2026-11-27T16:07:16+07:00,1,tool,doc_tai_lieu,"{""ten_file"": ""noiquy.txt""}",loi_ngoai_le,FileNotFoundError,Error executing tool doc_tai_lieu: [Errno 2] No such file or directory: '.../du_lieu/noiquy.txt',1,0.91,120,False
G001529,L001635,P00987,HS34,B,2026-11-27T21:52:17+07:00,1,tool,xem_lich_thi,"{""mon"": ""van""}",thanh_cong,,,,0.233,130,False
G001530,L001636,P00988,HS37,B,2026-11-27T21:45:24+07:00,1,tool,xem_lich_thi,"{""mon"": ""Ngữ văn""}",loi_xac_thuc,ValidationError,"Error executing tool xem_lich_thi: 1 validation error for xem_lich_thiArguments
mon
  Input should be 'toan', 'tin' or 'van' [input_value=""Ngữ văn""]",2,0.394,200,False
G001531,L001636,P00988,HS37,B,2026-11-27T21:45:26+07:00,2,tool,xem_lich_thi,"{""mon"": ""van""}",thanh_cong,,,,0.758,130,False
G001532,L001637,P00988,HS37,B,2026-11-27T21:45:37+07:00,1,tool,tinh_diem_tb,"{""cac_diem"": [{""diem"": ""7 điểm"", ""he_so"": 3}, {""diem"": 7.25, ""he_so"": 1}, {""diem"": 8.5, ""he_so"": 1}, {""diem"": 10.0, ""he_so"": 1}, {""diem"": 4.0, ""he_so"": 2}, {""diem"": 8.5, ""he_so"": 1}]}",loi_xac_thuc,ValidationError,"Error executing tool tinh_diem_tb: 1 validation error for tinh_diem_tbArguments
cac_diem.0.diem
  Input should be a valid number, unable to parse string as a number [input_value=""?""]",2,0.53,230,False
G001533,L001638,P00989,HS07,B,2026-11-28T09:54:44+07:00,1,tool,xem_tkb,"{""ngay"": ""t4""}",thanh_cong,,,,0.73,111,False
G001534,L001639,P00990,HS08,B,2026-11-28T20:00:45+07:00,1,tool,xem_lich_thi,"{""mon"": ""van""}",thanh_cong,,,,1.007,130,False
G001535,L001640,P00990,HS08,B,2026-11-28T20:01:29+07:00,1,tool,xem_tkb,"{""ngay"": ""t2""}",thanh_cong,,,,0.592,111,False
G001536,L001642,P00991,HS13,B,2026-11-28T19:31:34+07:00,1,tool,xem_lich_thi,"{""mon"": ""van""}",thanh_cong,,,,0.828,130,False
G001537,L001643,P00992,HS13,B,2026-11-28T06:11:43+07:00,1,resource,lop://noi-quy,,thanh_cong,,,,0.745,7590,False
G001538,L001645,P00993,HS18,B,2026-11-28T21:50:30+07:00,1,tool,xem_lich_thi,"{""mon"": ""toan""}",thanh_cong,,,,0.283,130,False
G001539,L001647,P00995,HS25,A,2026-11-28T17:56:16+07:00,1,tool,lich_thi,"{""mon"": ""tin""}",thanh_cong,,,,0.546,110,False
G001540,L001648,P00996,HS27,A,2026-11-28T13:29:17+07:00,1,tool,diem_tb,"{""diem"": [{""diem"": 7.0, ""he_so"": 1}, {""diem"": 4.0, ""he_so"": 1}, {""diem"": 7.25, ""he_so"": 1}]}",thanh_cong,,,,0.691,6,False
G001541,L001649,P00996,HS27,A,2026-11-28T13:29:52+07:00,1,tool,lich_thi,"{""mon"": ""văn""}",loi_ngoai_le,Exception,Error executing tool lich_thi: Error,0,0.424,36,False
G001542,L001650,P00997,HS30,A,2026-11-28T21:04:03+07:00,1,tool,tkb,"{""ngay"": ""<chuỗi 9564 ký tự>""}",tra_ve_rong,,,0,1.466,4,False
G001543,L001651,P00998,HS39,A,2026-11-28T20:56:35+07:00,1,tool,lich_thi,"{""mon"": ""Tiếng Anh""}",loi_ngoai_le,Exception,Error executing tool lich_thi: Error,0,0.605,36,False
G001544,L001652,P00998,HS39,A,2026-11-28T20:56:58+07:00,1,tool,doc_tai_lieu,"{""ten_file"": ""noi_quy.txt""}",thanh_cong,,,,0.752,7590,False
G001545,L001653,P00999,HS03,A,2026-11-29T20:25:38+07:00,1,tool,diem_tb,"{""diem"": [{""diem"": 9.25, ""he_so"": 2}, {""diem"": 4.5, ""he_so"": 3}, {""diem"": 7.0, ""he_so"": 1}]}",thanh_cong,,,,0.531,6,False
G001546,L001654,P01000,HS04,A,2026-11-29T12:40:36+07:00,1,tool,lich_thi,"{""mon"": ""toan""}",thanh_cong,,,,0.653,110,False
G001547,L001655,P01001,HS04,A,2026-11-29T20:54:22+07:00,1,tool,lich_thi,"{""mon"": ""hoá""}",loi_ngoai_le,Exception,Error executing tool lich_thi: Error,0,0.867,36,False
G001548,L001656,P01001,HS04,A,2026-11-29T20:55:08+07:00,1,tool,doc_tai_lieu,"{""ten_file"": ""noi_quy.txt""}",thanh_cong,,,,0.468,7590,False
G001549,L001657,P01002,HS05,B,2026-11-29T14:10:46+07:00,1,tool,xem_lich_thi,"{""mon"": ""van""}",thanh_cong,,,,1.116,130,False
G001550,L001658,P01003,HS07,B,2026-11-29T21:08:12+07:00,1,tool,xem_lich_thi,"{""mon"": ""ly""}",loi_xac_thuc,ValidationError,"Error executing tool xem_lich_thi: 1 validation error for xem_lich_thiArguments
mon
  Input should be 'toan', 'tin' or 'van' [input_value=""ly""]",2,0.348,200,False
G001551,L001659,P01003,HS07,B,2026-11-29T21:08:42+07:00,1,tool,xem_lich_thi,"{""mon"": ""tin""}",thanh_cong,,,,0.479,130,False
G001552,L001660,P01004,HS10,A,2026-11-29T06:05:32+07:00,1,tool,doc_tai_lieu,"{""ten_file"": ""noi_quy.txt""}",thanh_cong,,,,0.71,7590,False
G001553,L001661,P01005,HS12,B,2026-11-29T11:31:56+07:00,1,tool,xem_lich_thi,"{""mon"": ""su""}",loi_xac_thuc,ValidationError,"Error executing tool xem_lich_thi: 1 validation error for xem_lich_thiArguments
mon
  Input should be 'toan', 'tin' or 'van' [input_value=""su""]",2,0.372,200,False
G001554,L001662,P01005,HS12,B,2026-11-29T11:32:19+07:00,1,tool,xem_lich_thi,"{""mon"": ""tin""}",thanh_cong,,,,0.961,130,False
G001555,L001663,P01006,HS12,B,2026-11-29T19:52:16+07:00,1,tool,xem_lich_thi,"{""mon"": ""van""}",thanh_cong,,,,0.429,130,False
G001556,L001664,P01007,HS19,B,2026-11-29T20:08:36+07:00,1,tool,xem_lich_thi,"{""mon"": ""van""}",thanh_cong,,,,0.445,130,False
G001557,L001665,P01008,HS20,A,2026-11-29T16:54:07+07:00,1,tool,diem_tb,"{""diem"": [{""diem"": 4.5, ""he_so"": 1}, {""diem"": 6.75, ""he_so"": 1}, {""diem"": 5.25, ""he_so"": 1}, {""diem"": 4.0, ""he_so"": 2}, {""diem"": 6.0, ""he_so"": 2}, {""diem"": 8.5, ""he_so"": 1}]}",thanh_cong,,,,0.406,6,False
G001558,L001666,P01008,HS20,A,2026-11-29T16:54:25+07:00,1,tool,lich_thi,"{""mon"": ""toan""}",thanh_cong,,,,0.473,110,False
G001559,L001668,P01010,HS24,B,2026-11-29T22:17:22+07:00,1,tool,xem_lich_thi,"{""mon"": ""toan""}",thanh_cong,,,,0.341,130,False
G001560,L001669,P01011,HS26,B,2026-11-29T18:02:17+07:00,1,tool,xem_lich_thi,"{""mon"": ""toan""}",thanh_cong,,,,0.6,130,False
G001561,L001670,P01011,HS26,B,2026-11-29T18:02:52+07:00,1,tool,xem_lich_thi,"{""mon"": ""Ngữ văn""}",loi_xac_thuc,ValidationError,"Error executing tool xem_lich_thi: 1 validation error for xem_lich_thiArguments
mon
  Input should be 'toan', 'tin' or 'van' [input_value=""Ngữ văn""]",2,0.439,200,False
G001562,L001670,P01011,HS26,B,2026-11-29T18:02:53+07:00,2,tool,xem_lich_thi,"{""mon"": ""van""}",thanh_cong,,,,0.484,130,False
G001563,L001671,P01012,HS26,B,2026-11-29T20:09:39+07:00,1,tool,xem_tkb,"{""ngay"": ""cn""}",loi_xac_thuc,ValidationError,"Error executing tool xem_tkb: 1 validation error for xem_tkbArguments
ngay
  Input should be 't2', 't3', 't4', 't5' or 't6' [input_value=""cn""]",2,0.578,210,False
G001564,L001672,P01013,HS27,A,2026-11-29T07:33:48+07:00,1,tool,diem_tb,"{""diem"": [{""diem"": 6.0, ""he_so"": 1}, {""diem"": 7.0, ""he_so"": 2}, {""diem"": 11, ""he_so"": 1}, {""diem"": 8.5, ""he_so"": 1}]}",thanh_cong,,,,1.334,6,False
G001565,L001673,P01014,HS27,A,2026-11-29T21:47:02+07:00,1,tool,lich_thi,"{""mon"": ""tin""}",thanh_cong,,,,0.842,110,False
G001566,L001674,P01014,HS27,A,2026-11-29T21:47:45+07:00,1,tool,diem_tb,"{""diem"": [{""diem"": 6.25, ""he_so"": 3}, {""diem"": 6.25, ""he_so"": 1}, {""diem"": 5.5, ""he_so"": 1}, {""diem"": 6.75, ""he_so"": 1}, {""diem"": 9.5, ""he_so"": 3}, {""diem"": 7.5, ""he_so"": 2}]}",thanh_cong,,,,0.646,6,False
G001567,L001675,P01015,HS28,B,2026-11-29T16:11:49+07:00,1,resource,lop://noi-quy,,thanh_cong,,,,1.556,7590,False
G001568,L001676,P01015,HS28,B,2026-11-29T16:12:36+07:00,1,tool,xem_tkb,"{""ngay"": ""t4""}",thanh_cong,,,,0.576,111,False
G001569,L001677,P01015,HS28,B,2026-11-29T16:12:52+07:00,1,resource,lop://noi-quy,,thanh_cong,,,,0.832,7590,False
G001570,L001678,P01016,HS29,B,2026-11-29T22:18:40+07:00,1,tool,tinh_diem_tb,"{""cac_diem"": [{""diem"": 6.0, ""he_so"": 3}, {""diem"": 6.25, ""he_so"": 2}, {""diem"": 7.75, ""he_so"": 1}]}",thanh_cong,,,,0.592,95,False
G001571,L001680,P01018,HS35,A,2026-11-29T16:07:21+07:00,1,tool,doc_tai_lieu,"{""ten_file"": ""diem_lop.json""}",loi_ngoai_le,FileNotFoundError,Error executing tool doc_tai_lieu: [Errno 2] No such file or directory: '.../du_lieu/diem_lop.json',1,0.431,120,False
G001572,L001683,P01021,HS01,B,2026-11-30T06:47:08+07:00,1,tool,xem_lich_thi,"{""mon"": ""toan""}",thanh_cong,,,,0.908,130,False
G001573,L001685,P01023,HS02,B,2026-11-30T17:51:56+07:00,1,tool,xem_lich_thi,"{""mon"": ""van""}",thanh_cong,,,,0.43,130,False
G001574,L001686,P01023,HS02,B,2026-11-30T17:52:10+07:00,1,tool,xem_lich_thi,"{""mon"": ""van""}",thanh_cong,,,,0.283,130,False
G001575,L001687,P01023,HS02,B,2026-11-30T17:52:43+07:00,1,tool,xem_lich_thi,"{""mon"": ""van""}",thanh_cong,,,,0.544,130,False
G001576,L001688,P01024,HS02,B,2026-11-30T12:54:29+07:00,1,tool,xem_lich_thi,"{""mon"": ""tin""}",thanh_cong,,,,0.501,130,False
G001577,L001689,P01024,HS02,B,2026-11-30T12:55:05+07:00,1,tool,xem_tkb,"{""ngay"": ""t3""}",thanh_cong,,,,0.598,129,False
G001578,L001690,P01024,HS02,B,2026-11-30T12:55:56+07:00,1,tool,xem_lich_thi,"{""mon"": ""Toán""}",loi_xac_thuc,ValidationError,"Error executing tool xem_lich_thi: 1 validation error for xem_lich_thiArguments
mon
  Input should be 'toan', 'tin' or 'van' [input_value=""Toán""]",2,0.401,200,False
G001579,L001690,P01024,HS02,B,2026-11-30T12:55:57+07:00,2,tool,xem_lich_thi,"{""mon"": ""toan""}",thanh_cong,,,,0.447,130,False
G001580,L001691,P01025,HS03,A,2026-11-30T21:59:20+07:00,1,tool,tkb,"{""ngay"": ""t6""}",thanh_cong,,,,0.768,65,False
G001581,L001692,P01026,HS04,A,2026-11-30T17:17:36+07:00,1,tool,diem_tb,"{""diem"": [{""diem"": 9.75, ""he_so"": 1}, {""diem"": 5.25, ""he_so"": 1}, {""diem"": 4.5, ""he_so"": 1}, {""diem"": 9.75, ""he_so"": 3}, {""diem"": 8.5, ""he_so"": 1}, {""diem"": 8.75, ""he_so"": 1}]}",thanh_cong,,,,0.486,6,False
G001582,L001693,P01027,HS04,A,2026-11-30T22:40:50+07:00,1,tool,lich_thi,"{""mon"": ""môn toán""}",loi_ngoai_le,Exception,Error executing tool lich_thi: Error,0,1.387,36,False
G001583,L001693,P01027,HS04,A,2026-11-30T22:40:52+07:00,2,tool,lich_thi,"{""mon"": ""toan""}",thanh_cong,,,,0.776,110,False
G001584,L001694,P01027,HS04,A,2026-11-30T22:41:06+07:00,1,tool,tkb,"{""ngay"": ""thứ năm""}",tra_ve_rong,,,0,0.455,4,False
G001585,L001695,P01028,HS04,A,2026-11-30T12:08:23+07:00,1,tool,diem_tb,"{""diem"": []}",loi_ngoai_le,ZeroDivisionError,Error executing tool diem_tb: division by zero,1,0.366,60,False
G001586,L001696,P01029,HS04,A,2026-11-30T19:50:15+07:00,1,tool,tkb,"{""ngay"": ""t6""}",thanh_cong,,,,0.397,65,False
G001587,L001697,P01029,HS04,A,2026-11-30T19:50:45+07:00,1,tool,diem_tb,"{""diem"": [{""diem"": ""4,5"", ""he_so"": 1}, {""diem"": ""5,75"", ""he_so"": 3}, {""diem"": 4.0, ""he_so"": 2}, {""diem"": ""9,5"", ""he_so"": 1}, {""diem"": ""9,5"", ""he_so"": 2}]}",loi_ngoai_le,TypeError,Error executing tool diem_tb: can't multiply sequence by non-int of type 'int',1,0.423,90,False
G001588,L001698,P01030,HS06,A,2026-11-30T19:02:11+07:00,1,tool,lich_thi,"{""mon"": ""toan""}",thanh_cong,,,,0.321,110,False
G001589,L001700,P01032,HS06,A,2026-11-30T06:42:44+07:00,1,tool,diem_tb,"{""diem"": [{""diem"": 5.5, ""he_so"": 1}, {""diem"": 7.0, ""he_so"": 1}, {""diem"": 8.5, ""he_so"": 1}, {""diem"": 7.0, ""he_so"": 2}]}",thanh_cong,,,,0.613,6,False
G001590,L001701,P01032,HS06,A,2026-11-30T06:43:07+07:00,1,tool,doc_tai_lieu,"{""ten_file"": ""../du_lieu_ngoai/bi_mat.txt""}",thanh_cong,,,,0.634,230,False
G001591,L001703,P01034,HS09,B,2026-11-30T13:00:25+07:00,1,tool,xem_lich_thi,"{""mon"": ""toan""}",thanh_cong,,,,1.14,130,False
G001592,L001704,P01034,HS09,B,2026-11-30T13:00:45+07:00,1,tool,tinh_diem_tb,"{""cac_diem"": [{""diem"": 8.5, ""he_so"": 1}, {""diem"": 8.75, ""he_so"": 1}, {""diem"": 7.75, ""he_so"": 2}, {""diem"": 8.0, ""he_so"": 1}]}",thanh_cong,,,,0.471,95,False
G001593,L001705,P01035,HS10,A,2026-11-30T23:35:41+07:00,1,tool,diem_tb,"{""diem"": [{""diem"": 4.25, ""he_so"": 1}, {""diem"": 4.75, ""he_so"": 1}, {""diem"": 10.0, ""he_so"": 2}, {""diem"": 8.25, ""he_so"": 2}, {""diem"": 4.25, ""he_so"": 1}]}",thanh_cong,,,,0.564,6,False
G001594,L001707,P01035,HS10,A,2026-11-30T23:36:47+07:00,1,tool,lich_thi,"{""mon"": ""Toán""}",loi_ngoai_le,Exception,Error executing tool lich_thi: Error,0,0.954,36,False
G001595,L001708,P01036,HS11,A,2026-11-30T23:22:13+07:00,1,tool,tkb,"{""ngay"": ""thứ hai""}",tra_ve_rong,,,0,0.947,4,False
G001596,L001708,P01036,HS11,A,2026-11-30T23:22:16+07:00,2,tool,tkb,"{""ngay"": ""t2""}",thanh_cong,,,,0.411,51,False
G001597,L001709,P01036,HS11,A,2026-11-30T23:22:44+07:00,1,tool,lich_thi,"{""mon"": ""Sinh học""}",loi_ngoai_le,Exception,Error executing tool lich_thi: Error,0,0.6,36,False
G001598,L001710,P01037,HS12,B,2026-11-30T11:37:30+07:00,1,tool,xem_tkb,"{""ngay"": ""t3""}",thanh_cong,,,,0.687,129,False
G001599,L001711,P01037,HS12,B,2026-11-30T11:37:48+07:00,1,tool,xem_lich_thi,"{""mon"": ""van""}",thanh_cong,,,,0.45,130,False
G001600,L001713,P01038,HS12,B,2026-11-30T20:33:43+07:00,1,tool,xem_lich_thi,"{""mon"": ""van""}",thanh_cong,,,,0.807,130,False
G001601,L001714,P01039,HS14,A,2026-11-30T20:41:41+07:00,1,tool,diem_tb,"{""diem"": [{""diem"": 5.5, ""he_so"": 1}, {""diem"": 8.5, ""he_so"": 2}, {""diem"": 5.0, ""he_so"": 1}, {""diem"": 5.0, ""he_so"": 1}, {""diem"": 7.75, ""he_so"": 1}]}",thanh_cong,,,,0.578,6,False
G001602,L001715,P01039,HS14,A,2026-11-30T20:42:00+07:00,1,tool,lich_thi,"{""mon"": ""toan""}",thanh_cong,,,,0.417,110,False
G001603,L001716,P01040,HS14,A,2026-11-30T21:24:21+07:00,1,tool,lich_thi,"{""mon"": ""van""}",thanh_cong,,,,1.08,110,False
G001604,L001717,P01040,HS14,A,2026-11-30T21:24:36+07:00,1,tool,tkb,"{""ngay"": ""thứ năm""}",tra_ve_rong,,,0,0.63,4,False
G001605,L001718,P01040,HS14,A,2026-11-30T21:25:12+07:00,1,tool,lich_thi,"{""mon"": ""van""}",thanh_cong,,,,0.587,110,False
G001606,L001720,P01041,HS15,B,2026-11-30T20:02:46+07:00,1,tool,xem_tkb,"{""ngay"": ""t3""}",thanh_cong,,,,0.429,129,False
G001607,L001721,P01041,HS15,B,2026-11-30T20:03:15+07:00,1,tool,xem_lich_thi,"{""mon"": ""van""}",thanh_cong,,,,0.603,130,False
G001608,L001722,P01042,HS16,B,2026-11-30T19:51:54+07:00,1,tool,xem_lich_thi,"{""mon"": ""tin""}",thanh_cong,,,,0.934,130,False
G001609,L001723,P01042,HS16,B,2026-11-30T19:52:30+07:00,1,tool,xem_lich_thi,"{""mon"": ""toan""}",thanh_cong,,,,0.375,130,False
G001610,L001724,P01043,HS18,B,2026-11-30T20:22:01+07:00,1,tool,xem_lich_thi,"{""mon"": ""toan""}",thanh_cong,,,,0.465,130,False
G001611,L001725,P01043,HS18,B,2026-11-30T20:23:26+07:00,1,tool,xem_lich_thi,"{""mon"": ""toan""}",thanh_cong,,,,0.543,130,False
G001612,L001726,P01044,HS19,B,2026-11-30T21:57:00+07:00,1,resource,lop://tai-lieu/khong_cong_khai.txt,,bi_tu_choi,ResourceNotFoundError,Unknown resource: lop://tai-lieu/khong_cong_khai.txt,0,0.61,70,False
G001613,L001727,P01044,HS19,B,2026-11-30T21:57:20+07:00,1,tool,xem_tkb,"{""ngay"": ""t3""}",thanh_cong,,,,0.638,129,False
G001614,L001729,P01045,HS21,A,2026-11-30T15:01:38+07:00,1,tool,tkb,"{""ngay"": ""thứ ba""}",tra_ve_rong,,,0,0.398,4,False
G001615,L001729,P01045,HS21,A,2026-11-30T15:01:40+07:00,2,tool,tkb,"{""ngay"": ""t3""}",thanh_cong,,,,0.41,69,False
G001616,L001730,P01046,HS22,A,2026-11-30T21:52:00+07:00,1,tool,doc_tai_lieu,"{""ten_file"": ""noi_quy.txt""}",thanh_cong,,,,0.817,7590,False
G001617,L001731,P01047,HS24,B,2026-11-30T13:24:10+07:00,1,tool,xem_lich_thi,"{""mon"": ""toan""}",thanh_cong,,,,0.704,130,False
G001618,L001732,P01047,HS24,B,2026-11-30T13:25:11+07:00,1,tool,tinh_diem_tb,"{""cac_diem"": [{""diem"": 5.0, ""he_so"": 1}, {""diem"": 8.25, ""he_so"": 2}, {""diem"": 5.25, ""he_so"": 2}]}",thanh_cong,,,,0.746,95,False
G001619,L001733,P01048,HS24,B,2026-11-30T17:35:37+07:00,1,tool,xem_tkb,"{""ngay"": ""t3""}",thanh_cong,,,,0.408,129,False
G001620,L001734,P01048,HS24,B,2026-11-30T17:35:57+07:00,1,tool,xem_lich_thi,"{""mon"": ""toan""}",thanh_cong,,,,0.604,130,False
G001621,L001735,P01049,HS25,A,2026-11-30T21:20:04+07:00,1,tool,lich_thi,"{""mon"": ""Ngữ văn""}",loi_ngoai_le,Exception,Error executing tool lich_thi: Error,0,0.836,36,False
G001622,L001736,P01049,HS25,A,2026-11-30T21:20:26+07:00,1,tool,diem_tb,"{""diem"": [{""diem"": 7.75, ""he_so"": 3}, {""diem"": 6.0, ""he_so"": 1}, {""diem"": 8.5, ""he_so"": 1}, {""diem"": 8.0, ""he_so"": 2}, {""diem"": 6.25, ""he_so"": 1}, {""diem"": 10.0, ""he_so"": 1}]}",thanh_cong,,,,0.934,6,False
G001623,L001737,P01050,HS28,B,2026-11-30T22:32:06+07:00,1,resource,lop://noi-quy,,thanh_cong,,,,1.412,7590,False
G001624,L001738,P01050,HS28,B,2026-11-30T22:32:30+07:00,1,tool,tinh_diem_tb,"{""cac_diem"": [{""diem"": 4.25, ""he_so"": 1}, {""diem"": 8.75, ""he_so"": 1}]}",thanh_cong,,,,0.414,95,False
G001625,L001739,P01051,HS28,B,2026-11-30T19:47:26+07:00,1,tool,xem_tkb,"{""ngay"": ""t4""}",thanh_cong,,,,0.494,111,False
G001626,L001740,P01051,HS28,B,2026-11-30T19:47:56+07:00,1,tool,xem_tkb,"{""ngay"": ""t3""}",thanh_cong,,,,0.664,129,False
G001627,L001741,P01052,HS28,B,2026-11-30T20:05:29+07:00,1,resource,lop://noi-quy,,thanh_cong,,,,1.201,7590,False
G001628,L001742,P01053,HS29,B,2026-11-30T21:59:01+07:00,1,tool,xem_lich_thi,"{""mon"": ""toan""}",thanh_cong,,,,0.976,130,False
G001629,L001743,P01054,HS29,B,2026-11-30T07:08:06+07:00,1,tool,tinh_diem_tb,"{""cac_diem"": [{""diem"": 6.5, ""he_so"": 1}, {""diem"": 8.25, ""he_so"": 1}, {""diem"": 5.75, ""he_so"": 3}, {""diem"": 5.0, ""he_so"": 1}, {""diem"": 7.75, ""he_so"": 1}]}",thanh_cong,,,,0.642,95,False
G001630,L001744,P01054,HS29,B,2026-11-30T07:09:23+07:00,1,tool,tinh_diem_tb,"{""cac_diem"": [{""diem"": 8.75, ""he_so"": 2}, {""diem"": 7.75, ""he_so"": 2}]}",thanh_cong,,,,0.623,95,False
G001631,L001745,P01055,HS30,A,2026-11-30T12:37:30+07:00,1,tool,lich_thi,"{""mon"": ""văn""}",loi_ngoai_le,Exception,Error executing tool lich_thi: Error,0,0.4,36,False
G001632,L001746,P01055,HS30,A,2026-11-30T12:38:02+07:00,1,tool,diem_tb,"{""diem"": [{""diem"": -1, ""he_so"": 1}, {""diem"": 9.25, ""he_so"": 2}, {""diem"": 4.5, ""he_so"": 1}]}",thanh_cong,,,,0.724,6,False
G001633,L001747,P01056,HS31,A,2026-11-30T16:08:15+07:00,1,tool,tkb,"{""ngay"": ""t3""}",thanh_cong,,,,0.466,69,False
G001634,L001748,P01056,HS31,A,2026-11-30T16:08:39+07:00,1,tool,diem_tb,"{""diem"": [{""diem"": 7.0, ""he_so"": 2}, {""diem"": 85, ""he_so"": 2}]}",thanh_cong,,,,0.672,6,False
G001635,L001749,P01056,HS31,A,2026-11-30T16:09:02+07:00,1,tool,tkb,"{""ngay"": ""thứ tư""}",tra_ve_rong,,,0,0.403,4,False
G001636,L001750,P01057,HS33,A,2026-11-30T10:53:29+07:00,1,tool,lich_thi,"{""mon"": ""van""}",thanh_cong,,,,0.409,110,False
G001637,L001751,P01057,HS33,A,2026-11-30T10:53:46+07:00,1,tool,lich_thi,"{""mon"": ""Tin học""}",loi_ngoai_le,Exception,Error executing tool lich_thi: Error,0,1.247,36,False
G001638,L001752,P01057,HS33,A,2026-11-30T10:54:14+07:00,1,tool,lich_thi,"{""mon"": ""toan""}",thanh_cong,,,,0.967,110,False
G001639,L001753,P01058,HS34,B,2026-11-30T20:42:39+07:00,1,tool,xem_tkb,"{""ngay"": ""t3""}",thanh_cong,,,,0.876,129,False
G001640,L001754,P01059,HS35,A,2026-11-30T06:57:25+07:00,1,tool,lich_thi,"{""mon"": ""van""}",thanh_cong,,,,0.657,110,False
G001641,L001755,P01060,HS37,B,2026-11-30T22:45:53+07:00,1,tool,xem_lich_thi,"{""mon"": ""anh""}",loi_xac_thuc,ValidationError,"Error executing tool xem_lich_thi: 1 validation error for xem_lich_thiArguments
mon
  Input should be 'toan', 'tin' or 'van' [input_value=""anh""]",2,0.294,200,False
G001642,L001756,P01061,HS37,B,2026-11-30T21:35:31+07:00,1,tool,tinh_diem_tb,"{""cac_diem"": [{""diem"": 7.0, ""he_so"": 2}, {""diem"": 5.0, ""he_so"": 2}, {""diem"": 9.5, ""he_so"": 2}, {""diem"": 9.0, ""he_so"": 3}, {""diem"": 4.5, ""he_so"": 2}, {""diem"": 8.75, ""he_so"": 1}]}",thanh_cong,,,,0.577,95,False
G001643,L001757,P01062,HS39,A,2026-11-30T21:02:19+07:00,1,tool,tkb,"{""ngay"": ""thứ ba""}",tra_ve_rong,,,0,0.526,4,False
G001644,L001758,P01062,HS39,A,2026-11-30T21:02:45+07:00,1,tool,diem_tb,"{""diem"": [{""diem"": 9.25, ""he_so"": 1}, {""diem"": 7.75, ""he_so"": 1}]}",thanh_cong,,,,0.703,6,False
G001645,L001759,P01063,HS39,A,2026-11-30T10:27:50+07:00,1,tool,lich_thi,"{""mon"": ""Hoá học""}",loi_ngoai_le,Exception,Error executing tool lich_thi: Error,0,1.007,36,False
G001646,L001760,P01063,HS39,A,2026-11-30T10:28:50+07:00,1,tool,lich_thi,"{""mon"": ""tin""}",thanh_cong,,,,0.79,110,False
G001647,L001761,P01064,HS40,A,2026-11-30T15:19:25+07:00,1,tool,lich_thi,"{""mon"": ""toán học""}",loi_ngoai_le,Exception,Error executing tool lich_thi: Error,0,0.663,36,False
G001648,L001762,P01065,HS40,A,2026-11-30T18:30:27+07:00,1,tool,diem_tb,"{""diem"": [{""diem"": 5.25, ""he_so"": 1}, {""diem"": 4.5, ""he_so"": 2}, {""diem"": 4.25, ""he_so"": 2}, {""diem"": 8.0, ""he_so"": 1}, {""diem"": 7.25, ""he_so"": 3}, {""diem"": 6.0, ""he_so"": 3}]}",thanh_cong,,,,0.557,6,False
G001649,L001763,P01066,HS03,A,2026-12-01T21:01:28+07:00,1,tool,lich_thi,"{""mon"": ""môn Tin""}",loi_ngoai_le,Exception,Error executing tool lich_thi: Error,0,0.615,36,False
G001650,L001764,P01066,HS03,A,2026-12-01T21:02:04+07:00,1,tool,lich_thi,"{""mon"": ""môn Tin""}",loi_ngoai_le,Exception,Error executing tool lich_thi: Error,0,0.467,36,False
G001651,L001765,P01067,HS06,A,2026-12-01T06:22:43+07:00,1,tool,doc_tai_lieu,"{""ten_file"": ""noi_quy.txt""}",thanh_cong,,,,1.094,7590,False
G001652,L001766,P01068,HS06,A,2026-12-01T22:35:46+07:00,1,tool,lich_thi,"{""mon"": ""Vật lí""}",loi_ngoai_le,Exception,Error executing tool lich_thi: Error,0,0.391,36,False
G001653,L001767,P01069,HS10,A,2026-12-01T22:01:10+07:00,1,tool,lich_thi,"{""mon"": ""môn toán""}",loi_ngoai_le,Exception,Error executing tool lich_thi: Error,0,0.532,36,False
G001654,L001767,P01069,HS10,A,2026-12-01T22:01:12+07:00,2,tool,lich_thi,"{""mon"": ""toan""}",thanh_cong,,,,0.328,110,False
G001655,L001768,P01069,HS10,A,2026-12-01T22:01:29+07:00,1,tool,tkb,"{""ngay"": ""t6""}",thanh_cong,,,,0.445,65,False
G001656,L001769,P01070,HS11,A,2026-12-01T20:05:11+07:00,1,tool,diem_tb,"{""diem"": [{""diem"": 8.5, ""he_so"": 1}, {""diem"": 8.25, ""he_so"": 2}]}",thanh_cong,,,,0.632,6,False
G001657,L001770,P01070,HS11,A,2026-12-01T20:05:33+07:00,1,tool,tkb,"{""ngay"": ""thứ hai""}",tra_ve_rong,,,0,0.394,4,False
G001658,L001771,P01071,HS14,A,2026-12-01T20:19:25+07:00,1,tool,doc_tai_lieu,"{""ten_file"": ""noi_quy.txt""}",thanh_cong,,,,1.151,7590,False
G001659,L001772,P01071,HS14,A,2026-12-01T20:19:47+07:00,1,tool,doc_tai_lieu,"{""ten_file"": ""NoiQuy.txt""}",loi_ngoai_le,FileNotFoundError,Error executing tool doc_tai_lieu: [Errno 2] No such file or directory: '.../du_lieu/NoiQuy.txt',1,0.439,120,False
G001660,L001772,P01071,HS14,A,2026-12-01T20:19:48+07:00,2,tool,doc_tai_lieu,"{""ten_file"": ""noi_quy.txt""}",thanh_cong,,,,0.642,7590,False
G001661,L001773,P01072,HS16,B,2026-12-01T20:41:31+07:00,1,tool,xem_tkb,"{""ngay"": ""t4""}",thanh_cong,,,,0.722,111,False
G001662,L001774,P01072,HS16,B,2026-12-01T20:42:27+07:00,1,tool,xem_tkb,"{""ngay"": ""t5""}",thanh_cong,,,,0.668,251,True
G001663,L001775,P01072,HS16,B,2026-12-01T20:42:54+07:00,1,tool,xem_tkb,"{""ngay"": ""t4""}",thanh_cong,,,,0.656,111,False
G001664,L001779,P01073,HS17,B,2026-12-01T22:56:46+07:00,1,tool,tinh_diem_tb,"{""cac_diem"": [{""diem"": 6.75, ""he_so"": 2}, {""diem"": 85, ""he_so"": 2}, {""diem"": 9.0, ""he_so"": 1}]}",loi_xac_thuc,ValidationError,"Error executing tool tinh_diem_tb: 1 validation error for tinh_diem_tbArguments
cac_diem.0.diem
  Input should be less than or equal to 10 [input_value=""?""]",2,0.502,230,False
G001665,L001780,P01074,HS20,A,2026-12-01T19:24:34+07:00,1,tool,lich_thi,"{""mon"": ""toán học""}",loi_ngoai_le,Exception,Error executing tool lich_thi: Error,0,0.484,36,False
G001666,L001781,P01075,HS21,A,2026-12-01T22:00:07+07:00,1,tool,doc_tai_lieu,"{""ten_file"": ""noi_quy.txt""}",thanh_cong,,,,0.97,7590,False
G001667,L001782,P01076,HS24,B,2026-12-01T16:21:59+07:00,1,tool,xem_lich_thi,"{""mon"": ""van""}",thanh_cong,,,,0.399,130,False
G001668,L001783,P01076,HS24,B,2026-12-01T16:22:38+07:00,1,tool,xem_lich_thi,"{""mon"": ""van""}",thanh_cong,,,,0.415,130,False
G001669,L001784,P01077,HS25,A,2026-12-01T13:14:08+07:00,1,tool,doc_tai_lieu,"{""ten_file"": ""bang_diem.csv""}",loi_ngoai_le,FileNotFoundError,Error executing tool doc_tai_lieu: [Errno 2] No such file or directory: '.../du_lieu/bang_diem.csv',1,0.784,120,False
G001670,L001785,P01077,HS25,A,2026-12-01T13:14:32+07:00,1,tool,doc_tai_lieu,"{""ten_file"": ""NoiQuy.txt""}",loi_ngoai_le,FileNotFoundError,Error executing tool doc_tai_lieu: [Errno 2] No such file or directory: '.../du_lieu/NoiQuy.txt',1,0.771,120,False
G001671,L001786,P01078,HS29,B,2026-12-01T18:17:52+07:00,1,tool,xem_tkb,"{""ngay"": ""t4""}",thanh_cong,,,,0.65,111,False
G001672,L001787,P01079,HS31,A,2026-12-01T12:51:39+07:00,1,tool,tkb,"{""ngay"": ""thứ 5""}",tra_ve_rong,,,0,0.513,4,False
G001673,L001788,P01080,HS32,A,2026-12-01T22:03:17+07:00,1,tool,lich_thi,"{""mon"": ""toan""}",thanh_cong,,,,0.679,110,False
G001674,L001789,P01081,HS34,B,2026-12-01T21:41:56+07:00,1,tool,xem_lich_thi,"{""mon"": ""van""}",thanh_cong,,,,0.814,130,False
G001675,L001790,P01082,HS35,A,2026-12-01T11:48:36+07:00,1,tool,lich_thi,"{""mon"": ""van""}",thanh_cong,,,,0.463,110,False
G001676,L001791,P01083,HS35,A,2026-12-01T17:54:05+07:00,1,tool,lich_thi,"{""mon"": ""van""}",thanh_cong,,,,0.591,110,False
G001677,L001792,P01083,HS35,A,2026-12-01T17:54:44+07:00,1,tool,diem_tb,"{""diem"": [{""diem"": ""5,75"", ""he_so"": 1}, {""diem"": ""4,25"", ""he_so"": 2}, {""diem"": ""5,5"", ""he_so"": 1}, {""diem"": ""6,5"", ""he_so"": 2}]}",loi_ngoai_le,TypeError,Error executing tool diem_tb: can't multiply sequence by non-int of type 'int',1,0.982,90,False
G001678,L001792,P01083,HS35,A,2026-12-01T17:54:45+07:00,2,tool,diem_tb,"{""diem"": [{""diem"": 5.75, ""he_so"": 1}, {""diem"": 4.25, ""he_so"": 2}, {""diem"": 5.5, ""he_so"": 1}, {""diem"": 6.5, ""he_so"": 2}]}",thanh_cong,,,,0.508,6,False
G001679,L001793,P01084,HS35,A,2026-12-01T23:11:13+07:00,1,tool,tkb,"{""ngay"": ""t3""}",thanh_cong,,,,0.728,69,False
G001680,L001794,P01085,HS39,A,2026-12-01T11:15:23+07:00,1,tool,tkb,"{""ngay"": ""thứ tư""}",tra_ve_rong,,,0,0.405,4,False
G001681,L001795,P01086,HS01,B,2026-12-02T21:14:31+07:00,1,resource,lop://noi-quy,,thanh_cong,,,,1.033,7590,False
G001682,L001797,P01087,HS03,A,2026-12-02T22:30:56+07:00,1,tool,lich_thi,"{""mon"": ""toan""}",thanh_cong,,,,0.493,110,False
G001683,L001798,P01088,HS06,A,2026-12-02T11:47:30+07:00,1,tool,lich_thi,"{""mon"": ""van""}",thanh_cong,,,,0.54,110,False
G001684,L001800,P01088,HS06,A,2026-12-02T11:48:02+07:00,1,tool,diem_tb,"{""diem"": [{""diem"": 8.0, ""he_so"": 1}, {""diem"": 9.75, ""he_so"": 1}, {""diem"": 5.5, ""he_so"": 1}, {""diem"": 6.25, ""he_so"": 1}, {""diem"": 9.5, ""he_so"": 1}, {""diem"": 8.25, ""he_so"": 1}]}",thanh_cong,,,,0.512,6,False
G001685,L001801,P01089,HS10,A,2026-12-02T19:47:42+07:00,1,tool,tkb,"{""ngay"": ""t6""}",thanh_cong,,,,0.271,65,False
G001686,L001802,P01089,HS10,A,2026-12-02T19:48:34+07:00,1,tool,tkb,"{""ngay"": ""T5""}",tra_ve_rong,,,0,0.22,4,False
G001687,L001803,P01090,HS12,B,2026-12-02T21:40:07+07:00,1,tool,xem_lich_thi,"{""mon"": ""van""}",thanh_cong,,,,0.704,130,False
G001688,L001804,P01090,HS12,B,2026-12-02T21:40:24+07:00,1,tool,tinh_diem_tb,"{""cac_diem"": [{""diem"": 8.5, ""he_so"": 2}, {""diem"": 9.25, ""he_so"": 4}, {""diem"": 5.75, ""he_so"": 2}, {""diem"": 7.75, ""he_so"": 1}, {""diem"": 5.25, ""he_so"": 2}, {""diem"": 5.75, ""he_so"": 2}]}",loi_xac_thuc,ValidationError,"Error executing tool tinh_diem_tb: 1 validation error for tinh_diem_tbArguments
cac_diem.0.he_so
  Input should be 1, 2 or 3 [input_value=""?""]",2,0.161,230,False
G001689,L001805,P01090,HS12,B,2026-12-02T21:40:44+07:00,1,tool,xem_lich_thi,"{""mon"": ""tin""}",thanh_cong,,,,0.515,130,False
G001690,L001806,P01091,HS12,B,2026-12-02T13:07:36+07:00,1,tool,xem_tkb,"{""ngay"": ""t3""}",thanh_cong,,,,0.507,129,False
G001691,L001807,P01092,HS12,B,2026-12-02T13:31:27+07:00,1,tool,tinh_diem_tb,"{""cac_diem"": [{""diem"": 9.25, ""he_so"": 2}, {""diem"": 8.5, ""he_so"": 2}, {""diem"": 8.75, ""he_so"": 2}, {""diem"": 4.75, ""he_so"": 1}, {""diem"": 4.5, ""he_so"": 2}]}",thanh_cong,,,,0.404,95,False
G001692,L001808,P01092,HS12,B,2026-12-02T13:32:17+07:00,1,tool,xem_lich_thi,"{""mon"": ""tin""}",thanh_cong,,,,0.523,130,False
G001693,L001809,P01093,HS13,B,2026-12-02T11:05:15+07:00,1,tool,xem_lich_thi,"{""mon"": ""van""}",thanh_cong,,,,0.896,130,False
G001694,L001810,P01094,HS15,B,2026-12-02T20:47:39+07:00,1,tool,xem_lich_thi,"{""mon"": ""tin""}",thanh_cong,,,,0.483,130,False
G001695,L001811,P01094,HS15,B,2026-12-02T20:48:04+07:00,1,resource,lop://noi-quy,,thanh_cong,,,,0.873,7590,False
G001696,L001812,P01094,HS15,B,2026-12-02T20:48:33+07:00,1,tool,tinh_diem_tb,"{""cac_diem"": [{""diem"": 8.0, ""he_so"": 1}, {""diem"": 10.5, ""he_so"": 2}, {""diem"": 9.0, ""he_so"": 2}, {""diem"": 4.75, ""he_so"": 3}, {""diem"": 7.75, ""he_so"": 1}]}",loi_xac_thuc,ValidationError,"Error executing tool tinh_diem_tb: 1 validation error for tinh_diem_tbArguments
cac_diem.0.diem
  Input should be less than or equal to 10 [input_value=""?""]",2,0.679,230,False
G001697,L001813,P01095,HS16,B,2026-12-02T13:15:58+07:00,1,tool,tinh_diem_tb,"{""cac_diem"": [{""diem"": 9.5, ""he_so"": 1}, {""diem"": 5.5, ""he_so"": 3}, {""diem"": 6.75, ""he_so"": 1}, {""diem"": 9.75, ""he_so"": 2}, {""diem"": 10.5, ""he_so"": 1}]}",loi_xac_thuc,ValidationError,"Error executing tool tinh_diem_tb: 1 validation error for tinh_diem_tbArguments
cac_diem.0.diem
  Input should be less than or equal to 10 [input_value=""?""]",2,0.248,230,False
G001698,L001814,P01095,HS16,B,2026-12-02T13:16:44+07:00,1,tool,tinh_diem_tb,"{""cac_diem"": [{""diem"": 6.5, ""he_so"": 1}, {""diem"": 8.0, ""he_so"": 1}, {""diem"": 5.25, ""he_so"": 2}]}",thanh_cong,,,,0.609,95,False
G001699,L001815,P01096,HS17,B,2026-12-02T20:23:14+07:00,1,tool,xem_tkb,"{""ngay"": ""t5""}",thanh_cong,,,,0.781,251,True
G001700,L001816,P01097,HS22,A,2026-12-02T21:16:19+07:00,1,tool,lich_thi,"{""mon"": ""môn Văn""}",loi_ngoai_le,Exception,Error executing tool lich_thi: Error,0,0.35,36,False
G001701,L001817,P01098,HS23,A,2026-12-02T08:19:36+07:00,1,tool,diem_tb,"{""diem"": [{""diem"": 5.5, ""he_so"": 2}, {""diem"": 9.0, ""he_so"": 1}]}",thanh_cong,,,,0.479,6,False
G001702,L001818,P01098,HS23,A,2026-12-02T08:21:49+07:00,1,tool,lich_thi,"{""mon"": ""van""}",thanh_cong,,,,1.752,110,False
G001703,L001819,P01098,HS23,A,2026-12-02T08:22:33+07:00,1,tool,lich_thi,"{""mon"": ""toan""}",thanh_cong,,,,0.276,110,False
G001704,L001820,P01098,HS23,A,2026-12-02T08:23:16+07:00,1,tool,lich_thi,"{""mon"": ""van""}",thanh_cong,,,,0.55,110,False
G001705,L001821,P01099,HS24,B,2026-12-02T21:57:20+07:00,1,resource,lop://noi-quy,,thanh_cong,,,,1.249,7590,False
G001706,L001822,P01099,HS24,B,2026-12-02T21:57:41+07:00,1,tool,xem_lich_thi,"{""mon"": ""toan""}",thanh_cong,,,,0.654,130,False
G001707,L001823,P01100,HS24,B,2026-12-02T17:43:17+07:00,1,resource,lop://noi-quy,,thanh_cong,,,,0.818,7590,False
G001708,L001824,P01101,HS24,B,2026-12-02T20:04:14+07:00,1,tool,xem_lich_thi,"{""mon"": ""anh""}",loi_xac_thuc,ValidationError,"Error executing tool xem_lich_thi: 1 validation error for xem_lich_thiArguments
mon
  Input should be 'toan', 'tin' or 'van' [input_value=""anh""]",2,0.335,200,False
G001709,L001825,P01102,HS25,A,2026-12-02T21:07:33+07:00,1,tool,tkb,"{""ngay"": ""t3""}",thanh_cong,,,,0.843,69,False
G001710,L001826,P01102,HS25,A,2026-12-02T21:08:25+07:00,1,tool,tkb,"{""ngay"": ""thứ ba""}",tra_ve_rong,,,0,0.545,4,False
G001711,L001826,P01102,HS25,A,2026-12-02T21:08:27+07:00,2,tool,tkb,"{""ngay"": ""t3""}",thanh_cong,,,,0.827,69,False
G001712,L001827,P01103,HS26,B,2026-12-02T20:59:03+07:00,1,tool,xem_lich_thi,"{""mon"": ""van""}",thanh_cong,,,,0.554,130,False
G001713,L001828,P01104,HS26,B,2026-12-02T06:51:45+07:00,1,tool,tinh_diem_tb,"{""cac_diem"": [{""diem"": 9.25, ""he_so"": 2}, {""diem"": 5.5, ""he_so"": 3}, {""diem"": 5.0, ""he_so"": 1}, {""diem"": 5.0, ""he_so"": 3}, {""diem"": 8.75, ""he_so"": 3}, {""diem"": 7.25, ""he_so"": 1}]}",thanh_cong,,,,1.391,95,False
G001714,L001829,P01104,HS26,B,2026-12-02T06:53:26+07:00,1,tool,xem_lich_thi,"{""mon"": ""van""}",thanh_cong,,,,0.367,130,False
G001715,L001830,P01105,HS27,A,2026-12-02T20:36:37+07:00,1,tool,lich_thi,"{""mon"": ""van""}",thanh_cong,,,,0.471,110,False
G001716,L001831,P01105,HS27,A,2026-12-02T20:37:01+07:00,1,tool,diem_tb,"{""diem"": [{""diem"": 8.5, ""he_so"": 1}, {""diem"": 10.0, ""he_so"": 5}]}",thanh_cong,,,,0.668,6,False
G001717,L001832,P01105,HS27,A,2026-12-02T20:37:13+07:00,1,tool,lich_thi,"{""mon"": ""Tin học""}",loi_ngoai_le,Exception,Error executing tool lich_thi: Error,0,0.599,36,False
G001718,L001832,P01105,HS27,A,2026-12-02T20:37:15+07:00,2,tool,lich_thi,"{""mon"": ""tin""}",thanh_cong,,,,0.47,110,False
G001719,L001833,P01105,HS27,A,2026-12-02T20:38:45+07:00,1,tool,doc_tai_lieu,"{""ten_file"": ""diem.json""}",loi_ngoai_le,FileNotFoundError,Error executing tool doc_tai_lieu: [Errno 2] No such file or directory,1,0.652,110,False
G001720,L001833,P01105,HS27,A,2026-12-02T20:38:46+07:00,2,tool,doc_tai_lieu,"{""ten_file"": ""khong_cong_khai.txt""}",thanh_cong,,,,0.64,241,False
G001721,L001834,P01106,HS29,B,2026-12-02T12:37:06+07:00,1,tool,xem_tkb,"{""ngay"": ""t5""}",thanh_cong,,,,0.431,251,True
G001722,L001836,P01107,HS30,A,2026-12-02T22:08:32+07:00,1,tool,tkb,"{""ngay"": ""ngày mai""}",tra_ve_rong,,,0,0.715,4,False
G001723,L001837,P01107,HS30,A,2026-12-02T22:09:35+07:00,1,tool,lich_thi,"{""mon"": ""Tin học""}",loi_ngoai_le,Exception,Error executing tool lich_thi: Error,0,0.384,36,False
G001724,L001837,P01107,HS30,A,2026-12-02T22:09:37+07:00,2,tool,lich_thi,"{""mon"": ""tin""}",thanh_cong,,,,0.453,110,False
G001725,L001839,P01109,HS34,B,2026-12-02T20:14:32+07:00,1,tool,tinh_diem_tb,"{""cac_diem"": [{""diem"": 4.5, ""he_so"": 1}, {""diem"": 4.25, ""he_so"": 2}]}",thanh_cong,,,,0.584,95,False
G001726,L001840,P01110,HS39,A,2026-12-02T20:00:17+07:00,1,tool,diem_tb,"{""diem"": [{""diem"": 6.5, ""he_so"": 3}, {""diem"": 7.25, ""he_so"": 1}, {""diem"": 5.5, ""he_so"": 2}, {""diem"": 6.75, ""he_so"": 3}]}",thanh_cong,,,,0.521,6,False
G001727,L001841,P01110,HS39,A,2026-12-02T20:00:45+07:00,1,tool,diem_tb,"{""diem"": [{""diem"": 8.5, ""he_so"": 1}, {""diem"": 9.25, ""he_so"": 2}, {""diem"": 5.5, ""he_so"": 1}, {""diem"": 8.75, ""he_so"": 2}, {""diem"": 5.25, ""he_so"": 1}, {""diem"": 8.5, ""he_so"": 3}]}",thanh_cong,,,,0.586,6,False
G001728,L001842,P01111,HS39,A,2026-12-02T08:45:43+07:00,1,tool,lich_thi,"{""mon"": ""Toán""}",loi_ngoai_le,Exception,Error executing tool lich_thi: Error,0,0.718,36,False
G001729,L001844,P01112,HS40,A,2026-12-02T22:45:29+07:00,1,tool,diem_tb,"{""diem"": [{""diem"": 8.25, ""he_so"": 2}, {""diem"": 5.0, ""he_so"": 2}, {""diem"": 8.75, ""he_so"": 3}, {""diem"": 8.0, ""he_so"": 3}, {""diem"": 6.25, ""he_so"": 1}]}",thanh_cong,,,,0.884,6,False
G001730,L001845,P01113,HS40,A,2026-12-02T18:39:44+07:00,1,tool,tkb,"{""ngay"": ""t5""}",thanh_cong,,,,0.708,191,True
G001731,L001847,P01114,HS07,B,2026-12-03T21:06:34+07:00,1,tool,xem_lich_thi,"{""mon"": ""van""}",thanh_cong,,,,0.819,130,False
G001732,L001848,P01115,HS07,B,2026-12-03T21:42:17+07:00,1,tool,xem_tkb,"{""ngay"": ""t3""}",thanh_cong,,,,0.661,129,False
G001733,L001850,P01116,HS10,A,2026-12-03T21:22:19+07:00,1,tool,tkb,"{""ngay"": ""thứ sáu""}",tra_ve_rong,,,0,1.619,4,False
G001734,L001850,P01116,HS10,A,2026-12-03T21:22:21+07:00,2,tool,tkb,"{""ngay"": ""t6""}",thanh_cong,,,,0.47,65,False
G001735,L001851,P01117,HS11,A,2026-12-03T14:00:20+07:00,1,tool,lich_thi,"{""mon"": ""van""}",thanh_cong,,,,0.41,110,False
G001736,L001852,P01118,HS11,A,2026-12-03T20:17:31+07:00,1,tool,tkb,"{""ngay"": ""t3""}",thanh_cong,,,,0.622,69,False
G001737,L001853,P01119,HS12,B,2026-12-03T13:01:42+07:00,1,tool,xem_lich_thi,"{""mon"": ""ly""}",loi_xac_thuc,ValidationError,"Error executing tool xem_lich_thi: 1 validation error for xem_lich_thiArguments
mon
  Input should be 'toan', 'tin' or 'van' [input_value=""ly""]",2,0.267,200,False
G001738,L001854,P01119,HS12,B,2026-12-03T13:02:02+07:00,1,tool,xem_lich_thi,"{""mon"": ""toan""}",thanh_cong,,,,0.895,130,False
G001739,L001855,P01120,HS14,A,2026-12-03T19:12:58+07:00,1,tool,tkb,"{""ngay"": ""t6""}",thanh_cong,,,,0.681,65,False
G001740,L001856,P01121,HS15,B,2026-12-03T19:01:14+07:00,1,tool,xem_lich_thi,"{""mon"": ""van""}",thanh_cong,,,,0.457,130,False
G001741,L001857,P01121,HS15,B,2026-12-03T19:01:53+07:00,1,tool,tinh_diem_tb,"{""cac_diem"": [{""diem"": 7.75, ""he_so"": 3}, {""diem"": 8.5, ""he_so"": 1}, {""diem"": 6.75, ""he_so"": 1}, {""diem"": 6.5, ""he_so"": 1}, {""diem"": 5.0, ""he_so"": 3}, {""diem"": 8.0, ""he_so"": 2}]}",thanh_cong,,,,0.486,95,False
G001742,L001859,P01123,HS24,B,2026-12-03T22:10:13+07:00,1,tool,tinh_diem_tb,"{""cac_diem"": [{""diem"": 4.75, ""he_so"": 1}, {""diem"": 5.75, ""he_so"": 1}, {""diem"": 9.5, ""he_so"": 2}, {""diem"": 9.25, ""he_so"": 1}, {""diem"": 4.75, ""he_so"": 1}]}",thanh_cong,,,,1.357,95,False
G001743,L001860,P01124,HS26,B,2026-12-03T20:12:51+07:00,1,tool,xem_lich_thi,"{""mon"": ""toan""}",thanh_cong,,,,0.588,130,False
G001744,L001861,P01124,HS26,B,2026-12-03T20:13:11+07:00,1,tool,xem_lich_thi,"{""mon"": ""toan""}",thanh_cong,,,,0.907,130,False
G001745,L001862,P01125,HS26,B,2026-12-03T22:23:37+07:00,1,resource,lop://he-thong/tep,,bi_tu_choi,ResourceNotFoundError,Unknown resource: lop://he-thong/tep,0,0.548,70,False
G001746,L001864,P01126,HS27,A,2026-12-03T06:49:04+07:00,1,tool,lich_thi,"{""mon"": ""môn Tin""}",loi_ngoai_le,Exception,Error executing tool lich_thi: Error,0,0.366,36,False
G001747,L001864,P01126,HS27,A,2026-12-03T06:49:05+07:00,2,tool,lich_thi,"{""mon"": ""tin""}",thanh_cong,,,,1.314,110,False
G001748,L001865,P01126,HS27,A,2026-12-03T06:49:20+07:00,1,tool,doc_tai_lieu,"{""ten_file"": ""noiquy.txt""}",loi_ngoai_le,FileNotFoundError,Error executing tool doc_tai_lieu: [Errno 2] No such file or directory: '.../du_lieu/noiquy.txt',1,0.503,120,False
G001749,L001865,P01126,HS27,A,2026-12-03T06:49:22+07:00,2,tool,doc_tai_lieu,"{""ten_file"": ""noi_quy.txt""}",thanh_cong,,,,1.134,7590,False
G001750,L001866,P01127,HS27,A,2026-12-03T15:27:52+07:00,1,tool,lich_thi,"{""mon"": ""van""}",thanh_cong,,,,0.585,110,False
G001751,L001867,P01128,HS29,B,2026-12-03T19:24:58+07:00,1,tool,tinh_diem_tb,"{""cac_diem"": [{""diem"": 8.25, ""he_so"": 1}, {""diem"": 5.0, ""he_so"": 2}]}",thanh_cong,,,,0.499,95,False
G001752,L001869,P01129,HS31,A,2026-12-03T20:33:04+07:00,1,tool,lich_thi,"{""mon"": ""môn Văn""}",loi_ngoai_le,Exception,Error executing tool lich_thi: Error,0,0.424,36,False
G001753,L001870,P01129,HS31,A,2026-12-03T20:33:44+07:00,1,tool,tkb,"{""ngay"": ""t5""}",thanh_cong,,,,0.793,191,True
G001754,L001871,P01129,HS31,A,2026-12-03T20:34:17+07:00,1,tool,tkb,"{""ngay"": ""T3""}",tra_ve_rong,,,0,0.274,4,False
G001755,L001872,P01130,HS34,B,2026-12-03T21:41:56+07:00,1,tool,xem_lich_thi,"{""mon"": ""anh""}",loi_xac_thuc,ValidationError,"Error executing tool xem_lich_thi: 1 validation error for xem_lich_thiArguments
mon
  Input should be 'toan', 'tin' or 'van' [input_value=""anh""]",2,0.523,200,False
G001756,L001874,P01131,HS35,A,2026-12-03T08:16:28+07:00,1,tool,lich_thi,"{""mon"": ""môn Tin""}",loi_ngoai_le,Exception,Error executing tool lich_thi: Error,0,0.637,36,False
G001757,L001875,P01131,HS35,A,2026-12-03T08:16:59+07:00,1,tool,diem_tb,"{""diem"": [{""diem"": 6.0, ""he_so"": 2}, {""diem"": 5.25, ""he_so"": 1}, {""diem"": 8.0, ""he_so"": 1}]}",thanh_cong,,,,0.631,6,False
G001758,L001876,P01132,HS38,B,2026-12-03T17:59:18+07:00,1,tool,xem_tkb,"{""ngay"": ""t4""}",thanh_cong,,,,0.528,111,False
G001759,L001878,P01133,HS38,B,2026-12-03T22:48:25+07:00,1,tool,xem_lich_thi,"{""mon"": ""van""}",thanh_cong,,,,0.743,130,False
G001760,L001879,P01134,HS38,B,2026-12-03T21:54:49+07:00,1,tool,xem_lich_thi,"{""mon"": ""tin""}",thanh_cong,,,,0.743,130,False
G001761,L001880,P01135,HS38,B,2026-12-03T06:45:42+07:00,1,tool,xem_tkb,"{""ngay"": ""t6""}",thanh_cong,,,,0.685,125,False
G001762,L001881,P01136,HS39,A,2026-12-03T13:55:08+07:00,1,tool,lich_thi,"{""mon"": ""tin""}",thanh_cong,,,,0.919,110,False
G001763,L001882,P01137,HS01,B,2026-12-04T16:32:59+07:00,1,tool,xem_tkb,"{""ngay"": ""t6""}",thanh_cong,,,,0.845,125,False
G001764,L001883,P01138,HS01,B,2026-12-04T17:39:01+07:00,1,tool,xem_lich_thi,"{""mon"": ""van""}",thanh_cong,,,,0.47,130,False
G001765,L001884,P01139,HS02,B,2026-12-04T19:22:22+07:00,1,tool,xem_tkb,"{""ngay"": ""t5""}",thanh_cong,,,,0.577,251,True
G001766,L001885,P01140,HS07,B,2026-12-04T07:16:22+07:00,1,tool,tinh_diem_tb,"{""cac_diem"": [{""diem"": 5.25, ""he_so"": 2}, {""diem"": 6.25, ""he_so"": 2}, {""diem"": 10.5, ""he_so"": 1}, {""diem"": 7.5, ""he_so"": 1}, {""diem"": 5.75, ""he_so"": 1}, {""diem"": 9.5, ""he_so"": 3}]}",loi_xac_thuc,ValidationError,"Error executing tool tinh_diem_tb: 1 validation error for tinh_diem_tbArguments
cac_diem.0.diem
  Input should be less than or equal to 10 [input_value=""?""]",2,0.613,230,False
G001767,L001886,P01141,HS11,A,2026-12-04T06:29:00+07:00,1,tool,lich_thi,"{""mon"": ""tin""}",thanh_cong,,,,0.546,110,False
G001768,L001887,P01142,HS14,A,2026-12-04T12:11:42+07:00,1,tool,doc_tai_lieu,"{""ten_file"": ""../du_lieu_ngoai/bi_mat.txt""}",thanh_cong,,,,0.776,230,False
G001769,L001888,P01143,HS15,B,2026-12-04T12:53:40+07:00,1,tool,xem_tkb,"{""ngay"": ""thứ 5""}",loi_xac_thuc,ValidationError,"Error executing tool xem_tkb: 1 validation error for xem_tkbArguments
ngay
  Input should be 't2', 't3', 't4', 't5' or 't6' [input_value=""thứ 5""]",2,0.323,210,False
G001770,L001888,P01143,HS15,B,2026-12-04T12:53:42+07:00,2,tool,xem_tkb,"{""ngay"": ""t5""}",thanh_cong,,,,0.724,251,True
G001771,L001889,P01144,HS16,B,2026-12-04T20:22:02+07:00,1,tool,xem_lich_thi,"{""mon"": ""van""}",thanh_cong,,,,0.647,130,False
G001772,L001890,P01144,HS16,B,2026-12-04T20:22:39+07:00,1,tool,xem_lich_thi,"{""mon"": ""Toán""}",loi_xac_thuc,ValidationError,"Error executing tool xem_lich_thi: 1 validation error for xem_lich_thiArguments
mon
  Input should be 'toan', 'tin' or 'van' [input_value=""Toán""]",2,0.423,200,False
G001773,L001890,P01144,HS16,B,2026-12-04T20:22:40+07:00,2,tool,xem_lich_thi,"{""mon"": ""toan""}",thanh_cong,,,,0.691,130,False
G001774,L001891,P01145,HS18,B,2026-12-04T19:00:56+07:00,1,tool,xem_lich_thi,"{""mon"": ""tin""}",thanh_cong,,,,0.701,130,False
G001775,L001893,P01146,HS19,B,2026-12-04T21:37:59+07:00,1,tool,xem_lich_thi,"{""mon"": ""van""}",thanh_cong,,,,0.607,130,False
G001776,L001894,P01147,HS25,A,2026-12-04T05:11:27+07:00,1,tool,lich_thi,"{""mon"": ""toan""}",thanh_cong,,,,0.259,110,False
G001777,L001895,P01148,HS27,A,2026-12-04T18:49:55+07:00,1,tool,lich_thi,"{""mon"": ""Tiếng Anh""}",loi_ngoai_le,Exception,Error executing tool lich_thi: Error,0,0.549,36,False
G001778,L001896,P01149,HS31,A,2026-12-04T21:41:25+07:00,1,tool,diem_tb,"{""diem"": [{""diem"": ""6,5"", ""he_so"": 1}, {""diem"": ""9,75"", ""he_so"": 2}, {""diem"": ""4,75"", ""he_so"": 1}, {""diem"": ""9,5"", ""he_so"": 2}, {""diem"": 5.0, ""he_so"": 1}, {""diem"": 6.0, ""he_so"": 1}]}",loi_ngoai_le,TypeError,Error executing tool diem_tb: can't multiply sequence by non-int of type 'int',1,0.849,90,False
G001779,L001897,P01149,HS31,A,2026-12-04T21:42:13+07:00,1,tool,lich_thi,"{""mon"": ""tin""}",thanh_cong,,,,1.239,110,False
G001780,L001898,P01149,HS31,A,2026-12-04T21:43:08+07:00,1,tool,lich_thi,"{""mon"": ""van""}",thanh_cong,,,,0.761,110,False
G001781,L001899,P01150,HS35,A,2026-12-04T08:59:58+07:00,1,tool,lich_thi,"{""mon"": ""Toán""}",loi_ngoai_le,Exception,Error executing tool lich_thi: Error,0,0.886,36,False
G001782,L001900,P01150,HS35,A,2026-12-04T09:00:09+07:00,1,tool,diem_tb,"{""diem"": [{""diem"": 8.75, ""he_so"": 2}, {""diem"": 6.0, ""he_so"": 1}, {""diem"": 9.0, ""he_so"": 1}]}",thanh_cong,,,,0.586,6,False
G001783,L001901,P01151,HS39,A,2026-12-04T07:44:04+07:00,1,tool,tkb,"{""ngay"": ""t6""}",thanh_cong,,,,0.941,65,False
G001784,L001902,P01152,HS40,A,2026-12-04T13:45:08+07:00,1,tool,diem_tb,"{""diem"": [{""diem"": 4.75, ""he_so"": 1}, {""diem"": 9.0, ""he_so"": 2}, {""diem"": 4.75, ""he_so"": 2}]}",thanh_cong,,,,0.576,6,False
G001785,L001904,P01152,HS40,A,2026-12-04T13:46:53+07:00,1,tool,tkb,"{""ngay"": ""t2""}",thanh_cong,,,,1.252,51,False
G001786,L001905,P01153,HS02,B,2026-12-05T21:43:26+07:00,1,tool,xem_lich_thi,"{""mon"": ""ly""}",loi_xac_thuc,ValidationError,"Error executing tool xem_lich_thi: 1 validation error for xem_lich_thiArguments
mon
  Input should be 'toan', 'tin' or 'van' [input_value=""ly""]",2,0.434,200,False
G001787,L001906,P01154,HS06,A,2026-12-05T14:02:42+07:00,1,tool,lich_thi,"{""mon"": ""Tin học""}",loi_ngoai_le,Exception,Error executing tool lich_thi: Error,0,0.411,36,False
G001788,L001907,P01154,HS06,A,2026-12-05T14:03:07+07:00,1,tool,doc_tai_lieu,"{""ten_file"": ""noi_quy.txt""}",thanh_cong,,,,0.991,7590,False
G001789,L001908,P01155,HS16,B,2026-12-05T22:23:30+07:00,1,tool,tinh_diem_tb,"{""cac_diem"": [{""diem"": 6.0, ""he_so"": 2}, {""diem"": 4.5, ""he_so"": 2}, {""diem"": 8.75, ""he_so"": 1}, {""diem"": 9.25, ""he_so"": 1}, {""diem"": 5.0, ""he_so"": 3}]}",thanh_cong,,,,0.903,95,False
G001790,L001909,P01156,HS22,A,2026-12-05T21:48:06+07:00,1,tool,diem_tb,"{""diem"": [{""diem"": 9.75, ""he_so"": 2}, {""diem"": 6.5, ""he_so"": 1}]}",thanh_cong,,,,0.691,6,False
G001791,L001910,P01157,HS24,B,2026-12-05T22:28:13+07:00,1,tool,tinh_diem_tb,"{""cac_diem"": [{""diem"": 8.5, ""he_so"": 1}, {""diem"": 9.5, ""he_so"": 3}, {""diem"": 6.75, ""he_so"": 2}, {""diem"": 4.0, ""he_so"": 2}, {""diem"": 6.25, ""he_so"": 1}, {""diem"": 7.25, ""he_so"": 1}]}",thanh_cong,,,,0.731,95,False
G001792,L001911,P01157,HS24,B,2026-12-05T22:29:04+07:00,1,tool,xem_tkb,"{""ngay"": ""t4""}",thanh_cong,,,,0.378,111,False
G001793,L001912,P01158,HS27,A,2026-12-05T22:06:18+07:00,1,tool,tkb,"{""ngay"": ""t4""}",thanh_cong,,,,0.565,51,False
G001794,L001913,P01159,HS29,B,2026-12-05T14:51:23+07:00,1,tool,xem_tkb,"{""ngay"": ""t3""}",thanh_cong,,,,0.387,129,False
G001795,L001914,P01160,HS34,B,2026-12-05T13:08:07+07:00,1,tool,xem_lich_thi,"{""mon"": ""van""}",thanh_cong,,,,0.649,130,False
G001796,L001915,P01160,HS34,B,2026-12-05T13:08:35+07:00,1,tool,xem_lich_thi,"{""mon"": ""tin""}",thanh_cong,,,,0.85,130,False
G001797,L001916,P01160,HS34,B,2026-12-05T13:09:13+07:00,1,tool,tinh_diem_tb,"{""cac_diem"": [{""diem"": 7.25, ""he_so"": 2}, {""diem"": 5.75, ""he_so"": 1}]}",thanh_cong,,,,0.67,95,False
G001798,L001917,P01161,HS34,B,2026-12-05T19:36:48+07:00,1,tool,xem_lich_thi,"{""mon"": ""tin""}",thanh_cong,,,,0.644,130,False
G001799,L001918,P01161,HS34,B,2026-12-05T19:36:58+07:00,1,tool,xem_lich_thi,"{""mon"": ""Ngữ văn""}",loi_xac_thuc,ValidationError,"Error executing tool xem_lich_thi: 1 validation error for xem_lich_thiArguments
mon
  Input should be 'toan', 'tin' or 'van' [input_value=""Ngữ văn""]",2,0.468,200,False
G001800,L001918,P01161,HS34,B,2026-12-05T19:37:00+07:00,2,tool,xem_lich_thi,"{""mon"": ""van""}",thanh_cong,,,,0.524,130,False
G001801,L001919,P01162,HS37,B,2026-12-05T20:04:03+07:00,1,tool,xem_tkb,"{""ngay"": ""cn""}",loi_xac_thuc,ValidationError,"Error executing tool xem_tkb: 1 validation error for xem_tkbArguments
ngay
  Input should be 't2', 't3', 't4', 't5' or 't6' [input_value=""cn""]",2,0.284,210,False
G001802,L001920,P01162,HS37,B,2026-12-05T20:04:27+07:00,1,tool,xem_lich_thi,"{""mon"": ""van""}",thanh_cong,,,,1.512,130,False
G001803,L001921,P01162,HS37,B,2026-12-05T20:04:41+07:00,1,tool,xem_tkb,"{""ngay"": ""t3""}",thanh_cong,,,,0.526,129,False
G001804,L001922,P01162,HS37,B,2026-12-05T20:05:23+07:00,1,tool,xem_tkb,"{""ngay"": ""t2""}",thanh_cong,,,,0.754,111,False
G001805,L001923,P01163,HS39,A,2026-12-05T22:19:06+07:00,1,tool,tkb,"{""ngay"": ""t4""}",thanh_cong,,,,0.404,51,False
G001806,L001924,P01164,HS39,A,2026-12-05T21:10:30+07:00,1,tool,lich_thi,"{""mon"": ""tin""}",thanh_cong,,,,1.15,110,False
G001807,L001925,P01164,HS39,A,2026-12-05T21:10:43+07:00,1,tool,lich_thi,"{""mon"": ""toan""}",thanh_cong,,,,1.222,110,False
G001808,L001926,P01165,HS39,A,2026-12-05T12:43:19+07:00,1,tool,lich_thi,"{""mon"": ""van""}",thanh_cong,,,,0.521,110,False
G001809,L001927,P01165,HS39,A,2026-12-05T12:44:35+07:00,1,tool,lich_thi,"{""mon"": ""van""}",thanh_cong,,,,0.476,110,False
G001810,L001928,P01166,HS02,B,2026-12-06T13:32:47+07:00,1,tool,tinh_diem_tb,"{""cac_diem"": [{""diem"": 9.25, ""he_so"": 1}, {""diem"": 4.0, ""he_so"": 2}, {""diem"": 5.0, ""he_so"": 3}, {""diem"": 4.0, ""he_so"": 1}, {""diem"": 7.25, ""he_so"": 2}, {""diem"": 8.25, ""he_so"": 2}]}",thanh_cong,,,,0.882,95,False
G001811,L001929,P01166,HS02,B,2026-12-06T13:33:15+07:00,1,tool,xem_lich_thi,"{""mon"": ""Tin học""}",loi_xac_thuc,ValidationError,"Error executing tool xem_lich_thi: 1 validation error for xem_lich_thiArguments
mon
  Input should be 'toan', 'tin' or 'van' [input_value=""Tin học""]",2,1.025,200,False
G001812,L001929,P01166,HS02,B,2026-12-06T13:33:17+07:00,2,tool,xem_lich_thi,"{""mon"": ""tin""}",thanh_cong,,,,0.717,130,False
G001813,L001930,P01167,HS02,B,2026-12-06T17:49:01+07:00,1,tool,xem_lich_thi,"{""mon"": ""anh""}",loi_xac_thuc,ValidationError,"Error executing tool xem_lich_thi: 1 validation error for xem_lich_thiArguments
mon
  Input should be 'toan', 'tin' or 'van' [input_value=""anh""]",2,0.322,200,False
G001814,L001931,P01168,HS03,A,2026-12-06T13:40:42+07:00,1,tool,tkb,"{""ngay"": ""thứ 2""}",tra_ve_rong,,,0,0.999,4,False
G001815,L001931,P01168,HS03,A,2026-12-06T13:40:44+07:00,2,tool,tkb,"{""ngay"": ""t2""}",thanh_cong,,,,0.467,51,False
G001816,L001932,P01168,HS03,A,2026-12-06T13:41:15+07:00,1,tool,tkb,"{""ngay"": ""t5""}",thanh_cong,,,,0.752,191,True
G001817,L001933,P01168,HS03,A,2026-12-06T13:41:47+07:00,1,tool,lich_thi,"{""mon"": ""tin""}",thanh_cong,,,,0.739,110,False
G001818,L001934,P01168,HS03,A,2026-12-06T13:42:20+07:00,1,tool,diem_tb,"{""diem"": [{""diem"": 5.0, ""he_so"": 2}, {""diem"": 7.75, ""he_so"": 2}, {""diem"": 7.5, ""he_so"": 2}, {""diem"": 4.25, ""he_so"": 1}, {""diem"": 9.5, ""he_so"": 1}, {""diem"": 7.0, ""he_so"": 1}]}",thanh_cong,,,,0.632,6,False
G001819,L001935,P01169,HS04,A,2026-12-06T11:09:20+07:00,1,tool,doc_tai_lieu,"{""ten_file"": ""noi_quy.pdf""}",loi_ngoai_le,FileNotFoundError,Error executing tool doc_tai_lieu: [Errno 2] No such file or directory: '.../du_lieu/noi_quy.pdf',1,0.905,120,False
G001820,L001936,P01169,HS04,A,2026-12-06T11:10:53+07:00,1,tool,lich_thi,"{""mon"": ""Tin học""}",loi_ngoai_le,Exception,Error executing tool lich_thi: Error,0,0.572,36,False
G001821,L001937,P01169,HS04,A,2026-12-06T11:11:46+07:00,1,tool,tkb,"{""ngay"": ""T4""}",tra_ve_rong,,,0,0.579,4,False
G001822,L001938,P01170,HS04,A,2026-12-06T21:10:50+07:00,1,tool,doc_tai_lieu,"{""ten_file"": ""noi_quy.txt""}",thanh_cong,,,,0.567,7590,False
G001823,L001939,P01170,HS04,A,2026-12-06T21:11:26+07:00,1,tool,tkb,"{""ngay"": ""t2""}",thanh_cong,,,,0.456,51,False
G001824,L001941,P01171,HS12,B,2026-12-06T22:12:31+07:00,1,tool,xem_lich_thi,"{""mon"": ""toan""}",thanh_cong,,,,0.46,130,False
G001825,L001942,P01172,HS12,B,2026-12-06T16:36:55+07:00,1,tool,xem_lich_thi,"{""mon"": ""toan""}",thanh_cong,,,,0.47,130,False
G001826,L001943,P01172,HS12,B,2026-12-06T16:37:13+07:00,1,tool,xem_tkb,"{""ngay"": ""t6""}",thanh_cong,,,,0.613,125,False
G001827,L001944,P01173,HS12,B,2026-12-06T20:18:00+07:00,1,resource,lop://noi-quy,,thanh_cong,,,,1.044,7590,False
G001828,L001945,P01174,HS13,B,2026-12-06T22:38:10+07:00,1,tool,xem_tkb,"{""ngay"": ""t6""}",thanh_cong,,,,0.637,125,False
G001829,L001946,P01175,HS14,A,2026-12-06T06:25:44+07:00,1,tool,tkb,"{""ngay"": ""thứ 5""}",tra_ve_rong,,,0,0.6,4,False
G001830,L001946,P01175,HS14,A,2026-12-06T06:25:45+07:00,2,tool,tkb,"{""ngay"": ""t5""}",thanh_cong,,,,0.456,191,True
G001831,L001947,P01175,HS14,A,2026-12-06T06:26:12+07:00,1,tool,tkb,"{""ngay"": ""t2""}",thanh_cong,,,,0.404,51,False
G001832,L001948,P01176,HS14,A,2026-12-06T12:41:57+07:00,1,tool,lich_thi,"{""mon"": ""sinh""}",loi_ngoai_le,Exception,Error executing tool lich_thi: Error,0,0.785,36,False
G001833,L001949,P01177,HS15,B,2026-12-06T21:16:40+07:00,1,tool,xem_lich_thi,"{""mon"": ""toan""}",thanh_cong,,,,0.786,130,False
G001834,L001950,P01178,HS17,B,2026-12-06T19:04:24+07:00,1,tool,xem_lich_thi,"{""mon"": ""toan""}",thanh_cong,,,,0.457,130,False
G001835,L001951,P01178,HS17,B,2026-12-06T19:04:42+07:00,1,tool,xem_tkb,"{""ngay"": ""t2""}",thanh_cong,,,,0.553,111,False
G001836,L001952,P01179,HS17,B,2026-12-06T07:59:22+07:00,1,tool,tinh_diem_tb,"{""cac_diem"": [{""diem"": 7.25, ""he_so"": 2}, {""diem"": 7.0, ""he_so"": 1}, {""diem"": 5.5, ""he_so"": 1}, {""diem"": 7.75, ""he_so"": 2}]}",thanh_cong,,,,1.059,95,False
G001837,L001953,P01180,HS19,B,2026-12-06T10:23:39+07:00,1,tool,tinh_diem_tb,"{""cac_diem"": [{""diem"": 5.25, ""he_so"": 2}, {""diem"": 4.75, ""he_so"": 1}]}",thanh_cong,,,,0.684,95,False
G001838,L001954,P01180,HS19,B,2026-12-06T10:24:51+07:00,1,tool,xem_lich_thi,"{""mon"": ""van""}",thanh_cong,,,,1.189,130,False
G001839,L001955,P01181,HS19,B,2026-12-06T20:05:08+07:00,1,resource,lop://noi-quy,,thanh_cong,,,,0.801,7590,False
G001840,L001956,P01181,HS19,B,2026-12-06T20:05:29+07:00,1,tool,xem_tkb,"{""ngay"": ""t3""}",thanh_cong,,,,0.576,129,False
G001841,L001957,P01182,HS20,A,2026-12-06T06:06:55+07:00,1,tool,lich_thi,"{""mon"": ""Toán""}",loi_ngoai_le,Exception,Error executing tool lich_thi: Error,0,0.49,36,False
G001842,L001958,P01183,HS23,A,2026-12-06T23:03:26+07:00,1,tool,lich_thi,"{""mon"": ""Tin học""}",loi_ngoai_le,Exception,Error executing tool lich_thi: Error,0,0.554,36,False
G001843,L001959,P01184,HS23,A,2026-12-06T12:35:36+07:00,1,tool,diem_tb,"{""diem"": [{""diem"": 9.0, ""he_so"": 2}, {""diem"": 7.25, ""he_so"": 3}, {""diem"": 9.0, ""he_so"": 1}, {""diem"": 4.0, ""he_so"": 2}]}",thanh_cong,,,,0.796,6,False
G001844,L001960,P01184,HS23,A,2026-12-06T12:36:03+07:00,1,tool,doc_tai_lieu,"{""ten_file"": ""noi_quy.txt""}",thanh_cong,,,,0.666,7590,False
G001845,L001961,P01185,HS24,B,2026-12-06T07:41:57+07:00,1,tool,xem_lich_thi,"{""mon"": ""toan""}",thanh_cong,,,,1.22,130,False
G001846,L001962,P01186,HS24,B,2026-12-06T13:34:08+07:00,1,tool,tinh_diem_tb,"{""cac_diem"": [{""diem"": -1, ""he_so"": 2}, {""diem"": 7.0, ""he_so"": 2}]}",loi_xac_thuc,ValidationError,"Error executing tool tinh_diem_tb: 1 validation error for tinh_diem_tbArguments
cac_diem.0.diem
  Input should be greater than or equal to 0 [input_value=""?""]",2,0.263,230,False
G001847,L001963,P01186,HS24,B,2026-12-06T13:36:17+07:00,1,tool,xem_tkb,"{""ngay"": ""t2""}",thanh_cong,,,,0.592,111,False
G001848,L001964,P01187,HS25,A,2026-12-06T21:14:39+07:00,1,tool,tkb,"{""ngay"": ""ngày mai""}",tra_ve_rong,,,0,0.74,4,False
G001849,L001964,P01187,HS25,A,2026-12-06T21:14:41+07:00,2,tool,tkb,"{""ngay"": ""t2""}",thanh_cong,,,,0.871,51,False
G001850,L001966,P01188,HS26,B,2026-12-06T20:04:31+07:00,1,tool,xem_lich_thi,"{""mon"": ""su""}",loi_xac_thuc,ValidationError,"Error executing tool xem_lich_thi: 1 validation error for xem_lich_thiArguments
mon
  Input should be 'toan', 'tin' or 'van' [input_value=""su""]",2,0.282,200,False
G001851,L001967,P01188,HS26,B,2026-12-06T20:04:54+07:00,1,tool,xem_tkb,"{""ngay"": ""t6""}",thanh_cong,,,,0.583,125,False
G001852,L001968,P01189,HS28,B,2026-12-06T22:51:13+07:00,1,tool,tinh_diem_tb,"{""cac_diem"": [{""diem"": 6.25, ""he_so"": 2}, {""diem"": 4.25, ""he_so"": 1}, {""diem"": 4.0, ""he_so"": 1}, {""diem"": 8.25, ""he_so"": 2}, {""diem"": 6.25, ""he_so"": 2}]}",thanh_cong,,,,0.391,95,False
G001853,L001969,P01189,HS28,B,2026-12-06T22:51:38+07:00,1,tool,xem_tkb,"{""ngay"": ""t2""}",thanh_cong,,,,0.52,111,False
G001854,L001971,P01191,HS29,B,2026-12-06T22:51:46+07:00,1,tool,xem_lich_thi,"{""mon"": ""van""}",thanh_cong,,,,0.777,130,False
G001855,L001973,P01192,HS32,A,2026-12-06T13:04:00+07:00,1,tool,diem_tb,"{""diem"": [{""diem"": 9.5, ""he_so"": 2}, {""diem"": 10.0, ""he_so"": 3}, {""diem"": 9.75, ""he_so"": 1}, {""diem"": 4.5, ""he_so"": 2}]}",thanh_cong,,,,0.625,6,False
G001856,L001974,P01193,HS33,A,2026-12-06T12:26:20+07:00,1,tool,lich_thi,"{""mon"": ""môn Văn""}",loi_ngoai_le,Exception,Error executing tool lich_thi: Error,0,1.043,36,False
G001857,L001974,P01193,HS33,A,2026-12-06T12:26:21+07:00,2,tool,lich_thi,"{""mon"": ""van""}",thanh_cong,,,,0.613,110,False
G001858,L001975,P01194,HS33,A,2026-12-06T16:18:42+07:00,1,tool,lich_thi,"{""mon"": ""Tiếng Anh""}",loi_ngoai_le,Exception,Error executing tool lich_thi: Error,0,0.585,36,False
G001859,L001976,P01194,HS33,A,2026-12-06T16:18:56+07:00,1,tool,tkb,"{""ngay"": ""thứ hai""}",tra_ve_rong,,,0,0.738,4,False
G001860,L001977,P01195,HS33,A,2026-12-06T22:26:37+07:00,1,tool,doc_tai_lieu,"{""ten_file"": ""noi_quy.txt""}",thanh_cong,,,,1.611,7590,False
G001861,L001978,P01195,HS33,A,2026-12-06T22:26:54+07:00,1,tool,lich_thi,"{""mon"": ""văn""}",loi_ngoai_le,Exception,Error executing tool lich_thi: Error,0,0.688,36,False
G001862,L001979,P01196,HS34,B,2026-12-06T06:44:36+07:00,1,resource,lop://noi-quy,,thanh_cong,,,,0.756,7590,False
G001863,L001980,P01197,HS34,B,2026-12-06T18:50:21+07:00,1,resource,lop://noi-quy,,thanh_cong,,,,0.696,7590,False
G001864,L001982,P01198,HS35,A,2026-12-06T06:30:32+07:00,1,tool,diem_tb,"{""diem"": [{""diem"": 5.25, ""he_so"": 2}, {""diem"": 7.25, ""he_so"": 3}, {""diem"": 5.0, ""he_so"": 1}, {""diem"": 5.5, ""he_so"": 2}]}",thanh_cong,,,,1.192,6,False
G001865,L001983,P01199,HS35,A,2026-12-06T17:27:25+07:00,1,tool,doc_tai_lieu,"{""ten_file"": ""noi_quy.txt""}",thanh_cong,,,,1.065,7590,False
G001866,L001984,P01200,HS39,A,2026-12-06T23:04:17+07:00,1,tool,diem_tb,"{""diem"": [{""diem"": ""4,5"", ""he_so"": 2}, {""diem"": 8.0, ""he_so"": 4}, {""diem"": 7.0, ""he_so"": 1}, {""diem"": ""5,25"", ""he_so"": 1}, {""diem"": 8.0, ""he_so"": 1}, {""diem"": 5.0, ""he_so"": 2}]}",loi_ngoai_le,TypeError,Error executing tool diem_tb: can't multiply sequence by non-int of type 'int',1,0.456,90,False
G001867,L001985,P01201,HS40,A,2026-12-06T06:37:37+07:00,1,tool,tkb,"{""ngay"": ""T5""}",tra_ve_rong,,,0,0.72,4,False
G001868,L001986,P01201,HS40,A,2026-12-06T06:38:02+07:00,1,tool,lich_thi,"{""mon"": ""sinh""}",loi_ngoai_le,Exception,Error executing tool lich_thi: Error,0,0.63,36,False
G001869,L001987,P01201,HS40,A,2026-12-06T06:39:29+07:00,1,tool,lich_thi,"{""mon"": ""tin""}",thanh_cong,,,,0.573,110,False
G001870,L001988,P01202,HS40,A,2026-12-06T17:47:42+07:00,1,tool,lich_thi,"{""mon"": ""môn toán""}",loi_ngoai_le,Exception,Error executing tool lich_thi: Error,0,0.704,36,False
G001871,L001990,P01203,HS01,B,2026-12-07T21:03:25+07:00,1,tool,xem_lich_thi,"{""mon"": ""van""}",thanh_cong,,,,1.435,130,False
G001872,L001992,P01204,HS02,B,2026-12-07T23:49:54+07:00,1,tool,xem_lich_thi,"{""mon"": ""tin""}",thanh_cong,,,,0.456,130,False
G001873,L001993,P01204,HS02,B,2026-12-07T23:50:31+07:00,1,tool,xem_lich_thi,"{""mon"": ""toan""}",thanh_cong,,,,0.642,130,False
G001874,L001994,P01204,HS02,B,2026-12-07T23:50:47+07:00,1,tool,xem_tkb,"{""ngay"": ""t4""}",thanh_cong,,,,0.642,111,False
G001875,L001995,P01205,HS04,A,2026-12-07T23:16:24+07:00,1,tool,tkb,"{""ngay"": ""t5""}",thanh_cong,,,,1.025,191,True
G001876,L001996,P01206,HS04,A,2026-12-07T17:48:24+07:00,1,tool,lich_thi,"{""mon"": ""tin""}",thanh_cong,,,,0.793,110,False
G001877,L001997,P01207,HS05,B,2026-12-07T06:56:05+07:00,1,tool,xem_lich_thi,"{""mon"": ""van""}",thanh_cong,,,,0.52,130,False
G001878,L001999,P01209,HS10,A,2026-12-07T20:25:26+07:00,1,tool,lich_thi,"{""mon"": ""toan""}",thanh_cong,,,,0.511,110,False
G001879,L002000,P01210,HS11,A,2026-12-07T14:27:10+07:00,1,tool,lich_thi,"{""mon"": ""môn toán""}",loi_ngoai_le,Exception,Error executing tool lich_thi: Error,0,0.547,36,False
G001880,L002000,P01210,HS11,A,2026-12-07T14:27:11+07:00,2,tool,lich_thi,"{""mon"": ""toan""}",thanh_cong,,,,0.849,110,False
G001881,L002001,P01210,HS11,A,2026-12-07T14:27:30+07:00,1,tool,doc_tai_lieu,"{""ten_file"": ""danh_ba_gv.txt""}",loi_ngoai_le,FileNotFoundError,Error executing tool doc_tai_lieu: [Errno 2] No such file or directory: '.../du_lieu/danh_ba_gv.txt',1,0.433,120,False
G001882,L002002,P01211,HS12,B,2026-12-07T21:00:28+07:00,1,tool,tinh_diem_tb,"{""cac_diem"": [{""diem"": 6.25, ""he_so"": 1}, {""diem"": 5.25, ""he_so"": 1}, {""diem"": 8.5, ""he_so"": 2}, {""diem"": 6.25, ""he_so"": 3}]}",thanh_cong,,,,0.381,95,False
G001883,L002003,P01211,HS12,B,2026-12-07T21:01:25+07:00,1,tool,tinh_diem_tb,"{""cac_diem"": [{""diem"": 10.0, ""he_so"": 1}, {""diem"": 6.75, ""he_so"": 1}, {""diem"": 9.25, ""he_so"": 1}]}",thanh_cong,,,,0.608,95,False
G001884,L002004,P01211,HS12,B,2026-12-07T21:01:56+07:00,1,tool,xem_tkb,"{""ngay"": ""t5""}",thanh_cong,,,,1.251,251,True
G001885,L002005,P01212,HS12,B,2026-12-07T22:47:50+07:00,1,tool,xem_tkb,"{""ngay"": ""t3""}",thanh_cong,,,,0.706,129,False
G001886,L002006,P01213,HS12,B,2026-12-07T17:20:22+07:00,1,tool,tinh_diem_tb,"{""cac_diem"": [{""diem"": ""chín rưỡi"", ""he_so"": 3}, {""diem"": 10.0, ""he_so"": 1}, {""diem"": 9.0, ""he_so"": 2}]}",loi_xac_thuc,ValidationError,"Error executing tool tinh_diem_tb: 1 validation error for tinh_diem_tbArguments
cac_diem.0.diem
  Input should be a valid number, unable to parse string as a number [input_value=""?""]",2,0.3,230,False
G001887,L002007,P01213,HS12,B,2026-12-07T17:20:51+07:00,1,tool,xem_tkb,"{""ngay"": ""t2""}",thanh_cong,,,,0.389,111,False
G001888,L002008,P01214,HS12,B,2026-12-07T16:04:01+07:00,1,tool,xem_lich_thi,"{""mon"": ""tin""}",thanh_cong,,,,0.554,130,False
G001889,L002009,P01214,HS12,B,2026-12-07T16:04:21+07:00,1,tool,xem_lich_thi,"{""mon"": ""toan""}",thanh_cong,,,,0.488,130,False
G001890,L002010,P01215,HS13,B,2026-12-07T18:50:08+07:00,1,tool,xem_tkb,"{""ngay"": ""t6""}",thanh_cong,,,,0.756,125,False
G001891,L002011,P01215,HS13,B,2026-12-07T18:50:55+07:00,1,tool,xem_lich_thi,"{""mon"": ""van""}",thanh_cong,,,,0.548,130,False
G001892,L002012,P01215,HS13,B,2026-12-07T18:51:25+07:00,1,tool,xem_lich_thi,"{""mon"": ""tin""}",thanh_cong,,,,0.518,130,False
G001893,L002014,P01216,HS14,A,2026-12-07T06:51:33+07:00,1,tool,diem_tb,"{""diem"": [{""diem"": 9.0, ""he_so"": 2}, {""diem"": 8.0, ""he_so"": 1}, {""diem"": 5.75, ""he_so"": 1}, {""diem"": 8.5, ""he_so"": 1}, {""diem"": 7.0, ""he_so"": 1}, {""diem"": 8.0, ""he_so"": 1}]}",thanh_cong,,,,0.83,6,False
G001894,L002015,P01217,HS16,B,2026-12-07T22:05:54+07:00,1,resource,lop://noi-quy,,thanh_cong,,,,0.942,7590,False
G001895,L002016,P01218,HS16,B,2026-12-07T06:36:09+07:00,1,tool,xem_tkb,"{""ngay"": ""t3""}",thanh_cong,,,,0.774,129,False
G001896,L002017,P01218,HS16,B,2026-12-07T06:37:29+07:00,1,tool,tinh_diem_tb,"{""cac_diem"": [{""diem"": 6.5, ""he_so"": 1}, {""diem"": ""7 điểm"", ""he_so"": 2}, {""diem"": 6.25, ""he_so"": 2}, {""diem"": 6.0, ""he_so"": 1}, {""diem"": 5.25, ""he_so"": 1}]}",loi_xac_thuc,ValidationError,"Error executing tool tinh_diem_tb: 1 validation error for tinh_diem_tbArguments
cac_diem.0.diem
  Input should be a valid number, unable to parse string as a number [input_value=""?""]",2,0.458,230,False
G001897,L002018,P01218,HS16,B,2026-12-07T06:37:40+07:00,1,tool,xem_lich_thi,"{""mon"": ""van""}",thanh_cong,,,,0.573,130,False
G001898,L002019,P01219,HS18,B,2026-12-07T21:40:13+07:00,1,tool,tinh_diem_tb,"{""cac_diem"": [{""diem"": 8.0, ""he_so"": 1}, {""diem"": 10.0, ""he_so"": 1}, {""diem"": 9.75, ""he_so"": 1}, {""diem"": 4.0, ""he_so"": 1}, {""diem"": 6.75, ""he_so"": 1}, {""diem"": 8.25, ""he_so"": 1}]}",thanh_cong,,,,0.956,95,False
G001899,L002020,P01220,HS19,B,2026-12-07T13:49:33+07:00,1,tool,xem_tkb,"{""ngay"": ""thứ 4""}",loi_xac_thuc,ValidationError,"Error executing tool xem_tkb: 1 validation error for xem_tkbArguments
ngay
  Input should be 't2', 't3', 't4', 't5' or 't6' [input_value=""thứ 4""]",2,0.472,210,False
G001900,L002020,P01220,HS19,B,2026-12-07T13:49:35+07:00,2,tool,xem_tkb,"{""ngay"": ""t4""}",thanh_cong,,,,0.612,111,False
G001901,L002021,P01221,HS19,B,2026-12-07T22:23:10+07:00,1,tool,xem_tkb,"{""ngay"": ""t3""}",thanh_cong,,,,0.675,129,False
G001902,L002023,P01221,HS19,B,2026-12-07T22:23:47+07:00,1,tool,xem_lich_thi,"{""mon"": ""van""}",thanh_cong,,,,0.389,130,False
G001903,L002024,P01222,HS19,B,2026-12-07T17:20:35+07:00,1,tool,tinh_diem_tb,"{""cac_diem"": [{""diem"": 9.25, ""he_so"": 2}, {""diem"": 5.5, ""he_so"": 1}]}",thanh_cong,,,,0.705,95,False
G001904,L002025,P01223,HS26,B,2026-12-07T22:01:15+07:00,1,tool,xem_lich_thi,"{""mon"": ""toan""}",thanh_cong,,,,0.75,130,False
G001905,L002026,P01223,HS26,B,2026-12-07T22:02:40+07:00,1,tool,tinh_diem_tb,"{""cac_diem"": [{""diem"": 9.25, ""he_so"": 1}, {""diem"": 6.25, ""he_so"": 3}]}",thanh_cong,,,,0.472,95,False
G001906,L002027,P01224,HS26,B,2026-12-07T17:41:33+07:00,1,tool,xem_tkb,"{""ngay"": ""t3""}",thanh_cong,,,,0.422,129,False
G001907,L002028,P01224,HS26,B,2026-12-07T17:42:21+07:00,1,tool,xem_lich_thi,"{""mon"": ""tin""}",thanh_cong,,,,0.442,130,False
G001908,L002029,P01224,HS26,B,2026-12-07T17:42:39+07:00,1,tool,xem_tkb,"{""ngay"": ""thứ 3""}",loi_xac_thuc,ValidationError,"Error executing tool xem_tkb: 1 validation error for xem_tkbArguments
ngay
  Input should be 't2', 't3', 't4', 't5' or 't6' [input_value=""thứ 3""]",2,0.292,210,False
G001909,L002029,P01224,HS26,B,2026-12-07T17:42:40+07:00,2,tool,xem_tkb,"{""ngay"": ""t3""}",thanh_cong,,,,0.617,129,False
G001910,L002030,P01224,HS26,B,2026-12-07T17:43:06+07:00,1,resource,lop://noi-quy,,thanh_cong,,,,0.914,7590,False
G001911,L002031,P01225,HS34,B,2026-12-07T12:40:18+07:00,1,tool,tinh_diem_tb,"{""cac_diem"": [{""diem"": 9.25, ""he_so"": 1}, {""diem"": 9.5, ""he_so"": 1}, {""diem"": 6.5, ""he_so"": 1}]}",thanh_cong,,,,0.365,95,False
G001912,L002032,P01226,HS01,B,2026-12-08T18:42:38+07:00,1,tool,xem_tkb,"{""ngay"": ""t2""}",thanh_cong,,,,0.696,111,False
G001913,L002034,P01226,HS01,B,2026-12-08T18:44:19+07:00,1,tool,tinh_diem_tb,"{""cac_diem"": [{""diem"": 10.5, ""he_so"": 3}, {""diem"": 9.25, ""he_so"": 1}]}",loi_xac_thuc,ValidationError,"Error executing tool tinh_diem_tb: 1 validation error for tinh_diem_tbArguments
cac_diem.0.diem
  Input should be less than or equal to 10 [input_value=""?""]",2,0.257,230,False
G001914,L002035,P01227,HS01,B,2026-12-08T20:07:36+07:00,1,tool,xem_lich_thi,"{""mon"": ""van""}",thanh_cong,,,,0.845,130,False
G001915,L002036,P01227,HS01,B,2026-12-08T20:08:17+07:00,1,resource,lop://noi-quy,,thanh_cong,,,,0.922,7590,False
G001916,L002037,P01228,HS04,A,2026-12-08T07:16:27+07:00,1,tool,tkb,"{""ngay"": ""thứ 4""}",tra_ve_rong,,,0,0.816,4,False
G001917,L002037,P01228,HS04,A,2026-12-08T07:16:28+07:00,2,tool,tkb,"{""ngay"": ""t4""}",thanh_cong,,,,0.606,51,False
G001918,L002038,P01229,HS10,A,2026-12-08T21:17:33+07:00,1,tool,tkb,"{""ngay"": ""t4""}",thanh_cong,,,,0.656,51,False
G001919,L002039,P01229,HS10,A,2026-12-08T21:17:53+07:00,1,tool,lich_thi,"{""mon"": ""toan""}",thanh_cong,,,,0.573,110,False
G001920,L002040,P01230,HS10,A,2026-12-08T12:30:52+07:00,1,tool,lich_thi,"{""mon"": ""van""}",thanh_cong,,,,0.444,110,False
G001921,L002041,P01230,HS10,A,2026-12-08T12:31:08+07:00,1,tool,lich_thi,"{""mon"": ""môn Văn""}",loi_ngoai_le,Exception,Error executing tool lich_thi: Error,0,0.571,36,False
G001922,L002042,P01231,HS10,A,2026-12-08T20:19:31+07:00,1,tool,lich_thi,"{""mon"": ""van""}",thanh_cong,,,,0.441,110,False
G001923,L002043,P01232,HS11,A,2026-12-08T20:26:21+07:00,1,tool,diem_tb,"{""diem"": [{""diem"": 6.0, ""he_so"": 1}, {""diem"": 5.75, ""he_so"": 2}, {""diem"": 8.5, ""he_so"": 1}, {""diem"": 4.75, ""he_so"": 2}, {""diem"": 5.5, ""he_so"": 1}, {""diem"": 4.25, ""he_so"": 1}]}",thanh_cong,,,,0.723,6,False
G001924,L002044,P01233,HS11,A,2026-12-08T11:26:48+07:00,1,tool,lich_thi,"{""mon"": ""môn toán""}",loi_ngoai_le,Exception,Error executing tool lich_thi: Error,0,0.542,36,False
G001925,L002045,P01233,HS11,A,2026-12-08T11:27:00+07:00,1,tool,lich_thi,"{""mon"": ""môn Văn""}",loi_ngoai_le,Exception,Error executing tool lich_thi: Error,0,0.524,36,False
G001926,L002046,P01234,HS13,B,2026-12-08T17:06:46+07:00,1,tool,tinh_diem_tb,"{""cac_diem"": [{""diem"": 5.75, ""he_so"": 2}, {""diem"": 6.25, ""he_so"": 1}, {""diem"": 7.5, ""he_so"": 1}, {""diem"": 4.75, ""he_so"": 1}, {""diem"": 5.75, ""he_so"": 1}, {""diem"": 4.75, ""he_so"": 2}]}",thanh_cong,,,,0.931,95,False
G001927,L002047,P01234,HS13,B,2026-12-08T17:07:24+07:00,1,tool,xem_lich_thi,"{""mon"": ""van""}",thanh_cong,,,,1.335,130,False
G001928,L002048,P01235,HS14,A,2026-12-08T20:48:41+07:00,1,tool,diem_tb,"{""diem"": [{""diem"": 6.75, ""he_so"": 2}, {""diem"": 8.25, ""he_so"": 1}]}",thanh_cong,,,,0.518,6,False
G001929,L002049,P01235,HS14,A,2026-12-08T20:49:41+07:00,1,tool,diem_tb,"{""diem"": [{""diem"": 9.75, ""he_so"": 2}, {""diem"": 6.25, ""he_so"": 2}, {""diem"": 8.0, ""he_so"": 1}]}",thanh_cong,,,,0.483,6,False
G001930,L002050,P01236,HS16,B,2026-12-08T06:10:12+07:00,1,tool,xem_lich_thi,"{""mon"": ""van""}",thanh_cong,,,,0.664,130,False
G001931,L002051,P01237,HS17,B,2026-12-08T22:46:53+07:00,1,tool,xem_lich_thi,"{""mon"": ""van""}",thanh_cong,,,,0.915,130,False
G001932,L002052,P01237,HS17,B,2026-12-08T22:47:09+07:00,1,tool,xem_tkb,"{""ngay"": ""t6""}",thanh_cong,,,,1.118,125,False
G001933,L002053,P01238,HS17,B,2026-12-08T21:06:37+07:00,1,tool,xem_tkb,"{""ngay"": ""t5""}",thanh_cong,,,,0.746,251,True
G001934,L002054,P01239,HS19,B,2026-12-08T23:39:32+07:00,1,tool,xem_tkb,"{""ngay"": ""t6""}",thanh_cong,,,,0.829,125,False
G001935,L002055,P01239,HS19,B,2026-12-08T23:40:05+07:00,1,tool,xem_lich_thi,"{""mon"": ""van""}",thanh_cong,,,,0.597,130,False
G001936,L002056,P01239,HS19,B,2026-12-08T23:40:26+07:00,1,tool,tinh_diem_tb,"{""cac_diem"": [{""diem"": 7.25, ""he_so"": 1}, {""diem"": 4.25, ""he_so"": 3}, {""diem"": 4.5, ""he_so"": 1}, {""diem"": 8.0, ""he_so"": 1}, {""diem"": 10.0, ""he_so"": 2}, {""diem"": 9.75, ""he_so"": 1}]}",thanh_cong,,,,0.512,95,False
G001937,L002057,P01240,HS20,A,2026-12-08T17:03:05+07:00,1,tool,tkb,"{""ngay"": ""t6""}",thanh_cong,,,,0.625,65,False
G001938,L002058,P01240,HS20,A,2026-12-08T17:03:41+07:00,1,tool,lich_thi,"{""mon"": ""van""}",thanh_cong,,,,0.56,110,False
G001939,L002059,P01241,HS20,A,2026-12-08T23:04:06+07:00,1,tool,lich_thi,"{""mon"": ""toan""}",thanh_cong,,,,0.603,110,False
G001940,L002060,P01242,HS21,A,2026-12-08T20:51:56+07:00,1,tool,lich_thi,"{""mon"": ""toan""}",thanh_cong,,,,0.421,110,False
G001941,L002061,P01243,HS25,A,2026-12-08T17:24:30+07:00,1,tool,lich_thi,"{""mon"": ""văn""}",loi_ngoai_le,Exception,Error executing tool lich_thi: Error,0,0.776,36,False
G001942,L002063,P01244,HS26,B,2026-12-08T13:13:29+07:00,1,resource,lop://noi-quy,,thanh_cong,,,,0.584,7590,False
G001943,L002064,P01245,HS30,A,2026-12-08T21:30:59+07:00,1,tool,diem_tb,"{""diem"": [{""diem"": 8.75, ""he_so"": 1}, {""diem"": 6.5, ""he_so"": 1}, {""diem"": 4.0, ""he_so"": 1}, {""diem"": 5.0, ""he_so"": 1}]}",thanh_cong,,,,0.609,6,False
G001944,L002065,P01245,HS30,A,2026-12-08T21:31:26+07:00,1,tool,lich_thi,"{""mon"": ""toan""}",thanh_cong,,,,0.498,110,False
G001945,L002066,P01246,HS33,A,2026-12-08T22:29:34+07:00,1,tool,diem_tb,"{""diem"": [{""diem"": 6.0, ""he_so"": 1}, {""diem"": 5.75, ""he_so"": 2}]}",thanh_cong,,,,0.523,6,False
G001946,L002067,P01247,HS39,A,2026-12-08T12:03:30+07:00,1,tool,diem_tb,"{""diem"": [{""diem"": 5.5, ""he_so"": 3}, {""diem"": 7.0, ""he_so"": 2}, {""diem"": 9.0, ""he_so"": 1}, {""diem"": 6.5, ""he_so"": 2}]}",thanh_cong,,,,0.37,6,False
G001947,L002068,P01247,HS39,A,2026-12-08T12:03:52+07:00,1,tool,diem_tb,"{""diem"": [{""diem"": 6.0, ""he_so"": 1}, {""diem"": ""5,75"", ""he_so"": 2}, {""diem"": 6.0, ""he_so"": 1}]}",loi_ngoai_le,TypeError,Error executing tool diem_tb: can't multiply sequence by non-int of type 'int',1,0.758,90,False
G001948,L002068,P01247,HS39,A,2026-12-08T12:03:53+07:00,2,tool,diem_tb,"{""diem"": [{""diem"": 6.0, ""he_so"": 1}, {""diem"": 5.75, ""he_so"": 2}, {""diem"": 6.0, ""he_so"": 1}]}",thanh_cong,,,,0.729,6,False
G001949,L002070,P01248,HS01,B,2026-12-09T22:52:56+07:00,1,tool,xem_lich_thi,"{""mon"": ""tin""}",thanh_cong,,,,0.868,130,False
G001950,L002071,P01248,HS01,B,2026-12-09T22:53:21+07:00,1,tool,xem_tkb,"{""ngay"": ""t4""}",thanh_cong,,,,0.455,111,False
G001951,L002072,P01249,HS04,A,2026-12-09T22:26:14+07:00,1,tool,tkb,"{""ngay"": ""t6""}",thanh_cong,,,,0.992,65,False
G001952,L002073,P01249,HS04,A,2026-12-09T22:26:35+07:00,1,tool,lich_thi,"{""mon"": ""toan""}",thanh_cong,,,,0.98,110,False
G001953,L002074,P01250,HS04,A,2026-12-09T21:59:10+07:00,1,tool,tkb,"{""ngay"": ""t4""}",thanh_cong,,,,0.628,51,False
G001954,L002075,P01250,HS04,A,2026-12-09T21:59:38+07:00,1,tool,lich_thi,"{""mon"": ""môn Tin""}",loi_ngoai_le,Exception,Error executing tool lich_thi: Error,0,1.071,36,False
G001955,L002076,P01251,HS07,B,2026-12-09T20:54:31+07:00,1,resource,lop://tai-lieu/diem.json,,bi_tu_choi,ResourceNotFoundError,Unknown resource: lop://tai-lieu/diem.json,0,0.757,70,False
G001956,L002078,P01252,HS08,B,2026-12-09T19:46:35+07:00,1,tool,xem_tkb,"{""ngay"": ""T4""}",loi_xac_thuc,ValidationError,"Error executing tool xem_tkb: 1 validation error for xem_tkbArguments
ngay
  Input should be 't2', 't3', 't4', 't5' or 't6' [input_value=""T4""]",2,0.206,210,False
G001957,L002078,P01252,HS08,B,2026-12-09T19:46:36+07:00,2,tool,xem_tkb,"{""ngay"": ""t4""}",thanh_cong,,,,0.704,111,False
G001958,L002079,P01253,HS09,B,2026-12-09T13:31:52+07:00,1,tool,xem_lich_thi,"{""mon"": ""toan""}",thanh_cong,,,,0.738,130,False
G001959,L002080,P01253,HS09,B,2026-12-09T13:32:09+07:00,1,resource,lop://noi-quy,,thanh_cong,,,,0.821,7590,False
G001960,L002082,P01254,HS12,B,2026-12-09T21:51:32+07:00,1,tool,xem_lich_thi,"{""mon"": ""sinh""}",loi_xac_thuc,ValidationError,"Error executing tool xem_lich_thi: 1 validation error for xem_lich_thiArguments
mon
  Input should be 'toan', 'tin' or 'van' [input_value=""sinh""]",2,0.351,200,False
G001961,L002083,P01255,HS13,B,2026-12-09T17:51:41+07:00,1,tool,xem_lich_thi,"{""mon"": ""Toán""}",loi_xac_thuc,ValidationError,"Error executing tool xem_lich_thi: 1 validation error for xem_lich_thiArguments
mon
  Input should be 'toan', 'tin' or 'van' [input_value=""Toán""]",2,0.343,200,False
G001962,L002083,P01255,HS13,B,2026-12-09T17:51:43+07:00,2,tool,xem_lich_thi,"{""mon"": ""toan""}",thanh_cong,,,,0.666,130,False
G001963,L002084,P01255,HS13,B,2026-12-09T17:52:04+07:00,1,tool,xem_tkb,"{""ngay"": ""t2""}",thanh_cong,,,,0.586,111,False
G001964,L002085,P01255,HS13,B,2026-12-09T17:52:32+07:00,1,tool,xem_lich_thi,"{""mon"": ""tin""}",thanh_cong,,,,0.56,130,False
G001965,L002087,P01256,HS16,B,2026-12-09T22:56:49+07:00,1,tool,xem_tkb,"{""ngay"": ""t5""}",thanh_cong,,,,0.401,251,True
G001966,L002089,P01256,HS16,B,2026-12-09T22:58:37+07:00,1,tool,xem_lich_thi,"{""mon"": ""toan""}",thanh_cong,,,,0.521,130,False
G001967,L002090,P01257,HS18,B,2026-12-09T13:09:50+07:00,1,resource,lop://noi-quy,,thanh_cong,,,,1.079,7590,False
G001968,L002091,P01257,HS18,B,2026-12-09T13:10:10+07:00,1,tool,xem_tkb,"{""ngay"": ""t5""}",thanh_cong,,,,1.098,251,True
G001969,L002092,P01258,HS20,A,2026-12-09T23:08:04+07:00,1,tool,lich_thi,"{""mon"": ""toan""}",thanh_cong,,,,0.176,110,False
G001970,L002093,P01258,HS20,A,2026-12-09T23:08:21+07:00,1,tool,tkb,"{""ngay"": ""t5""}",thanh_cong,,,,0.626,191,True
G001971,L002094,P01259,HS21,A,2026-12-09T22:34:18+07:00,1,tool,lich_thi,"{""mon"": ""môn toán""}",loi_ngoai_le,Exception,Error executing tool lich_thi: Error,0,0.424,36,False
G001972,L002094,P01259,HS21,A,2026-12-09T22:34:19+07:00,2,tool,lich_thi,"{""mon"": ""toan""}",thanh_cong,,,,0.626,110,False
G001973,L002095,P01259,HS21,A,2026-12-09T22:35:04+07:00,1,tool,tkb,"{""ngay"": ""t5""}",thanh_cong,,,,0.722,191,True
G001974,L002096,P01260,HS23,A,2026-12-09T20:19:49+07:00,1,tool,lich_thi,"{""mon"": ""Tin học""}",loi_ngoai_le,Exception,Error executing tool lich_thi: Error,0,0.793,36,False
G001975,L002097,P01261,HS23,A,2026-12-09T18:29:56+07:00,1,tool,doc_tai_lieu,"{""ten_file"": ""diem.json""}",loi_ngoai_le,FileNotFoundError,Error executing tool doc_tai_lieu: [Errno 2] No such file or directory,1,0.384,110,False
G001976,L002097,P01261,HS23,A,2026-12-09T18:29:57+07:00,2,tool,doc_tai_lieu,"{""ten_file"": ""noi_quy.txt""}",thanh_cong,,,,0.405,241,False
G001977,L002098,P01261,HS23,A,2026-12-09T18:30:59+07:00,1,tool,diem_tb,"{""diem"": [{""diem"": 9.25, ""he_so"": 1}, {""diem"": 7.25, ""he_so"": 2}, {""diem"": 7.0, ""he_so"": 2}, {""diem"": 7.25, ""he_so"": 2}, {""diem"": 5.75, ""he_so"": 1}, {""diem"": 9.5, ""he_so"": 2}]}",thanh_cong,,,,0.992,6,False
G001978,L002100,P01262,HS25,A,2026-12-09T22:15:02+07:00,1,tool,lich_thi,"{""mon"": ""sử""}",loi_ngoai_le,Exception,Error executing tool lich_thi: Error,0,0.493,36,False
G001979,L002102,P01263,HS28,B,2026-12-09T23:57:01+07:00,1,resource,lop://noi-quy,,thanh_cong,,,,0.962,7590,False
G001980,L002103,P01264,HS29,B,2026-12-09T07:55:06+07:00,1,tool,xem_lich_thi,"{""mon"": ""van""}",thanh_cong,,,,0.571,130,False
G001981,L002104,P01264,HS29,B,2026-12-09T07:55:38+07:00,1,tool,xem_tkb,"{""ngay"": ""thứ hai""}",loi_xac_thuc,ValidationError,"Error executing tool xem_tkb: 1 validation error for xem_tkbArguments
ngay
  Input should be 't2', 't3', 't4', 't5' or 't6' [input_value=""thứ hai""]",2,0.58,210,False
G001982,L002104,P01264,HS29,B,2026-12-09T07:55:39+07:00,2,tool,xem_tkb,"{""ngay"": ""t2""}",thanh_cong,,,,0.929,111,False
G001983,L002106,P01266,HS30,A,2026-12-09T12:20:56+07:00,1,tool,lich_thi,"{""mon"": ""Ngữ văn""}",loi_ngoai_le,Exception,Error executing tool lich_thi: Error,0,0.335,36,False
G001984,L002106,P01266,HS30,A,2026-12-09T12:20:58+07:00,2,tool,lich_thi,"{""mon"": ""van""}",thanh_cong,,,,0.484,110,False
G001985,L002107,P01266,HS30,A,2026-12-09T12:21:35+07:00,1,tool,diem_tb,"{""diem"": [{""diem"": 9.5, ""he_so"": 1}, {""diem"": 9.25, ""he_so"": 2}]}",thanh_cong,,,,0.588,6,False
G001986,L002109,P01266,HS30,A,2026-12-09T12:22:37+07:00,1,tool,doc_tai_lieu,"{""ten_file"": ""khong_cong_khai.txt""}",thanh_cong,,,,0.685,230,False
G001987,L002111,P01267,HS31,A,2026-12-09T21:23:30+07:00,1,tool,lich_thi,"{""mon"": ""van""}",thanh_cong,,,,0.372,110,False
G001988,L002112,P01267,HS31,A,2026-12-09T21:23:50+07:00,1,tool,lich_thi,"{""mon"": ""toan""}",thanh_cong,,,,0.946,110,False
G001989,L002113,P01268,HS31,A,2026-12-09T17:25:03+07:00,1,tool,doc_tai_lieu,"{""ten_file"": ""noi_quy.txt""}",thanh_cong,,,,1.279,7590,False
G001990,L002114,P01268,HS31,A,2026-12-09T17:25:17+07:00,1,tool,lich_thi,"{""mon"": ""Tin học""}",loi_ngoai_le,Exception,Error executing tool lich_thi: Error,0,0.948,36,False
G001991,L002115,P01269,HS33,A,2026-12-09T12:10:32+07:00,1,tool,lich_thi,"{""mon"": ""hoá""}",loi_ngoai_le,Exception,Error executing tool lich_thi: Error,0,0.543,36,False
G001992,L002116,P01270,HS34,B,2026-12-09T20:03:51+07:00,1,tool,xem_tkb,"{""ngay"": ""t2""}",thanh_cong,,,,0.751,111,False
G001993,L002117,P01271,HS35,A,2026-12-09T23:14:52+07:00,1,tool,diem_tb,"{""diem"": [{""diem"": 4.5, ""he_so"": 1}, {""diem"": 9.0, ""he_so"": 3}, {""diem"": 5.5, ""he_so"": 1}, {""diem"": 7.0, ""he_so"": 1}, {""diem"": 6.25, ""he_so"": 2}]}",thanh_cong,,,,0.984,6,False
G001994,L002118,P01272,HS40,A,2026-12-09T19:12:38+07:00,1,tool,doc_tai_lieu,"{""ten_file"": ""noi_quy.txt""}",thanh_cong,,,,0.898,7590,False
G001995,L002119,P01272,HS40,A,2026-12-09T19:13:01+07:00,1,tool,diem_tb,"{""diem"": [{""diem"": 6.75, ""he_so"": 1}, {""diem"": 9.0, ""he_so"": 2}]}",thanh_cong,,,,0.444,6,False
G001996,L002120,P01273,HS01,B,2026-12-10T20:53:56+07:00,1,tool,xem_lich_thi,"{""mon"": ""toan""}",thanh_cong,,,,0.505,130,False
G001997,L002121,P01274,HS03,A,2026-12-10T21:58:39+07:00,1,tool,diem_tb,"{""diem"": [{""diem"": 11, ""he_so"": 1}, {""diem"": 10.0, ""he_so"": 1}]}",thanh_cong,,,,0.378,6,False
G001998,L002122,P01275,HS04,A,2026-12-10T14:49:58+07:00,1,tool,tkb,"{""ngay"": ""ngày mai""}",tra_ve_rong,,,0,0.337,4,False
G001999,L002122,P01275,HS04,A,2026-12-10T14:50:00+07:00,2,tool,tkb,"{""ngay"": ""t6""}",thanh_cong,,,,0.488,65,False
G002000,L002123,P01275,HS04,A,2026-12-10T14:50:40+07:00,1,tool,tkb,"{""ngay"": ""t2""}",thanh_cong,,,,0.65,51,False
G002001,L002124,P01276,HS04,A,2026-12-10T06:51:55+07:00,1,tool,lich_thi,"{""mon"": ""toan""}",thanh_cong,,,,0.476,110,False
G002002,L002125,P01276,HS04,A,2026-12-10T06:52:14+07:00,1,tool,lich_thi,"{""mon"": ""tin""}",thanh_cong,,,,0.528,110,False
G002003,L002126,P01277,HS06,A,2026-12-10T05:07:39+07:00,1,tool,lich_thi,"{""mon"": ""Tin học""}",loi_ngoai_le,Exception,Error executing tool lich_thi: Error,0,0.444,36,False
G002004,L002127,P01278,HS06,A,2026-12-10T23:19:51+07:00,1,tool,diem_tb,"{""diem"": [{""diem"": 6.75, ""he_so"": 3}, {""diem"": 8.5, ""he_so"": 1}]}",thanh_cong,,,,0.644,6,False
G002005,L002128,P01279,HS07,B,2026-12-10T23:40:10+07:00,1,tool,xem_lich_thi,"{""mon"": ""anh""}",loi_xac_thuc,ValidationError,"Error executing tool xem_lich_thi: 1 validation error for xem_lich_thiArguments
mon
  Input should be 'toan', 'tin' or 'van' [input_value=""anh""]",2,0.245,200,False
G002006,L002129,P01280,HS08,B,2026-12-10T20:58:19+07:00,1,tool,xem_tkb,"{""ngay"": ""t2""}",thanh_cong,,,,0.643,111,False
G002007,L002130,P01281,HS10,A,2026-12-10T20:44:31+07:00,1,tool,lich_thi,"{""mon"": ""tin""}",thanh_cong,,,,0.633,110,False
G002008,L002131,P01281,HS10,A,2026-12-10T20:44:55+07:00,1,tool,diem_tb,"{""diem"": [{""diem"": 6.0, ""he_so"": 2}, {""diem"": 7.5, ""he_so"": 2}]}",thanh_cong,,,,0.858,6,False
G002009,L002132,P01282,HS11,A,2026-12-10T21:43:07+07:00,1,tool,lich_thi,"{""mon"": ""toan""}",thanh_cong,,,,0.283,110,False
G002010,L002133,P01282,HS11,A,2026-12-10T21:43:59+07:00,1,tool,lich_thi,"{""mon"": ""toan""}",thanh_cong,,,,0.659,110,False
G002011,L002134,P01283,HS15,B,2026-12-10T12:23:31+07:00,1,tool,xem_tkb,"{""ngay"": ""t4""}",thanh_cong,,,,0.468,111,False
G002012,L002135,P01283,HS15,B,2026-12-10T12:23:53+07:00,1,tool,tinh_diem_tb,"{""cac_diem"": [{""diem"": 7.25, ""he_so"": 2}, {""diem"": 4.75, ""he_so"": 1}, {""diem"": 6.5, ""he_so"": 1}, {""diem"": 8.0, ""he_so"": 3}, {""diem"": 6.75, ""he_so"": 3}]}",thanh_cong,,,,0.615,95,False
G002013,L002136,P01284,HS15,B,2026-12-10T18:19:26+07:00,1,tool,xem_lich_thi,"{""mon"": ""toan""}",thanh_cong,,,,0.311,130,False
G002014,L002137,P01285,HS15,B,2026-12-10T20:30:58+07:00,1,tool,xem_tkb,"{""ngay"": ""t2""}",thanh_cong,,,,0.732,111,False
G002015,L002138,P01286,HS15,B,2026-12-10T12:16:09+07:00,1,tool,tinh_diem_tb,"{""cac_diem"": [{""diem"": 8.5, ""he_so"": 3}, {""diem"": 7.75, ""he_so"": 2}, {""diem"": 8.75, ""he_so"": 3}, {""diem"": 6.25, ""he_so"": 1}]}",thanh_cong,,,,0.58,95,False
G002016,L002139,P01286,HS15,B,2026-12-10T12:16:37+07:00,1,tool,xem_tkb,"{""ngay"": ""t4""}",thanh_cong,,,,0.412,111,False
G002017,L002140,P01287,HS16,B,2026-12-10T14:09:40+07:00,1,tool,xem_lich_thi,"{""mon"": ""toan""}",thanh_cong,,,,0.419,130,False
G002018,L002141,P01287,HS16,B,2026-12-10T14:10:38+07:00,1,tool,tinh_diem_tb,"{""cac_diem"": [{""diem"": 6.5, ""he_so"": 3}, {""diem"": 6.0, ""he_so"": 1}]}",thanh_cong,,,,0.952,95,False
G002019,L002142,P01288,HS19,B,2026-12-10T13:38:35+07:00,1,tool,xem_lich_thi,"{""mon"": ""toan""}",thanh_cong,,,,0.558,130,False
G002020,L002143,P01288,HS19,B,2026-12-10T13:38:56+07:00,1,tool,xem_tkb,"{""ngay"": ""t6""}",thanh_cong,,,,0.872,125,False
G002021,L002144,P01288,HS19,B,2026-12-10T13:39:19+07:00,1,tool,xem_lich_thi,"{""mon"": ""sinh""}",loi_xac_thuc,ValidationError,"Error executing tool xem_lich_thi: 1 validation error for xem_lich_thiArguments
mon
  Input should be 'toan', 'tin' or 'van' [input_value=""sinh""]",2,0.604,200,False
G002022,L002146,P01289,HS20,A,2026-12-10T13:49:30+07:00,1,tool,lich_thi,"{""mon"": ""tin""}",thanh_cong,,,,0.578,110,False
G002023,L002147,P01290,HS20,A,2026-12-10T18:45:25+07:00,1,tool,lich_thi,"{""mon"": ""Tin học""}",loi_ngoai_le,Exception,Error executing tool lich_thi: Error,0,0.381,36,False
G002024,L002148,P01291,HS23,A,2026-12-10T07:54:08+07:00,1,tool,diem_tb,"{""diem"": [{""diem"": 8.0, ""he_so"": 1}, {""diem"": 8.75, ""he_so"": 1}, {""diem"": 5.0, ""he_so"": 1}, {""diem"": 8.0, ""he_so"": 1}, {""diem"": 9.25, ""he_so"": 3}]}",thanh_cong,,,,0.624,6,False
G002025,L002150,P01292,HS24,B,2026-12-10T21:24:34+07:00,1,tool,xem_lich_thi,"{""mon"": ""van""}",thanh_cong,,,,1.095,130,False
G002026,L002151,P01293,HS26,B,2026-12-10T12:16:06+07:00,1,tool,tinh_diem_tb,"{""cac_diem"": [{""diem"": 6.25, ""he_so"": 1}, {""diem"": 6.5, ""he_so"": 3}, {""diem"": 9.5, ""he_so"": 3}, {""diem"": 7.75, ""he_so"": 1}, {""diem"": 7.25, ""he_so"": 1}]}",thanh_cong,,,,0.562,95,False
G002027,L002153,P01295,HS30,A,2026-12-10T12:20:32+07:00,1,tool,lich_thi,"{""mon"": ""Toán""}",loi_ngoai_le,Exception,Error executing tool lich_thi: Error,0,0.482,36,False
G002028,L002154,P01296,HS30,A,2026-12-10T21:27:24+07:00,1,tool,lich_thi,"{""mon"": ""tin""}",thanh_cong,,,,0.544,110,False
G002029,L002155,P01296,HS30,A,2026-12-10T21:27:57+07:00,1,tool,doc_tai_lieu,"{""ten_file"": ""diem.json""}",loi_ngoai_le,FileNotFoundError,Error executing tool doc_tai_lieu: [Errno 2] No such file or directory,1,0.673,110,False
G002030,L002155,P01296,HS30,A,2026-12-10T21:27:58+07:00,2,tool,doc_tai_lieu,"{""ten_file"": ""khong_cong_khai.txt""}",thanh_cong,,,,0.782,241,False
G002031,L002155,P01296,HS30,A,2026-12-10T21:28:00+07:00,3,tool,doc_tai_lieu,"{""ten_file"": ""noi_quy.txt""}",thanh_cong,,,,0.396,241,False
G002032,L002155,P01296,HS30,A,2026-12-10T21:28:02+07:00,4,tool,doc_tai_lieu,"{""ten_file"": ""thoi_khoa_bieu.json""}",thanh_cong,,,,0.743,241,False
G002033,L002156,P01297,HS34,B,2026-12-10T12:15:20+07:00,1,tool,xem_tkb,"{""ngay"": ""t2""}",thanh_cong,,,,0.571,111,False
G002034,L002157,P01298,HS36,A,2026-12-10T13:03:56+07:00,1,tool,lich_thi,"{""mon"": ""Toán""}",loi_ngoai_le,Exception,Error executing tool lich_thi: Error,0,0.63,36,False
G002035,L002158,P01299,HS39,A,2026-12-10T19:10:52+07:00,1,tool,lich_thi,"{""mon"": ""toan""}",thanh_cong,,,,0.79,110,False
G002036,L002159,P01300,HS39,A,2026-12-10T22:58:11+07:00,1,tool,lich_thi,"{""mon"": ""môn Tin""}",loi_ngoai_le,Exception,Error executing tool lich_thi: Error,0,0.715,36,False
G002037,L002160,P01301,HS40,A,2026-12-10T17:59:18+07:00,1,tool,lich_thi,"{""mon"": ""toan""}",thanh_cong,,,,0.499,110,False
G002038,L002161,P01302,HS03,A,2026-12-11T07:43:32+07:00,1,tool,lich_thi,"{""mon"": ""tin""}",thanh_cong,,,,0.577,110,False
G002039,L002163,P01303,HS04,A,2026-12-11T20:03:33+07:00,1,tool,tkb,"{""ngay"": ""t3""}",thanh_cong,,,,0.3,69,False
G002040,L002164,P01304,HS04,A,2026-12-11T09:00:09+07:00,1,tool,lich_thi,"{""mon"": ""toán học""}",loi_ngoai_le,Exception,Error executing tool lich_thi: Error,0,0.812,36,False
G002041,L002166,P01304,HS04,A,2026-12-11T09:01:23+07:00,1,tool,lich_thi,"{""mon"": ""Tin học""}",loi_ngoai_le,Exception,Error executing tool lich_thi: Error,0,0.845,36,False
G002042,L002167,P01305,HS06,A,2026-12-11T23:41:51+07:00,1,tool,lich_thi,"{""mon"": ""môn Tin""}",loi_ngoai_le,Exception,Error executing tool lich_thi: Error,0,0.364,36,False
G002043,L002168,P01306,HS07,B,2026-12-11T21:06:10+07:00,1,tool,xem_lich_thi,"{""mon"": ""toan""}",thanh_cong,,,,0.766,130,False
G002044,L002169,P01307,HS16,B,2026-12-11T21:06:09+07:00,1,resource,lop://noi-quy,,thanh_cong,,,,0.984,7590,False
G002045,L002170,P01307,HS16,B,2026-12-11T21:06:24+07:00,1,tool,xem_lich_thi,"{""mon"": ""tin""}",thanh_cong,,,,0.603,130,False
G002046,L002171,P01308,HS20,A,2026-12-11T13:01:31+07:00,1,tool,lich_thi,"{""mon"": ""Toán""}",loi_ngoai_le,Exception,Error executing tool lich_thi: Error,0,0.522,36,False
G002047,L002171,P01308,HS20,A,2026-12-11T13:01:33+07:00,2,tool,lich_thi,"{""mon"": ""toan""}",thanh_cong,,,,0.406,110,False
G002048,L002172,P01309,HS21,A,2026-12-11T19:31:27+07:00,1,tool,lich_thi,"{""mon"": ""toan""}",thanh_cong,,,,0.791,110,False
G002049,L002173,P01309,HS21,A,2026-12-11T19:31:58+07:00,1,tool,diem_tb,"{""diem"": [{""diem"": 4.25, ""he_so"": 2}, {""diem"": 8.5, ""he_so"": 1}, {""diem"": 8.25, ""he_so"": 2}]}",thanh_cong,,,,0.685,6,False
G002050,L002174,P01309,HS21,A,2026-12-11T19:33:01+07:00,1,tool,diem_tb,"{""diem"": [{""diem"": 4.25, ""he_so"": 2}, {""diem"": 8.5, ""he_so"": 1}, {""diem"": 7.5, ""he_so"": 3}, {""diem"": 7.0, ""he_so"": 2}, {""diem"": 10.0, ""he_so"": 1}]}",thanh_cong,,,,0.472,6,False
G002051,L002175,P01310,HS25,A,2026-12-11T21:45:06+07:00,1,tool,lich_thi,"{""mon"": ""toan""}",thanh_cong,,,,0.589,110,False
G002052,L002176,P01311,HS26,B,2026-12-11T19:18:26+07:00,1,tool,xem_tkb,"{""ngay"": ""t2""}",thanh_cong,,,,0.595,111,False
G002053,L002177,P01312,HS27,A,2026-12-11T21:28:24+07:00,1,tool,luu_ghi_chu,"{""noi_dung"": ""đổi phòng thi Toán sang P.305.""}",thanh_cong,,,,0.765,2,False
G002054,L002178,P01312,HS27,A,2026-12-11T21:28:56+07:00,1,tool,diem_tb,"{""diem"": [{""diem"": 9.0, ""he_so"": 2}, {""diem"": 8.0, ""he_so"": 1}, {""diem"": 5.25, ""he_so"": 1}, {""diem"": 6.25, ""he_so"": 1}, {""diem"": 6.5, ""he_so"": 2}, {""diem"": 8.75, ""he_so"": 1}]}",thanh_cong,,,,0.409,6,False
G002055,L002180,P01314,HS36,A,2026-12-11T13:23:30+07:00,1,tool,tkb,"{""ngay"": ""t6""}",thanh_cong,,,,0.345,65,False
G002056,L002182,P01314,HS36,A,2026-12-11T13:25:06+07:00,1,tool,diem_tb,"{""diem"": [{""diem"": ""8,75"", ""he_so"": 1}, {""diem"": ""7 điểm"", ""he_so"": 2}]}",loi_ngoai_le,TypeError,Error executing tool diem_tb: can't multiply sequence by non-int of type 'int',1,0.745,90,False
G002057,L002183,P01315,HS37,B,2026-12-11T21:29:12+07:00,1,tool,tinh_diem_tb,"{""cac_diem"": [{""diem"": 7.75, ""he_so"": 2}, {""diem"": 7.25, ""he_so"": 1}]}",thanh_cong,,,,0.437,95,False
G002058,L002184,P01316,HS39,A,2026-12-11T18:57:35+07:00,1,tool,lich_thi,"{""mon"": ""Toán""}",loi_ngoai_le,Exception,Error executing tool lich_thi: Error,0,0.539,36,False
G002059,L002184,P01316,HS39,A,2026-12-11T18:57:37+07:00,2,tool,lich_thi,"{""mon"": ""toan""}",thanh_cong,,,,0.819,110,False
G002060,L002186,P01317,HS40,A,2026-12-11T20:03:23+07:00,1,tool,tkb,"{""ngay"": ""thứ ba""}",tra_ve_rong,,,0,0.554,4,False
G002061,L002186,P01317,HS40,A,2026-12-11T20:03:25+07:00,2,tool,tkb,"{""ngay"": ""t3""}",thanh_cong,,,,0.552,69,False
G002062,L002187,P01318,HS01,B,2026-12-12T21:11:26+07:00,1,tool,xem_lich_thi,"{""mon"": ""van""}",thanh_cong,,,,0.795,130,False
G002063,L002188,P01318,HS01,B,2026-12-12T21:11:40+07:00,1,tool,xem_lich_thi,"{""mon"": ""tin""}",thanh_cong,,,,0.81,130,False
G002064,L002189,P01318,HS01,B,2026-12-12T21:12:03+07:00,1,tool,tinh_diem_tb,"{""cac_diem"": [{""diem"": 8.5, ""he_so"": 3}, {""diem"": 5.75, ""he_so"": 2}]}",thanh_cong,,,,1.448,95,False
G002065,L002190,P01319,HS06,A,2026-12-12T23:18:51+07:00,1,tool,lich_thi,"{""mon"": ""lý""}",loi_ngoai_le,Exception,Error executing tool lich_thi: Error,0,0.511,36,False
G002066,L002192,P01321,HS08,B,2026-12-12T11:14:20+07:00,1,tool,xem_tkb,"{""ngay"": ""t6""}",thanh_cong,,,,0.625,125,False
G002067,L002194,P01322,HS13,B,2026-12-12T07:26:50+07:00,1,tool,tinh_diem_tb,"{""cac_diem"": [{""diem"": 8.0, ""he_so"": 1}, {""diem"": 4.5, ""he_so"": 1}]}",thanh_cong,,,,1.009,95,False
G002068,L002195,P01322,HS13,B,2026-12-12T07:27:12+07:00,1,tool,xem_lich_thi,"{""mon"": ""toan""}",thanh_cong,,,,0.856,130,False
G002069,L002196,P01323,HS16,B,2026-12-12T23:50:45+07:00,1,tool,xem_tkb,"{""ngay"": ""cn""}",loi_xac_thuc,ValidationError,"Error executing tool xem_tkb: 1 validation error for xem_tkbArguments
ngay
  Input should be 't2', 't3', 't4', 't5' or 't6' [input_value=""cn""]",2,0.301,210,False
G002070,L002197,P01323,HS16,B,2026-12-12T23:51:21+07:00,1,tool,tinh_diem_tb,"{""cac_diem"": [{""diem"": 6.25, ""he_so"": 2}, {""diem"": 10.0, ""he_so"": 2}, {""diem"": 4.0, ""he_so"": 1}, {""diem"": 5.25, ""he_so"": 2}, {""diem"": ""tám"", ""he_so"": 3}]}",loi_xac_thuc,ValidationError,"Error executing tool tinh_diem_tb: 1 validation error for tinh_diem_tbArguments
cac_diem.0.diem
  Input should be a valid number, unable to parse string as a number [input_value=""?""]",2,0.518,230,False
G002071,L002198,P01324,HS21,A,2026-12-12T23:53:10+07:00,1,tool,lich_thi,"{""mon"": ""van""}",thanh_cong,,,,0.911,110,False
G002072,L002199,P01325,HS22,A,2026-12-12T06:17:04+07:00,1,tool,diem_tb,"{""diem"": [{""diem"": 9.75, ""he_so"": 1}, {""diem"": 8.25, ""he_so"": 1}]}",thanh_cong,,,,0.987,6,False
G002073,L002201,P01327,HS01,B,2026-12-13T20:52:36+07:00,1,tool,xem_tkb,"{""ngay"": ""t2""}",thanh_cong,,,,0.962,111,False
G002074,L002202,P01327,HS01,B,2026-12-13T20:52:56+07:00,1,tool,xem_lich_thi,"{""mon"": ""tin""}",thanh_cong,,,,0.86,130,False
G002075,L002204,P01328,HS03,A,2026-12-13T20:51:34+07:00,1,tool,lich_thi,"{""mon"": ""văn""}",loi_ngoai_le,Exception,Error executing tool lich_thi: Error,0,0.362,36,False
G002076,L002205,P01328,HS03,A,2026-12-13T20:52:01+07:00,1,tool,diem_tb,"{""diem"": [{""diem"": 5.5, ""he_so"": 1}, {""diem"": 4.75, ""he_so"": 2}, {""diem"": 9.75, ""he_so"": 3}, {""diem"": 5.25, ""he_so"": 1}, {""diem"": 9.0, ""he_so"": 3}]}",thanh_cong,,,,0.467,6,False
G002077,L002207,P01329,HS03,A,2026-12-13T22:54:16+07:00,1,tool,doc_tai_lieu,"{""ten_file"": ""noi_quy.pdf""}",loi_ngoai_le,FileNotFoundError,Error executing tool doc_tai_lieu: [Errno 2] No such file or directory: '.../du_lieu/noi_quy.pdf',1,0.511,120,False
G002078,L002208,P01329,HS03,A,2026-12-13T22:54:27+07:00,1,tool,diem_tb,"{""diem"": [{""diem"": 8.5, ""he_so"": 2}, {""diem"": 7.25, ""he_so"": 2}, {""diem"": 8.25, ""he_so"": 3}, {""diem"": 8.25, ""he_so"": 2}, {""diem"": 6.0, ""he_so"": 2}]}",thanh_cong,,,,0.7,6,False
G002079,L002209,P01329,HS03,A,2026-12-13T22:54:51+07:00,1,tool,tkb,"{""ngay"": ""thứ hai""}",tra_ve_rong,,,0,0.583,4,False
G002080,L002210,P01330,HS04,A,2026-12-13T21:26:06+07:00,1,tool,tkb,"{""ngay"": ""t2""}",thanh_cong,,,,0.641,51,False
G002081,L002211,P01331,HS05,B,2026-12-13T08:48:56+07:00,1,tool,xem_lich_thi,"{""mon"": ""van""}",thanh_cong,,,,0.755,130,False
G002082,L002212,P01331,HS05,B,2026-12-13T08:49:15+07:00,1,tool,xem_lich_thi,"{""mon"": ""tin""}",thanh_cong,,,,0.394,130,False
G002083,L002213,P01332,HS06,A,2026-12-13T22:06:46+07:00,1,tool,lich_thi,"{""mon"": ""van""}",thanh_cong,,,,1.213,110,False
G002084,L002214,P01332,HS06,A,2026-12-13T22:07:31+07:00,1,tool,tkb,"{""ngay"": ""t4""}",thanh_cong,,,,0.586,51,False
G002085,L002215,P01332,HS06,A,2026-12-13T22:08:06+07:00,1,tool,lich_thi,"{""mon"": ""Tin học""}",loi_ngoai_le,Exception,Error executing tool lich_thi: Error,0,0.593,36,False
G002086,L002215,P01332,HS06,A,2026-12-13T22:08:07+07:00,2,tool,lich_thi,"{""mon"": ""tin""}",thanh_cong,,,,0.449,110,False
G002087,L002216,P01332,HS06,A,2026-12-13T22:08:45+07:00,1,tool,tkb,"{""ngay"": ""thứ hai""}",tra_ve_rong,,,0,0.619,4,False
G002088,L002217,P01333,HS06,A,2026-12-13T22:56:08+07:00,1,tool,lich_thi,"{""mon"": ""Toán""}",loi_ngoai_le,Exception,Error executing tool lich_thi: Error,0,0.486,36,False
G002089,L002217,P01333,HS06,A,2026-12-13T22:56:10+07:00,2,tool,lich_thi,"{""mon"": ""toan""}",thanh_cong,,,,1.543,110,False
G002090,L002218,P01333,HS06,A,2026-12-13T22:57:25+07:00,1,tool,lich_thi,"{""mon"": ""Tin học""}",loi_ngoai_le,Exception,Error executing tool lich_thi: Error,0,0.686,36,False
G002091,L002219,P01334,HS07,B,2026-12-13T20:24:06+07:00,1,tool,xem_lich_thi,"{""mon"": ""toan""}",thanh_cong,,,,0.667,130,False
G002092,L002220,P01334,HS07,B,2026-12-13T20:24:28+07:00,1,tool,tinh_diem_tb,"{""cac_diem"": [{""diem"": 6.25, ""he_so"": 1}, {""diem"": 8.25, ""he_so"": 1}, {""diem"": 8.75, ""he_so"": 1}, {""diem"": 10.0, ""he_so"": 2}]}",thanh_cong,,,,0.569,95,False
G002093,L002221,P01334,HS07,B,2026-12-13T20:24:59+07:00,1,tool,xem_lich_thi,"{""mon"": ""van""}",thanh_cong,,,,1.004,130,False
G002094,L002223,P01335,HS08,B,2026-12-13T20:58:23+07:00,1,tool,xem_lich_thi,"{""mon"": ""toan""}",thanh_cong,,,,0.591,130,False
G002095,L002224,P01335,HS08,B,2026-12-13T20:58:44+07:00,1,tool,xem_lich_thi,"{""mon"": ""toan""}",thanh_cong,,,,0.701,130,False
G002096,L002225,P01336,HS13,B,2026-12-13T22:25:19+07:00,1,tool,xem_tkb,"{""ngay"": ""t3""}",thanh_cong,,,,0.356,129,False
G002097,L002226,P01336,HS13,B,2026-12-13T22:25:38+07:00,1,tool,xem_lich_thi,"{""mon"": ""Tin học""}",loi_xac_thuc,ValidationError,"Error executing tool xem_lich_thi: 1 validation error for xem_lich_thiArguments
mon
  Input should be 'toan', 'tin' or 'van' [input_value=""Tin học""]",2,0.678,200,False
G002098,L002226,P01336,HS13,B,2026-12-13T22:25:40+07:00,2,tool,xem_lich_thi,"{""mon"": ""tin""}",thanh_cong,,,,0.579,130,False
G002099,L002227,P01337,HS14,A,2026-12-13T20:07:16+07:00,1,tool,lich_thi,"{""mon"": ""tin""}",thanh_cong,,,,0.672,110,False
G002100,L002228,P01338,HS14,A,2026-12-13T23:54:14+07:00,1,tool,doc_tai_lieu,"{""ten_file"": ""noi_quy.txt""}",thanh_cong,,,,0.903,7590,False
G002101,L002229,P01338,HS14,A,2026-12-13T23:55:30+07:00,1,tool,doc_tai_lieu,"{""ten_file"": ""noiquy.txt""}",loi_ngoai_le,FileNotFoundError,Error executing tool doc_tai_lieu: [Errno 2] No such file or directory: '.../du_lieu/noiquy.txt',1,0.854,120,False
G002102,L002230,P01338,HS14,A,2026-12-13T23:55:44+07:00,1,tool,lich_thi,"{""mon"": ""van""}",thanh_cong,,,,0.672,110,False
G002103,L002231,P01339,HS20,A,2026-12-13T06:34:17+07:00,1,tool,lich_thi,"{""mon"": ""Ngữ văn""}",loi_ngoai_le,Exception,Error executing tool lich_thi: Error,0,0.511,36,False
G002104,L002231,P01339,HS20,A,2026-12-13T06:34:18+07:00,2,tool,lich_thi,"{""mon"": ""van""}",thanh_cong,,,,0.959,110,False
G002105,L002232,P01339,HS20,A,2026-12-13T06:34:30+07:00,1,tool,lich_thi,"{""mon"": ""tin""}",thanh_cong,,,,0.929,110,False
G002106,L002233,P01340,HS24,B,2026-12-13T17:31:32+07:00,1,tool,xem_tkb,"{""ngay"": ""t6""}",thanh_cong,,,,0.883,125,False
G002107,L002234,P01341,HS24,B,2026-12-13T13:50:18+07:00,1,tool,xem_tkb,"{""ngay"": ""t3""}",thanh_cong,,,,0.91,129,False
G002108,L002235,P01342,HS24,B,2026-12-13T22:58:41+07:00,1,tool,xem_lich_thi,"{""mon"": ""van""}",thanh_cong,,,,0.73,130,False
G002109,L002236,P01343,HS24,B,2026-12-13T12:28:00+07:00,1,tool,tinh_diem_tb,"{""cac_diem"": [{""diem"": 7.75, ""he_so"": 1}, {""diem"": 9.0, ""he_so"": 3}, {""diem"": 6.5, ""he_so"": 1}, {""diem"": 9.75, ""he_so"": 2}, {""diem"": 9.75, ""he_so"": 2}, {""diem"": 4.75, ""he_so"": 1}]}",thanh_cong,,,,0.688,95,False
G002110,L002237,P01344,HS24,B,2026-12-13T18:04:38+07:00,1,tool,xem_lich_thi,"{""mon"": ""toan""}",thanh_cong,,,,0.602,130,False
G002111,L002238,P01344,HS24,B,2026-12-13T18:05:28+07:00,1,tool,xem_tkb,"{""ngay"": ""t2""}",thanh_cong,,,,0.835,111,False
G002112,L002239,P01345,HS25,A,2026-12-13T10:45:04+07:00,1,tool,diem_tb,"{""diem"": [{""diem"": 4.75, ""he_so"": 1}, {""diem"": 7.75, ""he_so"": 1}, {""diem"": 4.5, ""he_so"": 1}, {""diem"": 5.0, ""he_so"": 2}]}",thanh_cong,,,,0.392,6,False
G002113,L002240,P01346,HS25,A,2026-12-13T06:43:47+07:00,1,tool,diem_tb,"{""diem"": [{""diem"": 8.75, ""he_so"": 1}, {""diem"": 9.5, ""he_so"": 3}]}",thanh_cong,,,,0.585,6,False
G002114,L002241,P01347,HS25,A,2026-12-13T21:43:13+07:00,1,tool,doc_tai_lieu,"{""ten_file"": ""../du_lieu_ngoai/bi_mat.txt""}",thanh_cong,,,,0.366,230,False
G002115,L002242,P01348,HS26,B,2026-12-13T13:53:04+07:00,1,tool,xem_lich_thi,"{""mon"": ""toan""}",thanh_cong,,,,0.865,130,False
G002116,L002243,P01348,HS26,B,2026-12-13T13:53:24+07:00,1,tool,xem_lich_thi,"{""mon"": ""tin""}",thanh_cong,,,,0.573,130,False
G002117,L002244,P01349,HS26,B,2026-12-13T13:24:38+07:00,1,tool,xem_lich_thi,"{""mon"": ""toan""}",thanh_cong,,,,1.421,130,False
G002118,L002245,P01349,HS26,B,2026-12-13T13:25:46+07:00,1,tool,tinh_diem_tb,"{""cac_diem"": [{""diem"": 4.25, ""he_so"": 1}, {""diem"": 8.5, ""he_so"": 1}]}",thanh_cong,,,,0.881,95,False
G002119,L002246,P01350,HS28,B,2026-12-13T21:42:26+07:00,1,tool,xem_tkb,"{""ngay"": ""t5""}",thanh_cong,,,,0.59,251,True
G002120,L002247,P01350,HS28,B,2026-12-13T21:42:54+07:00,1,tool,xem_lich_thi,"{""mon"": ""toan""}",thanh_cong,,,,0.567,130,False
G002121,L002248,P01350,HS28,B,2026-12-13T21:43:16+07:00,1,tool,xem_lich_thi,"{""mon"": ""van""}",thanh_cong,,,,0.418,130,False
G002122,L002249,P01351,HS29,B,2026-12-13T16:05:53+07:00,1,tool,xem_tkb,"{""ngay"": ""<chuỗi 9853 ký tự>""}",loi_xac_thuc,ValidationError,"Error executing tool xem_tkb: 1 validation error for xem_tkbArguments
ngay
  Input should be 't2', 't3', 't4', 't5' or 't6' [input_value=""xxxx""]",2,0.492,260,False
G002123,L002250,P01351,HS29,B,2026-12-13T16:06:07+07:00,1,tool,xem_lich_thi,"{""mon"": ""toan""}",thanh_cong,,,,1.071,130,False
G002124,L002251,P01352,HS34,B,2026-12-13T21:56:36+07:00,1,tool,tinh_diem_tb,"{""cac_diem"": [{""diem"": 5.25, ""he_so"": 1}, {""diem"": 7.5, ""he_so"": 2}]}",thanh_cong,,,,1.132,95,False
G002125,L002252,P01353,HS34,B,2026-12-13T12:19:30+07:00,1,tool,xem_tkb,"{""ngay"": ""t5""}",thanh_cong,,,,0.586,251,True
G002126,L002253,P01354,HS36,A,2026-12-13T06:39:38+07:00,1,tool,lich_thi,"{""mon"": ""toan""}",thanh_cong,,,,0.402,110,False
G002127,L002254,P01355,HS37,B,2026-12-13T20:29:54+07:00,1,tool,tinh_diem_tb,"{""cac_diem"": [{""diem"": 9.25, ""he_so"": 4}, {""diem"": 9.75, ""he_so"": 1}, {""diem"": 5.0, ""he_so"": 1}, {""diem"": 4.0, ""he_so"": 1}]}",loi_xac_thuc,ValidationError,"Error executing tool tinh_diem_tb: 1 validation error for tinh_diem_tbArguments
cac_diem.0.he_so
  Input should be 1, 2 or 3 [input_value=""?""]",2,0.601,230,False
G002128,L002255,P01356,HS02,B,2026-12-14T07:19:20+07:00,1,tool,tinh_diem_tb,"{""cac_diem"": [{""diem"": 6.5, ""he_so"": 1}, {""diem"": 7.0, ""he_so"": 1}, {""diem"": 8.75, ""he_so"": 1}, {""diem"": 9.75, ""he_so"": 2}]}",thanh_cong,,,,0.504,95,False
G002129,L002256,P01356,HS02,B,2026-12-14T07:19:44+07:00,1,tool,xem_tkb,"{""ngay"": ""t4""}",thanh_cong,,,,0.451,111,False
G002130,L002257,P01356,HS02,B,2026-12-14T07:20:09+07:00,1,tool,xem_lich_thi,"{""mon"": ""toan""}",thanh_cong,,,,0.793,130,False
G002131,L002258,P01357,HS03,A,2026-12-14T06:21:21+07:00,1,tool,lich_thi,"{""mon"": ""môn Văn""}",loi_ngoai_le,Exception,Error executing tool lich_thi: Error,0,0.541,36,False
G002132,L002258,P01357,HS03,A,2026-12-14T06:21:22+07:00,2,tool,lich_thi,"{""mon"": ""van""}",thanh_cong,,,,0.658,110,False
G002133,L002259,P01357,HS03,A,2026-12-14T06:21:56+07:00,1,tool,lich_thi,"{""mon"": ""sử""}",loi_ngoai_le,Exception,Error executing tool lich_thi: Error,0,0.426,36,False
G002134,L002260,P01358,HS07,B,2026-12-14T17:41:48+07:00,1,tool,xem_lich_thi,"{""mon"": ""ly""}",loi_xac_thuc,ValidationError,"Error executing tool xem_lich_thi: 1 validation error for xem_lich_thiArguments
mon
  Input should be 'toan', 'tin' or 'van' [input_value=""ly""]",2,0.312,200,False
G002135,L002261,P01358,HS07,B,2026-12-14T17:42:30+07:00,1,tool,xem_lich_thi,"{""mon"": ""tin""}",thanh_cong,,,,0.544,130,False
G002136,L002262,P01359,HS10,A,2026-12-14T10:55:24+07:00,1,tool,tkb,"{""ngay"": ""t5""}",thanh_cong,,,,0.292,191,True
G002137,L002263,P01360,HS11,A,2026-12-14T17:38:21+07:00,1,tool,lich_thi,"{""mon"": ""tin""}",thanh_cong,,,,0.93,110,False
G002138,L002264,P01360,HS11,A,2026-12-14T17:38:36+07:00,1,tool,diem_tb,"{""diem"": [{""diem"": 4.75, ""he_so"": 2}, {""diem"": 6.25, ""he_so"": 1}, {""diem"": 5.25, ""he_so"": 1}, {""diem"": 8.25, ""he_so"": 2}, {""diem"": 8.25, ""he_so"": 1}]}",thanh_cong,,,,0.845,6,False
G002139,L002265,P01361,HS13,B,2026-12-14T07:07:29+07:00,1,tool,tinh_diem_tb,"{""cac_diem"": [{""diem"": 5.0, ""he_so"": 2}, {""diem"": 8.75, ""he_so"": 1}]}",thanh_cong,,,,1.118,95,False
G002140,L002266,P01361,HS13,B,2026-12-14T07:08:02+07:00,1,tool,xem_lich_thi,"{""mon"": ""van""}",thanh_cong,,,,0.972,130,False
G002141,L002268,P01363,HS13,B,2026-12-14T22:05:05+07:00,1,tool,xem_tkb,"{""ngay"": ""t3""}",thanh_cong,,,,1.082,129,False
G002142,L002269,P01363,HS13,B,2026-12-14T22:05:20+07:00,1,tool,xem_lich_thi,"{""mon"": ""toan""}",thanh_cong,,,,0.692,130,False
G002143,L002270,P01363,HS13,B,2026-12-14T22:05:33+07:00,1,tool,xem_tkb,"{""ngay"": ""t2""}",thanh_cong,,,,0.538,111,False
G002144,L002271,P01363,HS13,B,2026-12-14T22:05:44+07:00,1,tool,xem_lich_thi,"{""mon"": ""tin""}",thanh_cong,,,,0.766,130,False
G002145,L002272,P01364,HS19,B,2026-12-14T12:30:23+07:00,1,tool,xem_tkb,"{""ngay"": ""t3""}",thanh_cong,,,,0.891,129,False
G002146,L002273,P01365,HS20,A,2026-12-14T20:28:40+07:00,1,tool,lich_thi,"{""mon"": ""Ngữ văn""}",loi_ngoai_le,Exception,Error executing tool lich_thi: Error,0,0.556,36,False
G002147,L002274,P01366,HS23,A,2026-12-14T23:46:51+07:00,1,tool,doc_tai_lieu,"{""ten_file"": ""noi_quy.txt""}",thanh_cong,,,,1.933,7590,False
G002148,L002275,P01367,HS23,A,2026-12-14T13:38:32+07:00,1,tool,tkb,"{""ngay"": ""t3""}",thanh_cong,,,,0.498,69,False
G002149,L002276,P01368,HS23,A,2026-12-14T21:43:06+07:00,1,tool,tkb,"{""ngay"": ""thứ ba""}",tra_ve_rong,,,0,0.875,4,False
G002150,L002277,P01368,HS23,A,2026-12-14T21:43:34+07:00,1,tool,lich_thi,"{""mon"": ""môn Tin""}",loi_ngoai_le,Exception,Error executing tool lich_thi: Error,0,0.564,36,False
G002151,L002277,P01368,HS23,A,2026-12-14T21:43:36+07:00,2,tool,lich_thi,"{""mon"": ""tin""}",thanh_cong,,,,1.269,110,False
G002152,L002278,P01369,HS24,B,2026-12-14T16:08:53+07:00,1,tool,xem_tkb,"{""ngay"": ""t6""}",thanh_cong,,,,0.776,125,False
G002153,L002280,P01371,HS27,A,2026-12-14T19:41:11+07:00,1,tool,tkb,"{""ngay"": ""thứ 7""}",tra_ve_rong,,,0,0.686,4,False
G002154,L002282,P01373,HS32,A,2026-12-14T22:54:54+07:00,1,tool,doc_tai_lieu,"{""ten_file"": ""noi_quy.txt""}",thanh_cong,,,,0.572,7590,False
G002155,L002284,P01373,HS32,A,2026-12-14T22:55:48+07:00,1,tool,doc_tai_lieu,"{""ten_file"": ""noiquy.txt""}",loi_ngoai_le,FileNotFoundError,Error executing tool doc_tai_lieu: [Errno 2] No such file or directory: '.../du_lieu/noiquy.txt',1,0.601,120,False
G002156,L002285,P01374,HS32,A,2026-12-14T23:23:41+07:00,1,tool,lich_thi,"{""mon"": ""toan""}",thanh_cong,,,,0.465,110,False
G002157,L002286,P01375,HS32,A,2026-12-14T21:13:56+07:00,1,tool,lich_thi,"{""mon"": ""van""}",thanh_cong,,,,0.896,110,False
G002158,L002287,P01376,HS34,B,2026-12-14T19:25:35+07:00,1,tool,tinh_diem_tb,"{""cac_diem"": [{""diem"": 9.75, ""he_so"": 2}, {""diem"": 4.0, ""he_so"": 1}, {""diem"": 5.0, ""he_so"": 2}, {""diem"": 5.0, ""he_so"": 1}, {""diem"": 6.0, ""he_so"": 2}]}",thanh_cong,,,,0.987,95,False
G002159,L002288,P01376,HS34,B,2026-12-14T19:26:10+07:00,1,tool,xem_tkb,"{""ngay"": ""t6""}",thanh_cong,,,,0.483,125,False
G002160,L002289,P01376,HS34,B,2026-12-14T19:26:37+07:00,1,tool,xem_lich_thi,"{""mon"": ""toan""}",thanh_cong,,,,0.593,130,False
G002161,L002290,P01377,HS39,A,2026-12-14T21:54:14+07:00,1,tool,diem_tb,"{""diem"": []}",loi_ngoai_le,ZeroDivisionError,Error executing tool diem_tb: division by zero,1,0.485,60,False
G002162,L002291,P01378,HS19,B,2026-12-15T21:45:16+07:00,1,tool,xem_lich_thi,"{""mon"": ""sinh""}",loi_xac_thuc,ValidationError,"Error executing tool xem_lich_thi: 1 validation error for xem_lich_thiArguments
mon
  Input should be 'toan', 'tin' or 'van' [input_value=""sinh""]",2,0.352,200,False
G002163,L002292,P01379,HS20,A,2026-12-15T22:13:27+07:00,1,tool,doc_tai_lieu,"{""ten_file"": ""noi_quy.txt""}",thanh_cong,,,,1.507,7590,False
G002164,L002293,P01380,HS25,A,2026-12-15T06:39:31+07:00,1,tool,tkb,"{""ngay"": ""t2""}",thanh_cong,,,,0.421,51,False
G002165,L002294,P01380,HS25,A,2026-12-15T06:40:02+07:00,1,tool,tkb,"{""ngay"": ""t2""}",thanh_cong,,,,0.584,51,False
G002166,L002295,P01381,HS26,B,2026-12-15T21:59:38+07:00,1,resource,lop://noi-quy,,thanh_cong,,,,1.027,7590,False
G002167,L002297,P01382,HS31,A,2026-12-15T19:08:34+07:00,1,tool,tkb,"{""ngay"": ""t3""}",thanh_cong,,,,0.775,69,False
G002168,L002298,P01383,HS32,A,2026-12-15T07:10:53+07:00,1,tool,tkb,"{""ngay"": ""thứ tư""}",tra_ve_rong,,,0,0.376,4,False
G002169,L002298,P01383,HS32,A,2026-12-15T07:10:54+07:00,2,tool,tkb,"{""ngay"": ""t4""}",thanh_cong,,,,0.715,51,False
G002170,L002299,P01383,HS32,A,2026-12-15T07:11:22+07:00,1,tool,doc_tai_lieu,"{""ten_file"": ""khong_cong_khai.txt""}",thanh_cong,,,,0.334,241,False
G002171,L002300,P01384,HS33,A,2026-12-15T18:13:11+07:00,1,tool,diem_tb,"{""diem"": [{""diem"": 6.75, ""he_so"": 2}, {""diem"": 6.25, ""he_so"": 1}, {""diem"": 4.0, ""he_so"": 1}]}",thanh_cong,,,,1.076,6,False
G002172,L002301,P01384,HS33,A,2026-12-15T18:13:34+07:00,1,tool,lich_thi,"{""mon"": ""van""}",thanh_cong,,,,0.535,110,False
G002173,L002302,P01385,HS10,A,2026-12-16T21:34:29+07:00,1,tool,diem_tb,"{""diem"": [{""diem"": 6.75, ""he_so"": 1}, {""diem"": 9.25, ""he_so"": 2}]}",thanh_cong,,,,0.967,6,False
G002174,L002303,P01386,HS15,B,2026-12-16T21:19:17+07:00,1,tool,xem_lich_thi,"{""mon"": ""ly""}",loi_xac_thuc,ValidationError,"Error executing tool xem_lich_thi: 1 validation error for xem_lich_thiArguments
mon
  Input should be 'toan', 'tin' or 'van' [input_value=""ly""]",2,0.29,200,False
G002175,L002305,P01387,HS24,B,2026-12-16T06:47:12+07:00,1,tool,xem_lich_thi,"{""mon"": ""tin""}",thanh_cong,,,,0.396,130,False
G002176,L002306,P01387,HS24,B,2026-12-16T06:47:54+07:00,1,tool,tinh_diem_tb,"{""cac_diem"": [{""diem"": 7.75, ""he_so"": 1}, {""diem"": 5.5, ""he_so"": 3}, {""diem"": 8.75, ""he_so"": 1}, {""diem"": 6.5, ""he_so"": 2}]}",thanh_cong,,,,1.146,95,False
G002177,L002308,P01388,HS26,B,2026-12-16T14:19:41+07:00,1,tool,xem_tkb,"{""ngay"": ""t4""}",thanh_cong,,,,0.809,111,False
G002178,L002309,P01389,HS34,B,2026-12-16T13:21:01+07:00,1,tool,xem_lich_thi,"{""mon"": ""toan""}",thanh_cong,,,,0.575,130,False
G002179,L002310,P01389,HS34,B,2026-12-16T13:21:33+07:00,1,tool,xem_tkb,"{""ngay"": ""t4""}",thanh_cong,,,,0.957,111,False
G002180,L002311,P01390,HS37,B,2026-12-16T12:44:53+07:00,1,tool,xem_tkb,"{""ngay"": ""t4""}",thanh_cong,,,,1.158,111,False
G002181,L002313,P01391,HS40,A,2026-12-16T12:37:34+07:00,1,tool,tkb,"{""ngay"": ""thứ năm""}",tra_ve_rong,,,0,0.671,4,False
G002182,L002314,P01392,HS09,B,2026-12-17T20:19:15+07:00,1,tool,tinh_diem_tb,"{""cac_diem"": [{""diem"": 7.75, ""he_so"": 1}, {""diem"": 4.5, ""he_so"": 1}, {""diem"": 5.25, ""he_so"": 1}, {""diem"": 4.0, ""he_so"": 5}, {""diem"": 4.5, ""he_so"": 1}]}",loi_xac_thuc,ValidationError,"Error executing tool tinh_diem_tb: 1 validation error for tinh_diem_tbArguments
cac_diem.0.he_so
  Input should be 1, 2 or 3 [input_value=""?""]",2,0.559,230,False
G002183,L002315,P01393,HS10,A,2026-12-17T18:43:53+07:00,1,tool,tkb,"{""ngay"": ""t2""}",thanh_cong,,,,0.959,51,False
G002184,L002316,P01393,HS10,A,2026-12-17T18:44:06+07:00,1,tool,diem_tb,"{""diem"": [{""diem"": 7.5, ""he_so"": 2}, {""diem"": 7.0, ""he_so"": 2}]}",thanh_cong,,,,1.065,6,False
G002185,L002318,P01395,HS21,A,2026-12-17T21:25:18+07:00,1,tool,doc_tai_lieu,"{""ten_file"": ""noi_quy.txt""}",thanh_cong,,,,1.973,7590,False
G002186,L002319,P01396,HS30,A,2026-12-17T20:43:24+07:00,1,tool,tkb,"{""ngay"": ""thứ 6""}",tra_ve_rong,,,0,0.208,4,False
G002187,L002320,P01397,HS10,A,2026-12-18T18:53:22+07:00,1,tool,lich_thi,"{""mon"": ""toan""}",thanh_cong,,,,0.559,110,False
G002188,L002321,P01397,HS10,A,2026-12-18T18:53:50+07:00,1,tool,diem_tb,"{""diem"": [{""diem"": ""9,75"", ""he_so"": 2}, {""diem"": ""7,25"", ""he_so"": 1}, {""diem"": 7.0, ""he_so"": 1}]}",loi_ngoai_le,TypeError,Error executing tool diem_tb: can't multiply sequence by non-int of type 'int',1,0.716,90,False
G002189,L002323,P01398,HS16,B,2026-12-18T20:40:59+07:00,1,tool,tinh_diem_tb,"{""cac_diem"": [{""diem"": 8.25, ""he_so"": 2}, {""diem"": 8.0, ""he_so"": 3}, {""diem"": 9.25, ""he_so"": 2}, {""diem"": 5.25, ""he_so"": 1}]}",thanh_cong,,,,0.476,95,False
G002190,L002324,P01399,HS19,B,2026-12-18T22:45:15+07:00,1,tool,xem_lich_thi,"{""mon"": ""tin""}",thanh_cong,,,,0.803,130,False
G002191,L002325,P01399,HS19,B,2026-12-18T22:46:19+07:00,1,resource,lop://noi-quy,,thanh_cong,,,,0.694,7590,False
G002192,L002326,P01400,HS26,B,2026-12-18T18:44:09+07:00,1,tool,xem_tkb,"{""ngay"": ""t3""}",thanh_cong,,,,0.611,129,False
G002193,L002327,P01400,HS26,B,2026-12-18T18:44:38+07:00,1,resource,lop://noi-quy,,thanh_cong,,,,1.686,7590,False
G002194,L002328,P01401,HS34,B,2026-12-18T22:00:28+07:00,1,resource,lop://noi-quy,,thanh_cong,,,,0.786,7590,False
G002195,L002330,P01401,HS34,B,2026-12-18T22:02:00+07:00,1,tool,tinh_diem_tb,"{""cac_diem"": [{""diem"": 7.5, ""he_so"": 2}, {""diem"": 7.25, ""he_so"": 1}, {""diem"": 7.75, ""he_so"": 3}]}",thanh_cong,,,,0.859,95,False
G002196,L002331,P01402,HS36,A,2026-12-18T18:41:30+07:00,1,tool,tkb,"{""ngay"": ""t3""}",thanh_cong,,,,0.214,69,False
G002197,L002333,P01403,HS25,A,2026-12-19T12:53:31+07:00,1,tool,diem_tb,"{""diem"": [{""diem"": 8.75, ""he_so"": 1}, {""diem"": 9.5, ""he_so"": 3}]}",thanh_cong,,,,0.389,6,False
G002198,L002334,P01404,HS03,A,2026-12-20T21:21:14+07:00,1,tool,lich_thi,"{""mon"": ""van""}",thanh_cong,,,,0.701,110,False
G002199,L002335,P01405,HS06,A,2026-12-20T21:53:46+07:00,1,tool,tkb,"{""ngay"": ""thứ năm""}",tra_ve_rong,,,0,0.328,4,False
G002200,L002336,P01406,HS10,A,2026-12-20T12:27:56+07:00,1,tool,lich_thi,"{""mon"": ""sử""}",loi_ngoai_le,Exception,Error executing tool lich_thi: Error,0,0.774,36,False
G002201,L002337,P01407,HS12,B,2026-12-20T21:31:02+07:00,1,resource,lop://noi-quy,,thanh_cong,,,,1.07,7590,False
G002202,L002338,P01407,HS12,B,2026-12-20T21:31:29+07:00,1,tool,xem_lich_thi,"{""mon"": ""tin""}",thanh_cong,,,,0.493,130,False
G002203,L002340,P01408,HS16,B,2026-12-20T20:39:32+07:00,1,tool,xem_lich_thi,"{""mon"": ""su""}",loi_xac_thuc,ValidationError,"Error executing tool xem_lich_thi: 1 validation error for xem_lich_thiArguments
mon
  Input should be 'toan', 'tin' or 'van' [input_value=""su""]",2,0.514,200,False
G002204,L002342,P01409,HS27,A,2026-12-20T12:37:25+07:00,1,tool,lich_thi,"{""mon"": ""tin""}",thanh_cong,,,,0.528,110,False
G002205,L002343,P01409,HS27,A,2026-12-20T12:38:04+07:00,1,tool,tkb,"{""ngay"": ""t6""}",thanh_cong,,,,0.39,65,False
