ma_phien,ma_hs,phien_ban,bat_dau,ket_thuc,thoi_luong_s,kenh,so_luot,so_luot_dung,ket_thuc_kieu,diem_hai_long_1_5
P00001,HS02,B,2026-09-07T22:44:37+07:00,2026-09-07T22:44:51+07:00,14,Zalo Mini App,1,1,binh_thuong,5
P00002,HS05,B,2026-09-07T22:41:30+07:00,2026-09-07T22:41:58+07:00,28,Zalo Mini App,2,2,binh_thuong,4
P00003,HS10,A,2026-09-07T06:05:51+07:00,2026-09-07T06:06:11+07:00,20,Zalo Mini App,1,1,binh_thuong,5
P00004,HS12,B,2026-09-07T21:24:13+07:00,2026-09-07T21:24:58+07:00,45,Ứng dụng trường,1,1,binh_thuong,5
P00005,HS26,B,2026-09-07T19:27:22+07:00,2026-09-07T19:27:56+07:00,34,Zalo Mini App,2,2,binh_thuong,5
P00006,HS40,A,2026-09-07T16:22:20+07:00,2026-09-07T16:23:03+07:00,43,Web,2,2,binh_thuong,4
P00007,HS40,A,2026-09-07T20:54:32+07:00,2026-09-07T20:55:54+07:00,82,Ứng dụng trường,3,3,binh_thuong,5
P00008,HS40,A,2026-09-07T19:56:34+07:00,2026-09-07T19:57:11+07:00,37,Zalo Mini App,1,1,binh_thuong,4
P00009,HS06,A,2026-09-08T18:23:45+07:00,2026-09-08T18:23:59+07:00,14,Web,1,1,binh_thuong,5
P00010,HS07,B,2026-09-08T23:41:57+07:00,2026-09-08T23:43:49+07:00,112,Ứng dụng trường,3,2,binh_thuong,5
P00011,HS07,B,2026-09-08T23:47:04+07:00,2026-09-08T23:47:38+07:00,34,Ứng dụng trường,2,2,binh_thuong,5
P00012,HS13,B,2026-09-08T21:26:25+07:00,2026-09-08T21:26:51+07:00,26,Ứng dụng trường,2,2,binh_thuong,5
P00013,HS14,A,2026-09-08T12:41:30+07:00,2026-09-08T12:42:16+07:00,46,Zalo Mini App,1,1,binh_thuong,5
P00014,HS32,A,2026-09-08T21:52:52+07:00,2026-09-08T21:53:24+07:00,32,Web,1,1,binh_thuong,5
P00015,HS34,B,2026-09-08T21:00:01+07:00,2026-09-08T21:00:50+07:00,49,Web,1,1,binh_thuong,4
P00016,HS37,B,2026-09-08T20:09:24+07:00,2026-09-08T20:10:55+07:00,91,Zalo Mini App,2,2,binh_thuong,4
P00017,HS40,A,2026-09-08T12:19:02+07:00,2026-09-08T12:20:05+07:00,63,Ứng dụng trường,3,1,bo_do,2
P00018,HS03,A,2026-09-09T17:20:19+07:00,2026-09-09T17:21:28+07:00,69,Ứng dụng trường,2,0,bo_do,3
P00019,HS09,B,2026-09-09T10:38:50+07:00,2026-09-09T10:39:06+07:00,16,Ứng dụng trường,1,1,binh_thuong,4
P00020,HS20,A,2026-09-09T22:46:37+07:00,2026-09-09T22:46:50+07:00,13,Ứng dụng trường,1,1,binh_thuong,
P00021,HS26,B,2026-09-09T18:20:36+07:00,2026-09-09T18:21:03+07:00,27,Zalo Mini App,1,1,binh_thuong,
P00022,HS26,B,2026-09-09T17:58:55+07:00,2026-09-09T17:59:46+07:00,51,Zalo Mini App,2,2,binh_thuong,
P00023,HS26,B,2026-09-09T06:49:55+07:00,2026-09-09T06:50:19+07:00,24,Zalo Mini App,1,1,binh_thuong,5
P00024,HS29,B,2026-09-09T18:40:40+07:00,2026-09-09T18:41:45+07:00,65,Web,1,1,binh_thuong,5
P00025,HS31,A,2026-09-09T20:05:17+07:00,2026-09-09T20:05:46+07:00,29,Ứng dụng trường,2,2,binh_thuong,4
P00026,HS31,A,2026-09-09T06:35:22+07:00,2026-09-09T06:37:06+07:00,104,Ứng dụng trường,2,2,binh_thuong,5
P00027,HS38,B,2026-09-09T18:40:41+07:00,2026-09-09T18:41:12+07:00,31,Web,1,1,binh_thuong,
P00028,HS01,B,2026-09-10T08:58:41+07:00,2026-09-10T09:00:12+07:00,91,Web,3,3,binh_thuong,
P00029,HS03,A,2026-09-10T12:29:11+07:00,2026-09-10T12:29:38+07:00,27,Web,1,1,binh_thuong,5
P00030,HS07,B,2026-09-10T21:26:05+07:00,2026-09-10T21:26:34+07:00,29,Ứng dụng trường,1,1,binh_thuong,5
P00031,HS08,B,2026-09-10T23:04:49+07:00,2026-09-10T23:05:34+07:00,45,Zalo Mini App,2,2,binh_thuong,5
P00032,HS11,A,2026-09-10T21:44:49+07:00,2026-09-10T21:44:58+07:00,9,Web,1,1,binh_thuong,4
P00033,HS21,A,2026-09-10T20:58:02+07:00,2026-09-10T20:58:31+07:00,29,Zalo Mini App,1,0,binh_thuong,3
P00034,HS22,A,2026-09-10T06:08:31+07:00,2026-09-10T06:08:58+07:00,27,Web,2,1,binh_thuong,4
P00035,HS28,B,2026-09-10T21:10:24+07:00,2026-09-10T21:10:36+07:00,12,Web,1,1,binh_thuong,4
P00036,HS37,B,2026-09-10T21:38:40+07:00,2026-09-10T21:39:01+07:00,21,Web,2,2,binh_thuong,
P00037,HS06,A,2026-09-11T18:01:10+07:00,2026-09-11T18:01:17+07:00,7,Web,1,1,binh_thuong,5
P00038,HS11,A,2026-09-11T21:55:17+07:00,2026-09-11T21:55:55+07:00,38,Web,1,1,binh_thuong,4
P00039,HS22,A,2026-09-11T20:55:33+07:00,2026-09-11T20:55:46+07:00,13,Zalo Mini App,1,1,binh_thuong,
P00040,HS25,A,2026-09-11T19:02:18+07:00,2026-09-11T19:04:01+07:00,103,Web,2,1,bo_do,
P00041,HS32,A,2026-09-11T17:21:27+07:00,2026-09-11T17:21:56+07:00,29,Web,1,1,binh_thuong,4
P00042,HS04,A,2026-09-12T17:37:24+07:00,2026-09-12T17:37:46+07:00,22,Ứng dụng trường,1,0,binh_thuong,3
P00043,HS04,A,2026-09-12T07:00:01+07:00,2026-09-12T07:00:56+07:00,55,Zalo Mini App,2,2,binh_thuong,4
P00044,HS24,B,2026-09-12T21:18:19+07:00,2026-09-12T21:19:00+07:00,41,Zalo Mini App,1,1,binh_thuong,5
P00045,HS29,B,2026-09-12T22:14:33+07:00,2026-09-12T22:14:48+07:00,15,Web,1,1,binh_thuong,
P00046,HS36,A,2026-09-12T19:30:06+07:00,2026-09-12T19:30:27+07:00,21,Ứng dụng trường,1,1,binh_thuong,5
P00047,HS10,A,2026-09-13T06:48:43+07:00,2026-09-13T06:49:28+07:00,45,Zalo Mini App,1,1,binh_thuong,4
P00048,HS22,A,2026-09-13T22:41:53+07:00,2026-09-13T22:42:08+07:00,15,Zalo Mini App,1,1,binh_thuong,5
P00049,HS23,A,2026-09-13T13:19:16+07:00,2026-09-13T13:20:18+07:00,62,Zalo Mini App,2,1,binh_thuong,5
P00050,HS24,B,2026-09-13T06:17:29+07:00,2026-09-13T06:18:24+07:00,55,Zalo Mini App,1,1,binh_thuong,
P00051,HS24,B,2026-09-13T20:41:16+07:00,2026-09-13T20:41:54+07:00,38,Web,1,1,binh_thuong,4
P00052,HS25,A,2026-09-13T23:07:32+07:00,2026-09-13T23:08:04+07:00,32,Zalo Mini App,1,1,binh_thuong,
P00053,HS27,A,2026-09-13T09:21:52+07:00,2026-09-13T09:22:25+07:00,33,Web,2,1,bo_do,4
P00054,HS28,B,2026-09-13T19:58:54+07:00,2026-09-13T19:59:41+07:00,47,Web,2,2,binh_thuong,3
P00055,HS33,A,2026-09-13T22:11:58+07:00,2026-09-13T22:13:40+07:00,102,Zalo Mini App,2,1,bo_do,
P00056,HS34,B,2026-09-13T12:10:48+07:00,2026-09-13T12:11:21+07:00,33,Web,1,1,binh_thuong,
P00057,HS37,B,2026-09-13T22:19:53+07:00,2026-09-13T22:20:11+07:00,18,Zalo Mini App,1,1,binh_thuong,
P00058,HS40,A,2026-09-13T23:23:44+07:00,2026-09-13T23:26:08+07:00,144,Ứng dụng trường,2,2,binh_thuong,5
P00059,HS03,A,2026-09-14T06:52:24+07:00,2026-09-14T06:52:53+07:00,29,Ứng dụng trường,1,1,binh_thuong,
P00060,HS04,A,2026-09-14T19:14:15+07:00,2026-09-14T19:15:59+07:00,104,Zalo Mini App,2,2,binh_thuong,4
P00061,HS06,A,2026-09-14T22:34:05+07:00,2026-09-14T22:35:09+07:00,64,Web,1,1,binh_thuong,5
P00062,HS10,A,2026-09-14T12:47:55+07:00,2026-09-14T12:48:46+07:00,51,Zalo Mini App,2,2,binh_thuong,4
P00063,HS11,A,2026-09-14T23:06:20+07:00,2026-09-14T23:06:38+07:00,18,Web,1,1,binh_thuong,
P00064,HS12,B,2026-09-14T21:28:30+07:00,2026-09-14T21:28:53+07:00,23,Zalo Mini App,1,1,binh_thuong,
P00065,HS15,B,2026-09-14T21:45:27+07:00,2026-09-14T21:46:26+07:00,59,Web,2,2,binh_thuong,5
P00066,HS23,A,2026-09-14T07:59:05+07:00,2026-09-14T07:59:27+07:00,22,Zalo Mini App,1,1,binh_thuong,5
P00067,HS23,A,2026-09-14T18:29:32+07:00,2026-09-14T18:30:01+07:00,29,Zalo Mini App,2,2,binh_thuong,5
P00068,HS26,B,2026-09-14T13:36:50+07:00,2026-09-14T13:37:22+07:00,32,Zalo Mini App,1,1,binh_thuong,
P00069,HS32,A,2026-09-14T22:59:35+07:00,2026-09-14T23:00:00+07:00,25,Web,1,0,binh_thuong,5
P00070,HS35,A,2026-09-14T18:13:22+07:00,2026-09-14T18:13:35+07:00,13,Zalo Mini App,1,1,binh_thuong,
P00071,HS38,B,2026-09-14T20:32:46+07:00,2026-09-14T20:32:58+07:00,12,Web,1,1,binh_thuong,
P00072,HS39,A,2026-09-14T21:17:12+07:00,2026-09-14T21:17:38+07:00,26,Web,1,0,bo_do,
P00073,HS04,A,2026-09-15T21:52:46+07:00,2026-09-15T21:53:13+07:00,27,Zalo Mini App,1,1,binh_thuong,
P00074,HS09,B,2026-09-15T18:50:17+07:00,2026-09-15T18:51:44+07:00,87,Zalo Mini App,2,2,binh_thuong,5
P00075,HS11,A,2026-09-15T17:57:27+07:00,2026-09-15T17:57:55+07:00,28,Web,1,0,bo_do,3
P00076,HS12,B,2026-09-15T10:36:05+07:00,2026-09-15T10:36:37+07:00,32,Zalo Mini App,1,1,binh_thuong,
P00077,HS14,A,2026-09-15T15:02:03+07:00,2026-09-15T15:03:09+07:00,66,Zalo Mini App,1,1,binh_thuong,4
P00078,HS15,B,2026-09-15T21:21:28+07:00,2026-09-15T21:22:28+07:00,60,Web,2,2,binh_thuong,4
P00079,HS15,B,2026-09-15T20:39:21+07:00,2026-09-15T20:39:30+07:00,9,Web,1,1,binh_thuong,4
P00080,HS19,B,2026-09-15T13:51:37+07:00,2026-09-15T13:52:33+07:00,56,Web,2,2,binh_thuong,5
P00081,HS29,B,2026-09-15T23:01:35+07:00,2026-09-15T23:02:32+07:00,57,Web,2,2,binh_thuong,5
P00082,HS31,A,2026-09-15T20:33:27+07:00,2026-09-15T20:34:37+07:00,70,Web,2,0,binh_thuong,3
P00083,HS37,B,2026-09-15T22:18:23+07:00,2026-09-15T22:18:46+07:00,23,Zalo Mini App,1,1,binh_thuong,
P00084,HS39,A,2026-09-15T15:10:09+07:00,2026-09-15T15:10:56+07:00,47,Ứng dụng trường,2,1,binh_thuong,3
P00085,HS39,A,2026-09-15T12:27:33+07:00,2026-09-15T12:28:27+07:00,54,Ứng dụng trường,1,0,binh_thuong,
P00086,HS04,A,2026-09-16T20:34:32+07:00,2026-09-16T20:35:09+07:00,37,Zalo Mini App,1,1,binh_thuong,
P00087,HS04,A,2026-09-16T12:03:39+07:00,2026-09-16T12:04:36+07:00,57,Zalo Mini App,1,0,binh_thuong,
P00088,HS06,A,2026-09-16T22:20:45+07:00,2026-09-16T22:21:36+07:00,51,Zalo Mini App,2,2,binh_thuong,
P00089,HS09,B,2026-09-16T13:51:34+07:00,2026-09-16T13:51:51+07:00,17,Ứng dụng trường,1,1,binh_thuong,5
P00090,HS12,B,2026-09-16T22:42:17+07:00,2026-09-16T22:42:50+07:00,33,Zalo Mini App,1,1,binh_thuong,5
P00091,HS14,A,2026-09-16T20:19:03+07:00,2026-09-16T20:19:27+07:00,24,Zalo Mini App,1,1,binh_thuong,5
P00092,HS16,B,2026-09-16T12:33:56+07:00,2026-09-16T12:34:50+07:00,54,Web,1,0,binh_thuong,5
P00093,HS27,A,2026-09-16T07:53:21+07:00,2026-09-16T07:53:44+07:00,23,Web,1,0,binh_thuong,
P00094,HS35,A,2026-09-16T22:34:19+07:00,2026-09-16T22:35:43+07:00,84,Zalo Mini App,3,1,binh_thuong,5
P00095,HS40,A,2026-09-16T19:05:37+07:00,2026-09-16T19:05:59+07:00,22,Ứng dụng trường,1,0,bo_do,3
P00096,HS01,B,2026-09-17T06:05:58+07:00,2026-09-17T06:07:32+07:00,94,Web,4,4,binh_thuong,5
P00097,HS02,B,2026-09-17T22:51:58+07:00,2026-09-17T22:54:26+07:00,148,Zalo Mini App,1,1,binh_thuong,4
P00098,HS02,B,2026-09-17T21:20:56+07:00,2026-09-17T21:21:14+07:00,18,Zalo Mini App,1,1,binh_thuong,4
P00099,HS03,A,2026-09-17T21:21:12+07:00,2026-09-17T21:21:46+07:00,34,Ứng dụng trường,2,0,binh_thuong,4
P00100,HS10,A,2026-09-17T18:57:51+07:00,2026-09-17T18:59:23+07:00,92,Zalo Mini App,2,1,binh_thuong,
P00101,HS11,A,2026-09-17T20:07:59+07:00,2026-09-17T20:08:48+07:00,49,Web,2,2,binh_thuong,4
P00102,HS13,B,2026-09-17T22:00:06+07:00,2026-09-17T22:00:32+07:00,26,Ứng dụng trường,1,1,binh_thuong,4
P00103,HS15,B,2026-09-17T21:12:45+07:00,2026-09-17T21:13:57+07:00,72,Ứng dụng trường,3,3,binh_thuong,5
P00104,HS21,A,2026-09-17T20:41:59+07:00,2026-09-17T20:42:34+07:00,35,Web,1,1,binh_thuong,4
P00105,HS23,A,2026-09-17T20:00:59+07:00,2026-09-17T20:01:34+07:00,35,Zalo Mini App,1,1,binh_thuong,
P00106,HS23,A,2026-09-17T18:38:19+07:00,2026-09-17T18:38:57+07:00,38,Web,1,0,binh_thuong,4
P00107,HS27,A,2026-09-17T20:19:25+07:00,2026-09-17T20:20:27+07:00,62,Web,2,0,binh_thuong,3
P00108,HS28,B,2026-09-17T21:04:39+07:00,2026-09-17T21:06:37+07:00,118,Web,3,3,binh_thuong,4
P00109,HS29,B,2026-09-17T22:11:37+07:00,2026-09-17T22:12:55+07:00,78,Web,2,2,binh_thuong,5
P00110,HS29,B,2026-09-17T06:18:10+07:00,2026-09-17T06:18:34+07:00,24,Web,1,1,binh_thuong,
P00111,HS32,A,2026-09-17T13:55:52+07:00,2026-09-17T13:57:35+07:00,103,Web,2,2,binh_thuong,5
P00112,HS34,B,2026-09-17T19:24:49+07:00,2026-09-17T19:25:30+07:00,41,Web,1,1,binh_thuong,4
P00113,HS38,B,2026-09-17T21:17:32+07:00,2026-09-17T21:18:07+07:00,35,Web,1,1,binh_thuong,4
P00114,HS40,A,2026-09-17T21:23:22+07:00,2026-09-17T21:23:41+07:00,19,Ứng dụng trường,1,1,binh_thuong,5
P00115,HS08,B,2026-09-18T20:19:06+07:00,2026-09-18T20:20:27+07:00,81,Zalo Mini App,2,2,binh_thuong,
P00116,HS10,A,2026-09-18T22:09:34+07:00,2026-09-18T22:10:51+07:00,77,Zalo Mini App,1,1,binh_thuong,5
P00117,HS11,A,2026-09-18T22:28:55+07:00,2026-09-18T22:30:01+07:00,66,Web,2,1,binh_thuong,
P00118,HS12,B,2026-09-18T22:19:13+07:00,2026-09-18T22:19:34+07:00,21,Zalo Mini App,1,1,binh_thuong,4
P00119,HS13,B,2026-09-18T22:54:37+07:00,2026-09-18T22:55:36+07:00,59,Ứng dụng trường,2,2,binh_thuong,4
P00120,HS13,B,2026-09-18T06:53:29+07:00,2026-09-18T06:53:57+07:00,28,Ứng dụng trường,1,1,binh_thuong,5
P00121,HS14,A,2026-09-18T13:30:16+07:00,2026-09-18T13:30:41+07:00,25,Zalo Mini App,1,1,binh_thuong,5
P00122,HS15,B,2026-09-18T17:27:33+07:00,2026-09-18T17:29:07+07:00,94,Web,2,2,binh_thuong,5
P00123,HS17,B,2026-09-18T08:51:09+07:00,2026-09-18T08:54:11+07:00,182,Web,2,2,binh_thuong,5
P00124,HS23,A,2026-09-18T10:37:40+07:00,2026-09-18T10:38:36+07:00,56,Zalo Mini App,2,1,binh_thuong,4
P00125,HS24,B,2026-09-18T14:10:47+07:00,2026-09-18T14:11:32+07:00,45,Zalo Mini App,2,2,binh_thuong,5
P00126,HS24,B,2026-09-18T11:46:38+07:00,2026-09-18T11:46:48+07:00,10,Zalo Mini App,1,1,binh_thuong,4
P00127,HS24,B,2026-09-18T15:16:21+07:00,2026-09-18T15:17:08+07:00,47,Zalo Mini App,2,2,binh_thuong,
P00128,HS25,A,2026-09-18T19:20:37+07:00,2026-09-18T19:20:55+07:00,18,Web,1,1,binh_thuong,
P00129,HS29,B,2026-09-18T21:49:27+07:00,2026-09-18T21:49:53+07:00,26,Web,1,1,binh_thuong,4
P00130,HS34,B,2026-09-18T21:45:56+07:00,2026-09-18T21:46:43+07:00,47,Web,2,2,binh_thuong,5
P00131,HS35,A,2026-09-18T21:24:01+07:00,2026-09-18T21:25:05+07:00,64,Ứng dụng trường,2,2,binh_thuong,5
P00132,HS38,B,2026-09-18T23:37:20+07:00,2026-09-18T23:38:38+07:00,78,Web,2,2,binh_thuong,5
P00133,HS03,A,2026-09-19T19:13:11+07:00,2026-09-19T19:13:49+07:00,38,Ứng dụng trường,1,1,binh_thuong,4
P00134,HS12,B,2026-09-19T13:30:06+07:00,2026-09-19T13:31:04+07:00,58,Zalo Mini App,2,2,binh_thuong,5
P00135,HS24,B,2026-09-19T23:56:32+07:00,2026-09-19T23:57:20+07:00,48,Zalo Mini App,2,2,binh_thuong,5
P00136,HS33,A,2026-09-19T21:01:57+07:00,2026-09-19T21:03:01+07:00,64,Ứng dụng trường,3,1,binh_thuong,2
P00137,HS33,A,2026-09-19T23:27:07+07:00,2026-09-19T23:27:33+07:00,26,Zalo Mini App,1,1,binh_thuong,4
P00138,HS35,A,2026-09-19T16:52:35+07:00,2026-09-19T16:53:41+07:00,66,Zalo Mini App,1,1,binh_thuong,4
P00139,HS01,B,2026-09-20T12:56:07+07:00,2026-09-20T12:58:11+07:00,124,Web,2,2,binh_thuong,4
P00140,HS03,A,2026-09-20T19:24:55+07:00,2026-09-20T19:26:10+07:00,75,Ứng dụng trường,3,3,binh_thuong,5
P00141,HS04,A,2026-09-20T18:24:57+07:00,2026-09-20T18:25:23+07:00,26,Zalo Mini App,2,2,binh_thuong,5
P00142,HS06,A,2026-09-20T12:21:17+07:00,2026-09-20T12:22:51+07:00,94,Web,2,1,bo_do,4
P00143,HS12,B,2026-09-20T16:27:39+07:00,2026-09-20T16:29:27+07:00,108,Zalo Mini App,3,3,binh_thuong,5
P00144,HS12,B,2026-09-20T23:24:54+07:00,2026-09-20T23:25:36+07:00,42,Ứng dụng trường,1,1,binh_thuong,
P00145,HS18,B,2026-09-20T18:34:03+07:00,2026-09-20T18:35:23+07:00,80,Ứng dụng trường,3,3,binh_thuong,5
P00146,HS18,B,2026-09-20T17:47:26+07:00,2026-09-20T17:47:53+07:00,27,Ứng dụng trường,1,1,binh_thuong,
P00147,HS22,A,2026-09-20T22:03:08+07:00,2026-09-20T22:04:22+07:00,74,Web,2,1,binh_thuong,5
P00148,HS24,B,2026-09-20T22:03:56+07:00,2026-09-20T22:04:29+07:00,33,Zalo Mini App,1,1,binh_thuong,4
P00149,HS25,A,2026-09-20T19:20:08+07:00,2026-09-20T19:20:21+07:00,13,Ứng dụng trường,1,0,binh_thuong,
P00150,HS29,B,2026-09-20T09:57:24+07:00,2026-09-20T09:58:53+07:00,89,Web,3,3,binh_thuong,
P00151,HS33,A,2026-09-20T22:33:14+07:00,2026-09-20T22:34:37+07:00,83,Zalo Mini App,1,1,binh_thuong,5
P00152,HS34,B,2026-09-20T21:53:47+07:00,2026-09-20T21:54:02+07:00,15,Web,1,1,binh_thuong,
P00153,HS35,A,2026-09-20T13:04:09+07:00,2026-09-20T13:04:32+07:00,23,Zalo Mini App,1,1,binh_thuong,4
P00154,HS39,A,2026-09-20T15:12:26+07:00,2026-09-20T15:13:22+07:00,56,Ứng dụng trường,3,3,binh_thuong,
P00155,HS01,B,2026-09-21T22:53:40+07:00,2026-09-21T22:56:50+07:00,190,Web,3,3,binh_thuong,5
P00156,HS03,A,2026-09-21T20:11:43+07:00,2026-09-21T20:12:31+07:00,48,Ứng dụng trường,2,2,binh_thuong,
P00157,HS08,B,2026-09-21T19:23:01+07:00,2026-09-21T19:23:39+07:00,38,Zalo Mini App,2,2,binh_thuong,5
P00158,HS09,B,2026-09-21T16:17:50+07:00,2026-09-21T16:18:56+07:00,66,Zalo Mini App,2,2,binh_thuong,4
P00159,HS10,A,2026-09-21T21:57:07+07:00,2026-09-21T21:58:24+07:00,77,Zalo Mini App,2,2,binh_thuong,4
P00160,HS12,B,2026-09-21T20:00:25+07:00,2026-09-21T20:02:35+07:00,130,Zalo Mini App,4,4,binh_thuong,
P00161,HS13,B,2026-09-21T21:10:17+07:00,2026-09-21T21:10:33+07:00,16,Ứng dụng trường,1,1,binh_thuong,5
P00162,HS21,A,2026-09-21T17:56:57+07:00,2026-09-21T17:57:22+07:00,25,Zalo Mini App,1,1,binh_thuong,4
P00163,HS25,A,2026-09-21T17:15:58+07:00,2026-09-21T17:17:15+07:00,77,Web,2,2,binh_thuong,4
P00164,HS25,A,2026-09-21T23:18:38+07:00,2026-09-21T23:20:15+07:00,97,Web,2,1,binh_thuong,4
P00165,HS30,A,2026-09-21T20:50:27+07:00,2026-09-21T20:51:30+07:00,63,Zalo Mini App,1,0,binh_thuong,
P00166,HS31,A,2026-09-21T12:22:37+07:00,2026-09-21T12:23:26+07:00,49,Zalo Mini App,1,0,bo_do,
P00167,HS36,A,2026-09-21T06:26:08+07:00,2026-09-21T06:26:57+07:00,49,Web,2,1,binh_thuong,3
P00168,HS39,A,2026-09-21T06:16:42+07:00,2026-09-21T06:16:57+07:00,15,Ứng dụng trường,1,0,binh_thuong,
P00169,HS40,A,2026-09-21T18:39:53+07:00,2026-09-21T18:40:16+07:00,23,Ứng dụng trường,1,0,bo_do,3
P00170,HS11,A,2026-09-22T20:49:02+07:00,2026-09-22T20:49:42+07:00,40,Web,1,1,binh_thuong,4
P00171,HS11,A,2026-09-22T17:01:13+07:00,2026-09-22T17:01:50+07:00,37,Web,2,1,bo_do,
P00172,HS11,A,2026-09-22T12:26:13+07:00,2026-09-22T12:27:33+07:00,80,Web,2,2,binh_thuong,4
P00173,HS14,A,2026-09-22T13:26:06+07:00,2026-09-22T13:26:32+07:00,26,Ứng dụng trường,1,1,binh_thuong,4
P00174,HS16,B,2026-09-22T21:54:30+07:00,2026-09-22T21:55:13+07:00,43,Web,1,1,binh_thuong,
P00175,HS19,B,2026-09-22T10:06:46+07:00,2026-09-22T10:08:02+07:00,76,Zalo Mini App,2,2,binh_thuong,4
P00176,HS20,A,2026-09-22T13:17:24+07:00,2026-09-22T13:18:06+07:00,42,Zalo Mini App,1,1,binh_thuong,
P00177,HS24,B,2026-09-22T19:52:25+07:00,2026-09-22T19:54:08+07:00,103,Zalo Mini App,2,2,binh_thuong,4
P00178,HS27,A,2026-09-22T21:25:10+07:00,2026-09-22T21:25:51+07:00,41,Web,1,0,binh_thuong,5
P00179,HS30,A,2026-09-22T22:38:27+07:00,2026-09-22T22:38:55+07:00,28,Zalo Mini App,1,0,bo_do,
P00180,HS31,A,2026-09-22T21:51:59+07:00,2026-09-22T21:53:43+07:00,104,Zalo Mini App,2,2,binh_thuong,
P00181,HS38,B,2026-09-22T12:39:03+07:00,2026-09-22T12:39:16+07:00,13,Web,1,1,binh_thuong,5
P00182,HS03,A,2026-09-23T19:23:34+07:00,2026-09-23T19:23:59+07:00,25,Ứng dụng trường,1,0,binh_thuong,
P00183,HS04,A,2026-09-23T20:18:01+07:00,2026-09-23T20:18:54+07:00,53,Zalo Mini App,1,1,binh_thuong,4
P00184,HS04,A,2026-09-23T22:56:31+07:00,2026-09-23T22:58:42+07:00,131,Zalo Mini App,1,0,bo_do,4
P00185,HS09,B,2026-09-23T21:10:38+07:00,2026-09-23T21:12:05+07:00,87,Web,2,2,binh_thuong,5
P00186,HS15,B,2026-09-23T20:29:37+07:00,2026-09-23T20:30:57+07:00,80,Web,3,3,binh_thuong,5
P00187,HS16,B,2026-09-23T20:42:47+07:00,2026-09-23T20:44:29+07:00,102,Web,2,2,binh_thuong,4
P00188,HS27,A,2026-09-23T18:11:38+07:00,2026-09-23T18:12:35+07:00,57,Web,2,1,binh_thuong,4
P00189,HS29,B,2026-09-23T22:52:32+07:00,2026-09-23T22:54:01+07:00,89,Web,2,2,binh_thuong,5
P00190,HS33,A,2026-09-23T11:09:44+07:00,2026-09-23T11:10:55+07:00,71,Zalo Mini App,2,1,bo_do,
P00191,HS33,A,2026-09-23T21:12:25+07:00,2026-09-23T21:14:19+07:00,114,Zalo Mini App,3,3,binh_thuong,5
P00192,HS38,B,2026-09-23T21:43:34+07:00,2026-09-23T21:43:59+07:00,25,Web,1,1,binh_thuong,4
P00193,HS39,A,2026-09-23T20:39:05+07:00,2026-09-23T20:39:31+07:00,26,Ứng dụng trường,1,1,binh_thuong,
P00194,HS40,A,2026-09-23T06:43:07+07:00,2026-09-23T06:43:34+07:00,27,Zalo Mini App,1,0,binh_thuong,4
P00195,HS08,B,2026-09-24T18:41:02+07:00,2026-09-24T18:42:34+07:00,92,Zalo Mini App,2,1,binh_thuong,
P00196,HS11,A,2026-09-24T17:42:14+07:00,2026-09-24T17:42:47+07:00,33,Web,1,1,binh_thuong,
P00197,HS12,B,2026-09-24T21:00:52+07:00,2026-09-24T21:01:01+07:00,9,Zalo Mini App,1,1,binh_thuong,
P00198,HS19,B,2026-09-24T22:04:32+07:00,2026-09-24T22:05:50+07:00,78,Web,2,1,binh_thuong,4
P00199,HS27,A,2026-09-24T20:53:55+07:00,2026-09-24T20:54:28+07:00,33,Web,1,1,binh_thuong,
P00200,HS32,A,2026-09-24T21:12:26+07:00,2026-09-24T21:12:58+07:00,32,Web,1,1,binh_thuong,4
P00201,HS32,A,2026-09-24T19:41:00+07:00,2026-09-24T19:41:23+07:00,23,Zalo Mini App,1,1,binh_thuong,5
P00202,HS34,B,2026-09-24T20:57:46+07:00,2026-09-24T20:58:19+07:00,33,Web,1,1,binh_thuong,5
P00203,HS38,B,2026-09-24T21:16:00+07:00,2026-09-24T21:16:45+07:00,45,Web,1,1,binh_thuong,
P00204,HS38,B,2026-09-24T12:56:37+07:00,2026-09-24T12:57:06+07:00,29,Web,2,2,binh_thuong,4
P00205,HS03,A,2026-09-25T16:51:55+07:00,2026-09-25T16:52:40+07:00,45,Ứng dụng trường,2,2,binh_thuong,5
P00206,HS04,A,2026-09-25T18:11:44+07:00,2026-09-25T18:12:13+07:00,29,Web,1,1,binh_thuong,
P00207,HS06,A,2026-09-25T06:35:55+07:00,2026-09-25T06:36:28+07:00,33,Web,1,1,binh_thuong,5
P00208,HS10,A,2026-09-25T17:45:50+07:00,2026-09-25T17:46:10+07:00,20,Zalo Mini App,1,1,binh_thuong,5
P00209,HS12,B,2026-09-25T21:22:26+07:00,2026-09-25T21:22:54+07:00,28,Zalo Mini App,2,2,binh_thuong,4
P00210,HS13,B,2026-09-25T20:40:43+07:00,2026-09-25T20:41:23+07:00,40,Ứng dụng trường,2,2,binh_thuong,5
P00211,HS18,B,2026-09-25T09:46:52+07:00,2026-09-25T09:49:33+07:00,161,Ứng dụng trường,3,3,binh_thuong,
P00212,HS18,B,2026-09-25T08:05:49+07:00,2026-09-25T08:06:24+07:00,35,Ứng dụng trường,1,1,binh_thuong,4
P00213,HS19,B,2026-09-25T21:06:16+07:00,2026-09-25T21:06:26+07:00,10,Web,1,1,binh_thuong,5
P00214,HS22,A,2026-09-25T10:35:57+07:00,2026-09-25T10:36:34+07:00,37,Zalo Mini App,1,1,binh_thuong,4
P00215,HS23,A,2026-09-25T16:19:07+07:00,2026-09-25T16:20:19+07:00,72,Web,2,2,binh_thuong,4
P00216,HS11,A,2026-09-26T17:53:25+07:00,2026-09-26T17:53:59+07:00,34,Web,1,1,binh_thuong,4
P00217,HS13,B,2026-09-26T18:38:54+07:00,2026-09-26T18:39:09+07:00,15,Ứng dụng trường,1,1,binh_thuong,
P00218,HS21,A,2026-09-26T19:13:07+07:00,2026-09-26T19:14:15+07:00,68,Web,2,2,binh_thuong,4
P00219,HS23,A,2026-09-26T12:24:25+07:00,2026-09-26T12:25:07+07:00,42,Zalo Mini App,1,0,bo_do,
P00220,HS29,B,2026-09-26T12:39:14+07:00,2026-09-26T12:41:27+07:00,133,Web,4,4,binh_thuong,5
P00221,HS06,A,2026-09-27T21:13:59+07:00,2026-09-27T21:14:37+07:00,38,Web,2,2,binh_thuong,5
P00222,HS09,B,2026-09-27T18:43:07+07:00,2026-09-27T18:43:58+07:00,51,Web,1,1,binh_thuong,4
P00223,HS12,B,2026-09-27T23:53:45+07:00,2026-09-27T23:54:23+07:00,38,Zalo Mini App,1,1,binh_thuong,4
P00224,HS12,B,2026-09-27T08:29:44+07:00,2026-09-27T08:30:52+07:00,68,Zalo Mini App,1,1,binh_thuong,4
P00225,HS19,B,2026-09-27T21:27:04+07:00,2026-09-27T21:28:50+07:00,106,Web,2,2,binh_thuong,5
P00226,HS19,B,2026-09-27T22:02:42+07:00,2026-09-27T22:03:41+07:00,59,Web,2,2,binh_thuong,
P00227,HS22,A,2026-09-27T20:19:29+07:00,2026-09-27T20:19:52+07:00,23,Zalo Mini App,1,1,binh_thuong,
P00228,HS29,B,2026-09-27T20:08:29+07:00,2026-09-27T20:09:02+07:00,33,Web,1,1,binh_thuong,
P00229,HS30,A,2026-09-27T19:50:57+07:00,2026-09-27T19:51:32+07:00,35,Web,1,1,binh_thuong,5
P00230,HS30,A,2026-09-27T23:40:34+07:00,2026-09-27T23:40:58+07:00,24,Zalo Mini App,1,0,binh_thuong,3
P00231,HS32,A,2026-09-27T22:52:16+07:00,2026-09-27T22:54:11+07:00,115,Web,3,3,binh_thuong,
P00232,HS34,B,2026-09-27T19:32:22+07:00,2026-09-27T19:33:40+07:00,78,Web,2,2,binh_thuong,
P00233,HS04,A,2026-09-28T07:23:49+07:00,2026-09-28T07:25:00+07:00,71,Zalo Mini App,2,2,binh_thuong,5
P00234,HS04,A,2026-09-28T23:57:21+07:00,2026-09-28T23:58:09+07:00,48,Zalo Mini App,3,1,bo_do,
P00235,HS11,A,2026-09-28T22:17:12+07:00,2026-09-28T22:18:35+07:00,83,Web,3,2,binh_thuong,
P00236,HS12,B,2026-09-28T12:49:48+07:00,2026-09-28T12:52:05+07:00,137,Ứng dụng trường,4,4,binh_thuong,
P00237,HS20,A,2026-09-28T21:35:12+07:00,2026-09-28T21:35:57+07:00,45,Ứng dụng trường,2,1,bo_do,3
P00238,HS24,B,2026-09-28T06:27:13+07:00,2026-09-28T06:27:40+07:00,27,Zalo Mini App,1,0,binh_thuong,4
P00239,HS24,B,2026-09-28T19:01:17+07:00,2026-09-28T19:01:38+07:00,21,Web,1,1,binh_thuong,
P00240,HS28,B,2026-09-28T17:05:10+07:00,2026-09-28T17:06:15+07:00,65,Web,2,2,binh_thuong,5
P00241,HS31,A,2026-09-28T23:39:34+07:00,2026-09-28T23:40:34+07:00,60,Zalo Mini App,2,2,binh_thuong,5
P00242,HS34,B,2026-09-28T17:55:09+07:00,2026-09-28T17:56:10+07:00,61,Web,3,3,binh_thuong,5
P00243,HS34,B,2026-09-28T16:25:38+07:00,2026-09-28T16:26:23+07:00,45,Web,2,2,binh_thuong,
P00244,HS38,B,2026-09-28T21:25:24+07:00,2026-09-28T21:26:56+07:00,92,Web,2,2,binh_thuong,4
P00245,HS08,B,2026-09-29T21:26:55+07:00,2026-09-29T21:27:19+07:00,24,Zalo Mini App,1,1,binh_thuong,4
P00246,HS10,A,2026-09-29T19:13:21+07:00,2026-09-29T19:15:32+07:00,131,Zalo Mini App,3,3,binh_thuong,
P00247,HS11,A,2026-09-29T20:36:51+07:00,2026-09-29T20:37:53+07:00,62,Web,2,1,binh_thuong,4
P00248,HS14,A,2026-09-29T23:49:54+07:00,2026-09-29T23:51:11+07:00,77,Zalo Mini App,2,2,binh_thuong,5
P00249,HS19,B,2026-09-29T16:03:13+07:00,2026-09-29T16:03:59+07:00,46,Web,2,2,binh_thuong,4
P00250,HS20,A,2026-09-29T05:06:50+07:00,2026-09-29T05:07:32+07:00,42,Ứng dụng trường,2,0,bo_do,
P00251,HS23,A,2026-09-29T11:51:01+07:00,2026-09-29T11:51:26+07:00,25,Zalo Mini App,1,1,binh_thuong,4
P00252,HS39,A,2026-09-29T23:10:13+07:00,2026-09-29T23:10:26+07:00,13,Ứng dụng trường,1,1,binh_thuong,
P00253,HS03,A,2026-09-30T22:54:35+07:00,2026-09-30T22:56:46+07:00,131,Ứng dụng trường,3,1,binh_thuong,
P00254,HS07,B,2026-09-30T14:17:51+07:00,2026-09-30T14:18:59+07:00,68,Ứng dụng trường,2,2,binh_thuong,5
P00255,HS10,A,2026-09-30T21:13:50+07:00,2026-09-30T21:14:47+07:00,57,Zalo Mini App,2,2,binh_thuong,4
P00256,HS10,A,2026-09-30T18:41:59+07:00,2026-09-30T18:43:27+07:00,88,Zalo Mini App,2,2,binh_thuong,4
P00257,HS16,B,2026-09-30T18:55:38+07:00,2026-09-30T18:55:58+07:00,20,Web,1,1,binh_thuong,5
P00258,HS16,B,2026-09-30T06:36:00+07:00,2026-09-30T06:36:36+07:00,36,Web,2,2,binh_thuong,
P00259,HS16,B,2026-09-30T21:59:04+07:00,2026-09-30T21:59:46+07:00,42,Web,1,1,binh_thuong,
P00260,HS20,A,2026-09-30T21:09:03+07:00,2026-09-30T21:09:25+07:00,22,Zalo Mini App,1,1,binh_thuong,4
P00261,HS20,A,2026-09-30T23:29:24+07:00,2026-09-30T23:30:27+07:00,63,Ứng dụng trường,3,3,binh_thuong,5
P00262,HS21,A,2026-09-30T22:12:19+07:00,2026-09-30T22:13:03+07:00,44,Web,2,2,binh_thuong,
P00263,HS24,B,2026-09-30T11:15:29+07:00,2026-09-30T11:16:06+07:00,37,Zalo Mini App,1,1,binh_thuong,5
P00264,HS31,A,2026-09-30T20:46:13+07:00,2026-09-30T20:47:19+07:00,66,Zalo Mini App,2,2,binh_thuong,
P00265,HS35,A,2026-09-30T21:35:41+07:00,2026-09-30T21:36:00+07:00,19,Zalo Mini App,1,1,binh_thuong,
P00266,HS37,B,2026-09-30T11:26:52+07:00,2026-09-30T11:27:57+07:00,65,Ứng dụng trường,1,1,binh_thuong,4
P00267,HS38,B,2026-09-30T21:48:03+07:00,2026-09-30T21:49:23+07:00,80,Web,2,2,binh_thuong,5
P00268,HS01,B,2026-10-01T20:14:13+07:00,2026-10-01T20:14:36+07:00,23,Web,1,1,binh_thuong,
P00269,HS02,B,2026-10-01T17:01:59+07:00,2026-10-01T17:02:22+07:00,23,Zalo Mini App,1,1,binh_thuong,5
P00270,HS04,A,2026-10-01T20:55:09+07:00,2026-10-01T20:56:29+07:00,80,Zalo Mini App,2,2,binh_thuong,5
P00271,HS05,B,2026-10-01T22:24:21+07:00,2026-10-01T22:24:33+07:00,12,Ứng dụng trường,1,1,binh_thuong,4
P00272,HS20,A,2026-10-01T19:40:27+07:00,2026-10-01T19:41:14+07:00,47,Zalo Mini App,1,1,binh_thuong,5
P00273,HS22,A,2026-10-01T19:26:49+07:00,2026-10-01T19:29:53+07:00,184,Zalo Mini App,1,1,binh_thuong,
P00274,HS23,A,2026-10-01T06:34:11+07:00,2026-10-01T06:34:52+07:00,41,Zalo Mini App,2,2,binh_thuong,5
P00275,HS28,B,2026-10-01T22:55:37+07:00,2026-10-01T22:57:24+07:00,107,Web,3,3,binh_thuong,5
P00276,HS34,B,2026-10-01T20:42:43+07:00,2026-10-01T20:43:48+07:00,65,Web,2,2,binh_thuong,5
P00277,HS36,A,2026-10-01T19:53:13+07:00,2026-10-01T19:54:19+07:00,66,Zalo Mini App,1,1,binh_thuong,5
P00278,HS40,A,2026-10-01T16:41:57+07:00,2026-10-01T16:42:22+07:00,25,Ứng dụng trường,1,0,binh_thuong,
P00279,HS40,A,2026-10-01T19:20:54+07:00,2026-10-01T19:21:56+07:00,62,Ứng dụng trường,2,1,binh_thuong,4
P00280,HS01,B,2026-10-02T20:48:03+07:00,2026-10-02T20:49:18+07:00,75,Web,2,2,binh_thuong,
P00281,HS12,B,2026-10-02T20:53:15+07:00,2026-10-02T20:54:17+07:00,62,Zalo Mini App,3,3,binh_thuong,5
P00282,HS12,B,2026-10-02T14:25:54+07:00,2026-10-02T14:27:01+07:00,67,Zalo Mini App,3,3,binh_thuong,
P00283,HS13,B,2026-10-02T22:38:24+07:00,2026-10-02T22:39:24+07:00,60,Ứng dụng trường,2,2,binh_thuong,
P00284,HS19,B,2026-10-02T21:31:33+07:00,2026-10-02T21:31:52+07:00,19,Web,1,1,binh_thuong,4
P00285,HS27,A,2026-10-02T12:45:22+07:00,2026-10-02T12:46:01+07:00,39,Web,1,0,binh_thuong,
P00286,HS30,A,2026-10-02T22:24:19+07:00,2026-10-02T22:25:29+07:00,70,Zalo Mini App,3,2,binh_thuong,3
P00287,HS30,A,2026-10-02T22:31:57+07:00,2026-10-02T22:32:50+07:00,53,Zalo Mini App,1,1,binh_thuong,5
P00288,HS33,A,2026-10-02T21:55:35+07:00,2026-10-02T21:56:02+07:00,27,Zalo Mini App,2,2,binh_thuong,5
P00289,HS39,A,2026-10-02T12:17:39+07:00,2026-10-02T12:19:37+07:00,118,Ứng dụng trường,2,2,binh_thuong,5
P00290,HS39,A,2026-10-02T20:59:29+07:00,2026-10-02T20:59:55+07:00,26,Ứng dụng trường,1,1,binh_thuong,
P00291,HS40,A,2026-10-02T21:15:37+07:00,2026-10-02T21:15:54+07:00,17,Ứng dụng trường,1,0,binh_thuong,4
P00292,HS04,A,2026-10-03T22:47:07+07:00,2026-10-03T22:48:01+07:00,54,Zalo Mini App,3,3,binh_thuong,5
P00293,HS09,B,2026-10-03T20:53:52+07:00,2026-10-03T20:55:00+07:00,68,Web,3,3,binh_thuong,5
P00294,HS14,A,2026-10-03T21:51:04+07:00,2026-10-03T21:51:48+07:00,44,Zalo Mini App,2,2,binh_thuong,4
P00295,HS29,B,2026-10-03T13:56:37+07:00,2026-10-03T13:57:26+07:00,49,Ứng dụng trường,1,1,binh_thuong,4
P00296,HS30,A,2026-10-03T06:41:07+07:00,2026-10-03T06:43:29+07:00,142,Zalo Mini App,3,1,bo_do,4
P00297,HS32,A,2026-10-03T09:17:00+07:00,2026-10-03T09:17:12+07:00,12,Web,1,0,bo_do,
P00298,HS35,A,2026-10-03T12:09:15+07:00,2026-10-03T12:11:18+07:00,123,Zalo Mini App,3,3,binh_thuong,5
P00299,HS01,B,2026-10-04T21:10:45+07:00,2026-10-04T21:10:55+07:00,10,Web,1,1,binh_thuong,
P00300,HS03,A,2026-10-04T06:50:38+07:00,2026-10-04T06:51:18+07:00,40,Ứng dụng trường,1,1,binh_thuong,4
P00301,HS04,A,2026-10-04T18:26:25+07:00,2026-10-04T18:26:54+07:00,29,Zalo Mini App,1,1,binh_thuong,5
P00302,HS05,B,2026-10-04T18:33:25+07:00,2026-10-04T18:34:05+07:00,40,Web,1,1,binh_thuong,5
P00303,HS06,A,2026-10-04T12:52:24+07:00,2026-10-04T12:53:20+07:00,56,Web,2,1,binh_thuong,
P00304,HS10,A,2026-10-04T18:38:20+07:00,2026-10-04T18:39:49+07:00,89,Zalo Mini App,1,0,binh_thuong,4
P00305,HS11,A,2026-10-04T19:48:00+07:00,2026-10-04T19:50:04+07:00,124,Web,2,2,binh_thuong,5
P00306,HS12,B,2026-10-04T13:03:14+07:00,2026-10-04T13:04:37+07:00,83,Zalo Mini App,2,2,binh_thuong,4
P00307,HS16,B,2026-10-04T20:00:00+07:00,2026-10-04T20:00:48+07:00,48,Web,2,2,binh_thuong,5
P00308,HS25,A,2026-10-04T12:28:41+07:00,2026-10-04T12:28:51+07:00,10,Web,1,1,binh_thuong,
P00309,HS27,A,2026-10-04T22:20:08+07:00,2026-10-04T22:20:51+07:00,43,Web,2,1,binh_thuong,3
P00310,HS28,B,2026-10-04T19:37:16+07:00,2026-10-04T19:38:53+07:00,97,Web,2,2,binh_thuong,4
P00311,HS31,A,2026-10-04T20:29:28+07:00,2026-10-04T20:30:34+07:00,66,Zalo Mini App,2,1,binh_thuong,3
P00312,HS38,B,2026-10-04T12:27:49+07:00,2026-10-04T12:29:13+07:00,84,Web,3,3,binh_thuong,5
P00313,HS38,B,2026-10-04T20:04:18+07:00,2026-10-04T20:05:56+07:00,98,Web,2,2,binh_thuong,
P00314,HS02,B,2026-10-05T05:25:46+07:00,2026-10-05T05:26:17+07:00,31,Zalo Mini App,2,2,binh_thuong,4
P00315,HS04,A,2026-10-05T16:41:16+07:00,2026-10-05T16:42:23+07:00,67,Zalo Mini App,2,1,bo_do,3
P00316,HS07,B,2026-10-05T21:03:19+07:00,2026-10-05T21:04:28+07:00,69,Ứng dụng trường,1,1,binh_thuong,4
P00317,HS18,B,2026-10-05T18:42:21+07:00,2026-10-05T18:42:59+07:00,38,Ứng dụng trường,2,2,binh_thuong,5
P00318,HS19,B,2026-10-05T18:08:16+07:00,2026-10-05T18:10:12+07:00,116,Ứng dụng trường,2,2,binh_thuong,4
P00319,HS20,A,2026-10-05T19:40:46+07:00,2026-10-05T19:41:51+07:00,65,Ứng dụng trường,2,2,binh_thuong,5
P00320,HS22,A,2026-10-05T12:18:58+07:00,2026-10-05T12:19:34+07:00,36,Zalo Mini App,2,0,bo_do,
P00321,HS26,B,2026-10-05T20:18:27+07:00,2026-10-05T20:18:48+07:00,21,Zalo Mini App,1,1,binh_thuong,5
P00322,HS28,B,2026-10-05T18:37:22+07:00,2026-10-05T18:38:17+07:00,55,Web,2,2,binh_thuong,
P00323,HS29,B,2026-10-05T21:42:19+07:00,2026-10-05T21:42:59+07:00,40,Web,1,1,binh_thuong,
P00324,HS34,B,2026-10-05T17:38:12+07:00,2026-10-05T17:38:35+07:00,23,Web,1,1,binh_thuong,4
P00325,HS35,A,2026-10-05T16:17:45+07:00,2026-10-05T16:18:08+07:00,23,Zalo Mini App,1,1,binh_thuong,5
P00326,HS37,B,2026-10-05T22:11:23+07:00,2026-10-05T22:12:24+07:00,61,Zalo Mini App,1,1,binh_thuong,4
P00327,HS39,A,2026-10-05T20:02:58+07:00,2026-10-05T20:03:33+07:00,35,Ứng dụng trường,1,0,binh_thuong,5
P00328,HS02,B,2026-10-06T20:09:05+07:00,2026-10-06T20:10:17+07:00,72,Zalo Mini App,2,2,binh_thuong,4
P00329,HS02,B,2026-10-06T13:45:31+07:00,2026-10-06T13:45:59+07:00,28,Zalo Mini App,1,1,binh_thuong,
P00330,HS10,A,2026-10-06T21:58:27+07:00,2026-10-06T21:59:21+07:00,54,Zalo Mini App,2,1,binh_thuong,5
P00331,HS11,A,2026-10-06T17:24:27+07:00,2026-10-06T17:25:13+07:00,46,Web,1,1,binh_thuong,4
P00332,HS12,B,2026-10-06T20:03:44+07:00,2026-10-06T20:04:47+07:00,63,Zalo Mini App,2,2,binh_thuong,
P00333,HS22,A,2026-10-06T07:46:15+07:00,2026-10-06T07:46:37+07:00,22,Zalo Mini App,1,1,binh_thuong,5
P00334,HS22,A,2026-10-06T17:26:20+07:00,2026-10-06T17:26:48+07:00,28,Zalo Mini App,1,1,binh_thuong,
P00335,HS23,A,2026-10-06T21:03:40+07:00,2026-10-06T21:04:06+07:00,26,Zalo Mini App,1,0,bo_do,3
P00336,HS26,B,2026-10-06T09:45:27+07:00,2026-10-06T09:46:38+07:00,71,Zalo Mini App,3,3,binh_thuong,5
P00337,HS33,A,2026-10-06T05:06:05+07:00,2026-10-06T05:07:34+07:00,89,Zalo Mini App,2,2,binh_thuong,4
P00338,HS34,B,2026-10-06T13:20:42+07:00,2026-10-06T13:22:33+07:00,111,Web,3,3,binh_thuong,4
P00339,HS01,B,2026-10-07T17:25:11+07:00,2026-10-07T17:25:55+07:00,44,Zalo Mini App,2,2,binh_thuong,4
P00340,HS01,B,2026-10-07T06:18:19+07:00,2026-10-07T06:19:08+07:00,49,Ứng dụng trường,2,2,binh_thuong,5
P00341,HS03,A,2026-10-07T22:37:47+07:00,2026-10-07T22:39:22+07:00,95,Ứng dụng trường,3,3,binh_thuong,5
P00342,HS03,A,2026-10-07T23:04:15+07:00,2026-10-07T23:04:58+07:00,43,Ứng dụng trường,2,2,binh_thuong,5
P00343,HS10,A,2026-10-07T21:12:46+07:00,2026-10-07T21:13:29+07:00,43,Zalo Mini App,1,0,binh_thuong,
P00344,HS14,A,2026-10-07T20:37:56+07:00,2026-10-07T20:38:34+07:00,38,Zalo Mini App,1,1,binh_thuong,5
P00345,HS21,A,2026-10-07T06:41:08+07:00,2026-10-07T06:41:58+07:00,50,Web,2,2,binh_thuong,4
P00346,HS21,A,2026-10-07T20:50:57+07:00,2026-10-07T20:51:37+07:00,40,Web,1,1,binh_thuong,5
P00347,HS23,A,2026-10-07T17:36:05+07:00,2026-10-07T17:38:48+07:00,163,Zalo Mini App,1,1,binh_thuong,5
P00348,HS23,A,2026-10-07T18:21:48+07:00,2026-10-07T18:23:58+07:00,130,Zalo Mini App,2,0,binh_thuong,
P00349,HS29,B,2026-10-07T20:58:39+07:00,2026-10-07T20:59:42+07:00,63,Zalo Mini App,3,3,binh_thuong,
P00350,HS30,A,2026-10-07T06:39:07+07:00,2026-10-07T06:39:49+07:00,42,Zalo Mini App,1,0,bo_do,4
P00351,HS35,A,2026-10-07T16:25:37+07:00,2026-10-07T16:27:36+07:00,119,Ứng dụng trường,3,2,binh_thuong,4
P00352,HS40,A,2026-10-07T23:51:05+07:00,2026-10-07T23:51:31+07:00,26,Ứng dụng trường,1,1,binh_thuong,
P00353,HS01,B,2026-10-08T21:00:57+07:00,2026-10-08T21:05:07+07:00,250,Web,3,3,binh_thuong,5
P00354,HS04,A,2026-10-08T05:09:36+07:00,2026-10-08T05:11:21+07:00,105,Zalo Mini App,3,3,binh_thuong,
P00355,HS07,B,2026-10-08T19:10:48+07:00,2026-10-08T19:11:21+07:00,33,Ứng dụng trường,1,1,binh_thuong,4
P00356,HS14,A,2026-10-08T20:06:28+07:00,2026-10-08T20:08:28+07:00,120,Zalo Mini App,4,2,binh_thuong,
P00357,HS15,B,2026-10-08T14:27:37+07:00,2026-10-08T14:27:49+07:00,12,Web,1,1,binh_thuong,5
P00358,HS16,B,2026-10-08T17:03:48+07:00,2026-10-08T17:04:56+07:00,68,Web,2,2,binh_thuong,5
P00359,HS18,B,2026-10-08T20:54:06+07:00,2026-10-08T20:54:56+07:00,50,Ứng dụng trường,1,1,binh_thuong,4
P00360,HS19,B,2026-10-08T16:01:14+07:00,2026-10-08T16:01:51+07:00,37,Web,2,2,binh_thuong,5
P00361,HS20,A,2026-10-08T21:54:07+07:00,2026-10-08T21:54:39+07:00,32,Ứng dụng trường,2,2,binh_thuong,5
P00362,HS24,B,2026-10-08T21:29:57+07:00,2026-10-08T21:30:54+07:00,57,Zalo Mini App,1,1,binh_thuong,
P00363,HS27,A,2026-10-08T10:15:51+07:00,2026-10-08T10:16:13+07:00,22,Web,1,1,binh_thuong,5
P00364,HS35,A,2026-10-08T15:30:05+07:00,2026-10-08T15:30:53+07:00,48,Zalo Mini App,1,1,binh_thuong,5
P00365,HS39,A,2026-10-08T16:07:53+07:00,2026-10-08T16:08:21+07:00,28,Ứng dụng trường,1,0,bo_do,3
P00366,HS01,B,2026-10-09T13:28:27+07:00,2026-10-09T13:28:59+07:00,32,Ứng dụng trường,1,1,binh_thuong,5
P00367,HS04,A,2026-10-09T17:08:41+07:00,2026-10-09T17:09:18+07:00,37,Zalo Mini App,2,2,binh_thuong,
P00368,HS10,A,2026-10-09T21:06:18+07:00,2026-10-09T21:07:29+07:00,71,Zalo Mini App,2,2,binh_thuong,5
P00369,HS14,A,2026-10-09T06:01:12+07:00,2026-10-09T06:01:42+07:00,30,Zalo Mini App,1,1,binh_thuong,3
P00370,HS15,B,2026-10-09T21:16:49+07:00,2026-10-09T21:17:18+07:00,29,Web,1,1,binh_thuong,4
P00371,HS21,A,2026-10-09T06:36:22+07:00,2026-10-09T06:36:57+07:00,35,Web,1,1,binh_thuong,4
P00372,HS22,A,2026-10-09T07:55:06+07:00,2026-10-09T07:55:40+07:00,34,Zalo Mini App,1,0,binh_thuong,3
P00373,HS28,B,2026-10-09T21:23:21+07:00,2026-10-09T21:24:02+07:00,41,Web,1,1,binh_thuong,
P00374,HS40,A,2026-10-09T22:34:43+07:00,2026-10-09T22:35:28+07:00,45,Ứng dụng trường,1,0,binh_thuong,5
P00375,HS01,B,2026-10-10T22:44:13+07:00,2026-10-10T22:44:39+07:00,26,Web,1,1,binh_thuong,4
P00376,HS05,B,2026-10-10T12:24:56+07:00,2026-10-10T12:25:56+07:00,60,Ứng dụng trường,2,2,binh_thuong,5
P00377,HS20,A,2026-10-10T18:34:07+07:00,2026-10-10T18:34:57+07:00,50,Ứng dụng trường,2,2,binh_thuong,
P00378,HS31,A,2026-10-10T21:07:01+07:00,2026-10-10T21:07:30+07:00,29,Ứng dụng trường,1,0,binh_thuong,3
P00379,HS34,B,2026-10-10T20:58:26+07:00,2026-10-10T20:59:18+07:00,52,Web,1,1,binh_thuong,5
P00380,HS39,A,2026-10-10T20:13:54+07:00,2026-10-10T20:14:48+07:00,54,Ứng dụng trường,2,0,bo_do,3
P00381,HS39,A,2026-10-10T16:20:54+07:00,2026-10-10T16:21:33+07:00,39,Ứng dụng trường,2,2,binh_thuong,
P00382,HS01,B,2026-10-11T21:14:59+07:00,2026-10-11T21:15:19+07:00,20,Web,1,1,binh_thuong,
P00383,HS01,B,2026-10-11T14:01:25+07:00,2026-10-11T14:01:42+07:00,17,Web,1,1,binh_thuong,5
P00384,HS01,B,2026-10-11T17:08:10+07:00,2026-10-11T17:10:19+07:00,129,Web,4,4,binh_thuong,
P00385,HS03,A,2026-10-11T17:17:35+07:00,2026-10-11T17:19:58+07:00,143,Ứng dụng trường,3,2,bo_do,3
P00386,HS17,B,2026-10-11T20:45:54+07:00,2026-10-11T20:46:28+07:00,34,Web,1,1,binh_thuong,
P00387,HS17,B,2026-10-11T10:05:10+07:00,2026-10-11T10:05:47+07:00,37,Web,2,2,binh_thuong,
P00388,HS19,B,2026-10-11T22:11:40+07:00,2026-10-11T22:12:22+07:00,42,Web,2,2,binh_thuong,5
P00389,HS19,B,2026-10-11T12:23:46+07:00,2026-10-11T12:24:25+07:00,39,Web,1,1,binh_thuong,5
P00390,HS19,B,2026-10-11T07:53:25+07:00,2026-10-11T07:53:41+07:00,16,Web,1,1,binh_thuong,
P00391,HS20,A,2026-10-11T22:23:26+07:00,2026-10-11T22:23:39+07:00,13,Ứng dụng trường,1,1,binh_thuong,
P00392,HS22,A,2026-10-11T15:08:09+07:00,2026-10-11T15:08:32+07:00,23,Zalo Mini App,1,0,binh_thuong,5
P00393,HS23,A,2026-10-11T23:25:22+07:00,2026-10-11T23:25:41+07:00,19,Zalo Mini App,1,1,binh_thuong,
P00394,HS23,A,2026-10-11T22:48:18+07:00,2026-10-11T22:49:05+07:00,47,Zalo Mini App,1,0,binh_thuong,3
P00395,HS23,A,2026-10-11T20:49:10+07:00,2026-10-11T20:50:26+07:00,76,Zalo Mini App,2,2,binh_thuong,5
P00396,HS23,A,2026-10-11T22:38:29+07:00,2026-10-11T22:38:56+07:00,27,Zalo Mini App,1,0,binh_thuong,5
P00397,HS27,A,2026-10-11T17:40:29+07:00,2026-10-11T17:41:06+07:00,37,Ứng dụng trường,2,0,bo_do,3
P00398,HS30,A,2026-10-11T20:28:35+07:00,2026-10-11T20:29:56+07:00,81,Ứng dụng trường,2,1,bo_do,3
P00399,HS32,A,2026-10-11T20:56:51+07:00,2026-10-11T20:57:31+07:00,40,Web,2,1,binh_thuong,3
P00400,HS34,B,2026-10-11T21:18:09+07:00,2026-10-11T21:20:16+07:00,127,Web,2,2,binh_thuong,4
P00401,HS39,A,2026-10-11T23:13:50+07:00,2026-10-11T23:14:38+07:00,48,Ứng dụng trường,2,2,binh_thuong,4
P00402,HS39,A,2026-10-11T21:03:06+07:00,2026-10-11T21:04:12+07:00,66,Ứng dụng trường,1,0,bo_do,4
P00403,HS04,A,2026-10-12T12:49:55+07:00,2026-10-12T12:50:56+07:00,61,Zalo Mini App,2,2,binh_thuong,
P00404,HS06,A,2026-10-12T12:04:13+07:00,2026-10-12T12:06:40+07:00,147,Web,4,3,bo_do,4
P00405,HS06,A,2026-10-12T20:30:45+07:00,2026-10-12T20:31:15+07:00,30,Web,1,1,binh_thuong,5
P00406,HS08,B,2026-10-12T20:24:45+07:00,2026-10-12T20:25:51+07:00,66,Web,2,2,binh_thuong,
P00407,HS12,B,2026-10-12T16:40:32+07:00,2026-10-12T16:40:49+07:00,17,Web,1,1,binh_thuong,4
P00408,HS15,B,2026-10-12T12:49:41+07:00,2026-10-12T12:50:36+07:00,55,Zalo Mini App,2,2,binh_thuong,5
P00409,HS23,A,2026-10-12T06:59:20+07:00,2026-10-12T07:00:10+07:00,50,Zalo Mini App,2,2,binh_thuong,
P00410,HS26,B,2026-10-12T22:07:30+07:00,2026-10-12T22:10:05+07:00,155,Zalo Mini App,3,3,binh_thuong,
P00411,HS26,B,2026-10-12T12:48:17+07:00,2026-10-12T12:50:40+07:00,143,Zalo Mini App,4,4,binh_thuong,5
P00412,HS29,B,2026-10-12T10:47:30+07:00,2026-10-12T10:48:07+07:00,37,Ứng dụng trường,1,1,binh_thuong,5
P00413,HS33,A,2026-10-12T19:00:03+07:00,2026-10-12T19:01:09+07:00,66,Zalo Mini App,2,1,binh_thuong,3
P00414,HS34,B,2026-10-12T21:12:47+07:00,2026-10-12T21:13:52+07:00,65,Web,3,3,binh_thuong,
P00415,HS40,A,2026-10-12T12:17:53+07:00,2026-10-12T12:18:08+07:00,15,Ứng dụng trường,1,1,binh_thuong,
P00416,HS02,B,2026-10-13T20:56:30+07:00,2026-10-13T20:57:59+07:00,89,Zalo Mini App,4,4,binh_thuong,5
P00417,HS03,A,2026-10-13T20:06:21+07:00,2026-10-13T20:07:07+07:00,46,Ứng dụng trường,2,2,binh_thuong,5
P00418,HS03,A,2026-10-13T12:50:34+07:00,2026-10-13T12:51:48+07:00,74,Ứng dụng trường,2,1,bo_do,3
P00419,HS12,B,2026-10-13T20:27:20+07:00,2026-10-13T20:27:46+07:00,26,Zalo Mini App,1,1,binh_thuong,4
P00420,HS16,B,2026-10-13T07:41:12+07:00,2026-10-13T07:42:46+07:00,94,Web,2,2,binh_thuong,4
P00421,HS16,B,2026-10-13T23:44:01+07:00,2026-10-13T23:44:26+07:00,25,Web,1,1,binh_thuong,5
P00422,HS16,B,2026-10-13T16:41:40+07:00,2026-10-13T16:41:59+07:00,19,Web,1,1,binh_thuong,
P00423,HS19,B,2026-10-13T13:57:03+07:00,2026-10-13T13:58:09+07:00,66,Web,2,2,binh_thuong,5
P00424,HS20,A,2026-10-13T21:54:21+07:00,2026-10-13T21:55:09+07:00,48,Ứng dụng trường,2,1,binh_thuong,4
P00425,HS22,A,2026-10-13T12:21:00+07:00,2026-10-13T12:21:26+07:00,26,Zalo Mini App,2,1,bo_do,3
P00426,HS24,B,2026-10-13T22:23:25+07:00,2026-10-13T22:24:21+07:00,56,Zalo Mini App,3,3,binh_thuong,4
P00427,HS25,A,2026-10-13T20:40:14+07:00,2026-10-13T20:41:02+07:00,48,Web,2,1,bo_do,3
P00428,HS28,B,2026-10-13T13:53:37+07:00,2026-10-13T13:54:52+07:00,75,Web,2,2,binh_thuong,4
P00429,HS33,A,2026-10-13T06:57:38+07:00,2026-10-13T06:58:17+07:00,39,Zalo Mini App,2,2,binh_thuong,
P00430,HS34,B,2026-10-13T20:33:44+07:00,2026-10-13T20:34:10+07:00,26,Web,1,1,binh_thuong,
P00431,HS35,A,2026-10-13T23:54:20+07:00,2026-10-13T23:55:19+07:00,59,Zalo Mini App,2,2,binh_thuong,4
P00432,HS37,B,2026-10-13T21:14:58+07:00,2026-10-13T21:15:16+07:00,18,Zalo Mini App,1,1,binh_thuong,4
P00433,HS38,B,2026-10-13T13:24:05+07:00,2026-10-13T13:24:22+07:00,17,Web,1,1,binh_thuong,4
P00434,HS39,A,2026-10-13T23:22:27+07:00,2026-10-13T23:23:51+07:00,84,Ứng dụng trường,1,1,binh_thuong,4
P00435,HS06,A,2026-10-14T20:31:09+07:00,2026-10-14T20:32:00+07:00,51,Web,2,1,bo_do,3
P00436,HS07,B,2026-10-14T06:05:06+07:00,2026-10-14T06:05:30+07:00,24,Ứng dụng trường,1,1,binh_thuong,5
P00437,HS08,B,2026-10-14T07:59:04+07:00,2026-10-14T08:00:16+07:00,72,Zalo Mini App,3,3,binh_thuong,5
P00438,HS09,B,2026-10-14T21:43:20+07:00,2026-10-14T21:44:08+07:00,48,Web,2,2,binh_thuong,
P00439,HS12,B,2026-10-14T17:13:09+07:00,2026-10-14T17:13:27+07:00,18,Zalo Mini App,1,1,binh_thuong,
P00440,HS12,B,2026-10-14T14:38:02+07:00,2026-10-14T14:41:37+07:00,215,Zalo Mini App,5,5,binh_thuong,
P00441,HS12,B,2026-10-14T11:21:26+07:00,2026-10-14T11:22:45+07:00,79,Zalo Mini App,2,2,binh_thuong,4
P00442,HS20,A,2026-10-14T13:11:10+07:00,2026-10-14T13:12:04+07:00,54,Zalo Mini App,2,2,binh_thuong,5
P00443,HS38,B,2026-10-14T06:53:18+07:00,2026-10-14T06:57:02+07:00,224,Web,3,2,bo_do,3
P00444,HS39,A,2026-10-14T05:11:54+07:00,2026-10-14T05:12:13+07:00,19,Ứng dụng trường,1,1,binh_thuong,4
P00445,HS40,A,2026-10-14T17:05:28+07:00,2026-10-14T17:06:08+07:00,40,Ứng dụng trường,1,1,binh_thuong,5
P00446,HS04,A,2026-10-15T14:05:00+07:00,2026-10-15T14:05:39+07:00,39,Zalo Mini App,1,0,binh_thuong,3
P00447,HS05,B,2026-10-15T21:41:20+07:00,2026-10-15T21:42:01+07:00,41,Ứng dụng trường,1,1,binh_thuong,
P00448,HS05,B,2026-10-15T12:01:29+07:00,2026-10-15T12:01:47+07:00,18,Ứng dụng trường,1,1,binh_thuong,5
P00449,HS11,A,2026-10-15T22:51:57+07:00,2026-10-15T22:53:47+07:00,110,Web,3,2,binh_thuong,4
P00450,HS12,B,2026-10-15T15:33:54+07:00,2026-10-15T15:35:08+07:00,74,Zalo Mini App,2,1,bo_do,3
P00451,HS13,B,2026-10-15T14:18:51+07:00,2026-10-15T14:19:19+07:00,28,Ứng dụng trường,1,1,binh_thuong,
P00452,HS14,A,2026-10-15T15:37:59+07:00,2026-10-15T15:39:04+07:00,65,Zalo Mini App,2,2,binh_thuong,4
P00453,HS15,B,2026-10-15T23:25:19+07:00,2026-10-15T23:25:43+07:00,24,Web,2,2,binh_thuong,4
P00454,HS26,B,2026-10-15T18:36:13+07:00,2026-10-15T18:36:21+07:00,8,Zalo Mini App,1,1,binh_thuong,4
P00455,HS27,A,2026-10-15T16:46:56+07:00,2026-10-15T16:47:03+07:00,7,Web,1,1,binh_thuong,5
P00456,HS31,A,2026-10-15T09:06:18+07:00,2026-10-15T09:06:59+07:00,41,Zalo Mini App,2,2,binh_thuong,4
P00457,HS32,A,2026-10-15T21:32:37+07:00,2026-10-15T21:33:03+07:00,26,Web,1,1,binh_thuong,
P00458,HS37,B,2026-10-15T23:38:20+07:00,2026-10-15T23:38:37+07:00,17,Zalo Mini App,1,1,binh_thuong,
P00459,HS01,B,2026-10-16T21:37:06+07:00,2026-10-16T21:37:59+07:00,53,Web,2,2,binh_thuong,
P00460,HS02,B,2026-10-16T17:45:57+07:00,2026-10-16T17:46:19+07:00,22,Zalo Mini App,1,1,binh_thuong,
P00461,HS02,B,2026-10-16T06:28:43+07:00,2026-10-16T06:29:20+07:00,37,Zalo Mini App,1,1,binh_thuong,4
P00462,HS04,A,2026-10-16T21:09:50+07:00,2026-10-16T21:11:08+07:00,78,Zalo Mini App,2,2,binh_thuong,4
P00463,HS07,B,2026-10-16T23:26:50+07:00,2026-10-16T23:27:22+07:00,32,Ứng dụng trường,1,1,binh_thuong,4
P00464,HS11,A,2026-10-16T13:13:30+07:00,2026-10-16T13:14:59+07:00,89,Web,1,1,binh_thuong,
P00465,HS16,B,2026-10-16T21:41:36+07:00,2026-10-16T21:42:21+07:00,45,Web,1,1,binh_thuong,4
P00466,HS17,B,2026-10-16T18:38:38+07:00,2026-10-16T18:39:13+07:00,35,Zalo Mini App,1,1,binh_thuong,5
P00467,HS20,A,2026-10-16T19:21:02+07:00,2026-10-16T19:22:32+07:00,90,Ứng dụng trường,2,2,binh_thuong,
P00468,HS24,B,2026-10-16T19:50:38+07:00,2026-10-16T19:52:56+07:00,138,Zalo Mini App,4,4,binh_thuong,
P00469,HS24,B,2026-10-16T21:26:50+07:00,2026-10-16T21:27:39+07:00,49,Web,1,1,binh_thuong,4
P00470,HS25,A,2026-10-16T13:51:03+07:00,2026-10-16T13:51:25+07:00,22,Web,1,1,binh_thuong,
P00471,HS39,A,2026-10-16T06:44:24+07:00,2026-10-16T06:44:50+07:00,26,Ứng dụng trường,1,1,binh_thuong,
P00472,HS39,A,2026-10-16T06:19:36+07:00,2026-10-16T06:19:46+07:00,10,Zalo Mini App,1,1,binh_thuong,5
P00473,HS40,A,2026-10-16T21:05:36+07:00,2026-10-16T21:08:16+07:00,160,Ứng dụng trường,2,1,binh_thuong,3
P00474,HS01,B,2026-10-17T16:17:44+07:00,2026-10-17T16:18:18+07:00,34,Web,2,2,binh_thuong,
P00475,HS03,A,2026-10-17T17:43:23+07:00,2026-10-17T17:43:54+07:00,31,Ứng dụng trường,1,1,binh_thuong,
P00476,HS05,B,2026-10-17T21:51:20+07:00,2026-10-17T21:51:45+07:00,25,Zalo Mini App,1,1,binh_thuong,5
P00477,HS08,B,2026-10-17T22:35:15+07:00,2026-10-17T22:36:07+07:00,52,Zalo Mini App,2,2,binh_thuong,4
P00478,HS12,B,2026-10-17T20:02:18+07:00,2026-10-17T20:02:50+07:00,32,Ứng dụng trường,1,1,binh_thuong,5
P00479,HS14,A,2026-10-17T14:54:07+07:00,2026-10-17T14:54:43+07:00,36,Zalo Mini App,1,1,binh_thuong,5
P00480,HS34,B,2026-10-17T19:11:38+07:00,2026-10-17T19:13:32+07:00,114,Web,2,2,binh_thuong,5
P00481,HS01,B,2026-10-18T20:46:27+07:00,2026-10-18T20:47:04+07:00,37,Web,1,1,binh_thuong,
P00482,HS03,A,2026-10-18T16:00:03+07:00,2026-10-18T16:00:37+07:00,34,Ứng dụng trường,1,1,binh_thuong,4
P00483,HS15,B,2026-10-18T20:46:58+07:00,2026-10-18T20:48:44+07:00,106,Web,3,3,binh_thuong,
P00484,HS17,B,2026-10-18T07:02:13+07:00,2026-10-18T07:02:48+07:00,35,Web,1,1,binh_thuong,4
P00485,HS20,A,2026-10-18T20:27:24+07:00,2026-10-18T20:27:36+07:00,12,Ứng dụng trường,1,1,binh_thuong,4
P00486,HS21,A,2026-10-18T20:55:15+07:00,2026-10-18T20:56:17+07:00,62,Web,2,1,binh_thuong,
P00487,HS24,B,2026-10-18T20:25:38+07:00,2026-10-18T20:27:16+07:00,98,Zalo Mini App,2,2,binh_thuong,4
P00488,HS24,B,2026-10-18T05:50:45+07:00,2026-10-18T05:51:34+07:00,49,Zalo Mini App,2,2,binh_thuong,5
P00489,HS26,B,2026-10-18T05:33:10+07:00,2026-10-18T05:34:44+07:00,94,Zalo Mini App,3,3,binh_thuong,5
P00490,HS27,A,2026-10-18T19:20:01+07:00,2026-10-18T19:20:38+07:00,37,Web,1,1,binh_thuong,
P00491,HS31,A,2026-10-18T20:41:21+07:00,2026-10-18T20:42:40+07:00,79,Zalo Mini App,1,0,binh_thuong,4
P00492,HS05,B,2026-10-19T13:54:25+07:00,2026-10-19T13:54:39+07:00,14,Ứng dụng trường,1,1,binh_thuong,5
P00493,HS06,A,2026-10-19T18:40:23+07:00,2026-10-19T18:40:43+07:00,20,Web,1,0,binh_thuong,
P00494,HS08,B,2026-10-19T06:42:37+07:00,2026-10-19T06:44:25+07:00,108,Zalo Mini App,3,3,binh_thuong,
P00495,HS13,B,2026-10-19T13:54:40+07:00,2026-10-19T13:55:02+07:00,22,Ứng dụng trường,1,1,binh_thuong,
P00496,HS15,B,2026-10-19T12:28:53+07:00,2026-10-19T12:29:39+07:00,46,Web,2,2,binh_thuong,5
P00497,HS19,B,2026-10-19T23:18:39+07:00,2026-10-19T23:19:30+07:00,51,Web,2,2,binh_thuong,5
P00498,HS23,A,2026-10-19T17:16:08+07:00,2026-10-19T17:18:50+07:00,162,Zalo Mini App,2,2,binh_thuong,
P00499,HS23,A,2026-10-19T14:55:35+07:00,2026-10-19T14:57:09+07:00,94,Zalo Mini App,2,2,binh_thuong,4
P00500,HS25,A,2026-10-19T20:36:54+07:00,2026-10-19T20:37:34+07:00,40,Web,2,2,binh_thuong,4
P00501,HS28,B,2026-10-19T22:01:41+07:00,2026-10-19T22:02:06+07:00,25,Web,1,1,binh_thuong,5
P00502,HS28,B,2026-10-19T20:45:59+07:00,2026-10-19T20:47:00+07:00,61,Web,3,3,binh_thuong,4
P00503,HS29,B,2026-10-19T18:14:08+07:00,2026-10-19T18:15:41+07:00,93,Web,2,2,binh_thuong,
P00504,HS30,A,2026-10-19T20:04:35+07:00,2026-10-19T20:05:16+07:00,41,Zalo Mini App,2,1,binh_thuong,4
P00505,HS40,A,2026-10-19T21:36:39+07:00,2026-10-19T21:36:56+07:00,17,Ứng dụng trường,1,1,binh_thuong,4
P00506,HS40,A,2026-10-19T17:16:54+07:00,2026-10-19T17:17:38+07:00,44,Ứng dụng trường,1,0,binh_thuong,
P00507,HS02,B,2026-10-20T06:02:52+07:00,2026-10-20T06:03:08+07:00,16,Zalo Mini App,1,1,binh_thuong,4
P00508,HS05,B,2026-10-20T18:02:56+07:00,2026-10-20T18:03:04+07:00,8,Ứng dụng trường,1,1,binh_thuong,4
P00509,HS14,A,2026-10-20T21:15:36+07:00,2026-10-20T21:16:23+07:00,47,Zalo Mini App,1,1,binh_thuong,
P00510,HS21,A,2026-10-20T09:09:23+07:00,2026-10-20T09:09:53+07:00,30,Web,1,0,bo_do,
P00511,HS24,B,2026-10-20T21:30:29+07:00,2026-10-20T21:31:37+07:00,68,Zalo Mini App,1,1,binh_thuong,
P00512,HS25,A,2026-10-20T19:18:05+07:00,2026-10-20T19:19:25+07:00,80,Web,2,2,binh_thuong,4
P00513,HS27,A,2026-10-20T21:44:58+07:00,2026-10-20T21:46:46+07:00,108,Web,2,2,binh_thuong,5
P00514,HS29,B,2026-10-20T21:53:57+07:00,2026-10-20T21:54:43+07:00,46,Web,1,1,binh_thuong,4
P00515,HS33,A,2026-10-20T22:17:12+07:00,2026-10-20T22:17:53+07:00,41,Zalo Mini App,1,0,binh_thuong,5
P00516,HS35,A,2026-10-20T21:53:15+07:00,2026-10-20T21:54:24+07:00,69,Ứng dụng trường,2,2,binh_thuong,5
P00517,HS37,B,2026-10-20T12:13:34+07:00,2026-10-20T12:13:51+07:00,17,Zalo Mini App,1,1,binh_thuong,4
P00518,HS38,B,2026-10-20T18:27:02+07:00,2026-10-20T18:27:25+07:00,23,Ứng dụng trường,1,1,binh_thuong,
P00519,HS40,A,2026-10-20T23:27:31+07:00,2026-10-20T23:28:17+07:00,46,Ứng dụng trường,1,1,binh_thuong,4
P00520,HS40,A,2026-10-20T05:58:02+07:00,2026-10-20T05:59:48+07:00,106,Ứng dụng trường,2,1,bo_do,3
P00521,HS03,A,2026-10-21T19:09:28+07:00,2026-10-21T19:10:39+07:00,71,Ứng dụng trường,2,2,binh_thuong,5
P00522,HS04,A,2026-10-21T18:50:20+07:00,2026-10-21T18:51:37+07:00,77,Zalo Mini App,2,1,binh_thuong,4
P00523,HS04,A,2026-10-21T07:40:39+07:00,2026-10-21T07:41:35+07:00,56,Zalo Mini App,2,2,binh_thuong,5
P00524,HS06,A,2026-10-21T17:44:12+07:00,2026-10-21T17:44:57+07:00,45,Web,2,2,binh_thuong,5
P00525,HS10,A,2026-10-21T15:37:21+07:00,2026-10-21T15:38:50+07:00,89,Zalo Mini App,2,1,binh_thuong,
P00526,HS10,A,2026-10-21T16:42:12+07:00,2026-10-21T16:42:37+07:00,25,Ứng dụng trường,1,1,binh_thuong,
P00527,HS12,B,2026-10-21T23:19:50+07:00,2026-10-21T23:20:59+07:00,69,Zalo Mini App,1,1,binh_thuong,4
P00528,HS13,B,2026-10-21T23:52:01+07:00,2026-10-21T23:52:10+07:00,9,Zalo Mini App,1,1,binh_thuong,
P00529,HS14,A,2026-10-21T19:53:09+07:00,2026-10-21T19:53:42+07:00,33,Zalo Mini App,1,1,binh_thuong,4
P00530,HS19,B,2026-10-21T21:37:30+07:00,2026-10-21T21:37:52+07:00,22,Zalo Mini App,1,1,binh_thuong,
P00531,HS27,A,2026-10-21T23:08:53+07:00,2026-10-21T23:09:34+07:00,41,Web,2,2,binh_thuong,5
P00532,HS27,A,2026-10-21T06:18:46+07:00,2026-10-21T06:19:22+07:00,36,Web,1,1,binh_thuong,
P00533,HS28,B,2026-10-21T18:46:20+07:00,2026-10-21T18:46:35+07:00,15,Web,1,1,binh_thuong,5
P00534,HS29,B,2026-10-21T06:51:03+07:00,2026-10-21T06:51:36+07:00,33,Web,2,2,binh_thuong,
P00535,HS31,A,2026-10-21T06:40:03+07:00,2026-10-21T06:40:09+07:00,6,Zalo Mini App,1,1,binh_thuong,4
P00536,HS34,B,2026-10-21T15:29:45+07:00,2026-10-21T15:30:12+07:00,27,Web,1,1,binh_thuong,
P00537,HS34,B,2026-10-21T21:16:27+07:00,2026-10-21T21:17:15+07:00,48,Web,1,1,binh_thuong,
P00538,HS36,A,2026-10-21T19:04:33+07:00,2026-10-21T19:05:32+07:00,59,Zalo Mini App,2,1,binh_thuong,
P00539,HS05,B,2026-10-22T21:59:48+07:00,2026-10-22T22:00:52+07:00,64,Ứng dụng trường,2,2,binh_thuong,4
P00540,HS11,A,2026-10-22T12:12:01+07:00,2026-10-22T12:13:25+07:00,84,Web,2,2,binh_thuong,5
P00541,HS18,B,2026-10-22T12:55:45+07:00,2026-10-22T12:56:14+07:00,29,Ứng dụng trường,1,1,binh_thuong,4
P00542,HS26,B,2026-10-22T06:42:39+07:00,2026-10-22T06:43:01+07:00,22,Zalo Mini App,1,1,binh_thuong,4
P00543,HS30,A,2026-10-22T19:46:01+07:00,2026-10-22T19:46:38+07:00,37,Zalo Mini App,1,0,bo_do,4
P00544,HS32,A,2026-10-22T07:36:30+07:00,2026-10-22T07:37:25+07:00,55,Web,2,1,binh_thuong,4
P00545,HS33,A,2026-10-22T18:16:02+07:00,2026-10-22T18:16:39+07:00,37,Zalo Mini App,2,0,bo_do,2
P00546,HS35,A,2026-10-22T22:25:25+07:00,2026-10-22T22:27:07+07:00,102,Zalo Mini App,2,1,binh_thuong,
P00547,HS36,A,2026-10-22T19:25:07+07:00,2026-10-22T19:25:20+07:00,13,Zalo Mini App,1,1,binh_thuong,4
P00548,HS37,B,2026-10-22T21:09:43+07:00,2026-10-22T21:10:08+07:00,25,Zalo Mini App,1,1,binh_thuong,4
P00549,HS38,B,2026-10-22T11:42:18+07:00,2026-10-22T11:44:31+07:00,133,Web,1,1,binh_thuong,5
P00550,HS39,A,2026-10-22T07:55:29+07:00,2026-10-22T07:56:04+07:00,35,Ứng dụng trường,1,0,binh_thuong,3
P00551,HS15,B,2026-10-23T06:42:53+07:00,2026-10-23T06:44:02+07:00,69,Web,1,1,binh_thuong,5
P00552,HS20,A,2026-10-23T17:32:20+07:00,2026-10-23T17:34:52+07:00,152,Ứng dụng trường,3,3,binh_thuong,
P00553,HS21,A,2026-10-23T06:00:31+07:00,2026-10-23T06:01:49+07:00,78,Ứng dụng trường,1,0,binh_thuong,4
P00554,HS23,A,2026-10-23T19:55:27+07:00,2026-10-23T19:56:37+07:00,70,Zalo Mini App,1,1,binh_thuong,
P00555,HS24,B,2026-10-23T07:56:52+07:00,2026-10-23T07:57:21+07:00,29,Zalo Mini App,1,1,binh_thuong,4
P00556,HS25,A,2026-10-23T17:40:47+07:00,2026-10-23T17:41:28+07:00,41,Zalo Mini App,2,1,binh_thuong,
P00557,HS26,B,2026-10-23T13:50:14+07:00,2026-10-23T13:50:34+07:00,20,Zalo Mini App,1,1,binh_thuong,
P00558,HS28,B,2026-10-23T20:59:30+07:00,2026-10-23T21:00:51+07:00,81,Web,2,2,binh_thuong,4
P00559,HS33,A,2026-10-23T21:47:16+07:00,2026-10-23T21:47:57+07:00,41,Zalo Mini App,1,0,binh_thuong,4
P00560,HS37,B,2026-10-23T14:33:21+07:00,2026-10-23T14:34:34+07:00,73,Zalo Mini App,3,3,binh_thuong,5
P00561,HS01,B,2026-10-24T19:59:38+07:00,2026-10-24T20:00:45+07:00,67,Web,2,2,binh_thuong,4
P00562,HS10,A,2026-10-24T21:23:22+07:00,2026-10-24T21:26:10+07:00,168,Zalo Mini App,3,2,binh_thuong,4
P00563,HS11,A,2026-10-24T05:45:29+07:00,2026-10-24T05:47:15+07:00,106,Ứng dụng trường,2,1,binh_thuong,3
P00564,HS14,A,2026-10-24T20:36:14+07:00,2026-10-24T20:38:30+07:00,136,Web,3,2,bo_do,4
P00565,HS14,A,2026-10-24T23:25:32+07:00,2026-10-24T23:26:07+07:00,35,Zalo Mini App,2,2,binh_thuong,
P00566,HS15,B,2026-10-24T22:33:04+07:00,2026-10-24T22:34:33+07:00,89,Web,3,3,binh_thuong,5
P00567,HS17,B,2026-10-24T12:09:21+07:00,2026-10-24T12:09:43+07:00,22,Web,1,1,binh_thuong,
P00568,HS23,A,2026-10-24T11:59:26+07:00,2026-10-24T12:00:55+07:00,89,Zalo Mini App,2,2,binh_thuong,4
P00569,HS24,B,2026-10-24T05:16:06+07:00,2026-10-24T05:17:10+07:00,64,Zalo Mini App,2,2,binh_thuong,5
P00570,HS03,A,2026-10-25T21:02:06+07:00,2026-10-25T21:02:39+07:00,33,Web,1,1,binh_thuong,
P00571,HS13,B,2026-10-25T22:58:13+07:00,2026-10-25T22:59:21+07:00,68,Ứng dụng trường,1,1,binh_thuong,4
P00572,HS14,A,2026-10-25T20:57:04+07:00,2026-10-25T20:57:26+07:00,22,Zalo Mini App,1,1,binh_thuong,
P00573,HS18,B,2026-10-25T11:38:57+07:00,2026-10-25T11:39:26+07:00,29,Ứng dụng trường,1,1,binh_thuong,5
P00574,HS18,B,2026-10-25T13:51:39+07:00,2026-10-25T13:51:53+07:00,14,Ứng dụng trường,1,1,binh_thuong,
P00575,HS25,A,2026-10-25T22:53:26+07:00,2026-10-25T22:55:07+07:00,101,Web,2,2,binh_thuong,
P00576,HS27,A,2026-10-25T16:27:04+07:00,2026-10-25T16:27:31+07:00,27,Web,1,1,binh_thuong,
P00577,HS28,B,2026-10-25T17:53:17+07:00,2026-10-25T17:54:17+07:00,60,Web,2,2,binh_thuong,4
P00578,HS28,B,2026-10-25T20:04:27+07:00,2026-10-25T20:04:57+07:00,30,Ứng dụng trường,2,2,binh_thuong,4
P00579,HS29,B,2026-10-25T07:34:08+07:00,2026-10-25T07:34:35+07:00,27,Zalo Mini App,1,1,binh_thuong,4
P00580,HS36,A,2026-10-25T22:04:29+07:00,2026-10-25T22:05:14+07:00,45,Zalo Mini App,2,0,binh_thuong,4
P00581,HS01,B,2026-10-26T15:57:09+07:00,2026-10-26T15:59:34+07:00,145,Zalo Mini App,2,2,binh_thuong,4
P00582,HS03,A,2026-10-26T19:28:50+07:00,2026-10-26T19:30:23+07:00,93,Ứng dụng trường,3,3,binh_thuong,
P00583,HS08,B,2026-10-26T23:03:45+07:00,2026-10-26T23:05:24+07:00,99,Zalo Mini App,2,2,binh_thuong,4
P00584,HS10,A,2026-10-26T22:20:34+07:00,2026-10-26T22:23:11+07:00,157,Zalo Mini App,4,1,bo_do,3
P00585,HS10,A,2026-10-26T21:06:49+07:00,2026-10-26T21:07:02+07:00,13,Zalo Mini App,1,1,binh_thuong,3
P00586,HS12,B,2026-10-26T22:14:39+07:00,2026-10-26T22:14:53+07:00,14,Zalo Mini App,1,1,binh_thuong,4
P00587,HS12,B,2026-10-26T20:47:45+07:00,2026-10-26T20:48:50+07:00,65,Zalo Mini App,2,2,binh_thuong,4
P00588,HS13,B,2026-10-26T16:44:10+07:00,2026-10-26T16:44:34+07:00,24,Ứng dụng trường,1,1,binh_thuong,4
P00589,HS14,A,2026-10-26T22:59:05+07:00,2026-10-26T22:59:20+07:00,15,Zalo Mini App,1,1,binh_thuong,
P00590,HS16,B,2026-10-26T21:09:03+07:00,2026-10-26T21:09:37+07:00,34,Web,1,1,binh_thuong,4
P00591,HS19,B,2026-10-26T17:33:04+07:00,2026-10-26T17:34:00+07:00,56,Web,2,2,binh_thuong,5
P00592,HS21,A,2026-10-26T09:11:07+07:00,2026-10-26T09:12:21+07:00,74,Web,3,3,binh_thuong,4
P00593,HS21,A,2026-10-26T19:40:24+07:00,2026-10-26T19:42:01+07:00,97,Web,3,2,binh_thuong,4
P00594,HS23,A,2026-10-26T21:26:22+07:00,2026-10-26T21:27:42+07:00,80,Zalo Mini App,2,0,binh_thuong,3
P00595,HS24,B,2026-10-26T22:37:31+07:00,2026-10-26T22:37:50+07:00,19,Zalo Mini App,1,1,binh_thuong,4
P00596,HS24,B,2026-10-26T14:12:56+07:00,2026-10-26T14:13:08+07:00,12,Zalo Mini App,1,1,binh_thuong,
P00597,HS30,A,2026-10-26T20:26:37+07:00,2026-10-26T20:27:41+07:00,64,Zalo Mini App,2,0,bo_do,
P00598,HS36,A,2026-10-26T14:27:16+07:00,2026-10-26T14:28:00+07:00,44,Zalo Mini App,1,0,bo_do,4
P00599,HS39,A,2026-10-26T22:35:56+07:00,2026-10-26T22:36:46+07:00,50,Ứng dụng trường,1,0,binh_thuong,5
P00600,HS03,A,2026-10-27T17:13:26+07:00,2026-10-27T17:14:26+07:00,60,Ứng dụng trường,1,1,binh_thuong,
P00601,HS04,A,2026-10-27T22:48:04+07:00,2026-10-27T22:49:11+07:00,67,Zalo Mini App,2,2,binh_thuong,4
P00602,HS04,A,2026-10-27T06:35:14+07:00,2026-10-27T06:35:26+07:00,12,Zalo Mini App,1,1,binh_thuong,4
P00603,HS04,A,2026-10-27T18:11:35+07:00,2026-10-27T18:12:54+07:00,79,Zalo Mini App,2,1,binh_thuong,5
P00604,HS10,A,2026-10-27T06:19:38+07:00,2026-10-27T06:20:39+07:00,61,Zalo Mini App,2,2,binh_thuong,4
P00605,HS13,B,2026-10-27T06:21:02+07:00,2026-10-27T06:21:47+07:00,45,Ứng dụng trường,2,2,binh_thuong,5
P00606,HS17,B,2026-10-27T23:10:05+07:00,2026-10-27T23:10:37+07:00,32,Web,1,1,binh_thuong,4
P00607,HS17,B,2026-10-27T12:18:31+07:00,2026-10-27T12:19:32+07:00,61,Web,2,2,binh_thuong,5
P00608,HS20,A,2026-10-27T20:31:28+07:00,2026-10-27T20:32:32+07:00,64,Ứng dụng trường,2,2,binh_thuong,
P00609,HS20,A,2026-10-27T19:32:31+07:00,2026-10-27T19:32:47+07:00,16,Ứng dụng trường,1,1,binh_thuong,
P00610,HS23,A,2026-10-27T23:56:12+07:00,2026-10-27T23:56:28+07:00,16,Zalo Mini App,1,0,binh_thuong,5
P00611,HS30,A,2026-10-27T20:20:47+07:00,2026-10-27T20:22:12+07:00,85,Zalo Mini App,2,1,binh_thuong,
P00612,HS32,A,2026-10-27T23:00:49+07:00,2026-10-27T23:00:59+07:00,10,Web,1,0,binh_thuong,4
P00613,HS38,B,2026-10-27T12:42:00+07:00,2026-10-27T12:42:11+07:00,11,Web,1,1,binh_thuong,5
P00614,HS39,A,2026-10-27T13:29:24+07:00,2026-10-27T13:30:24+07:00,60,Ứng dụng trường,2,2,binh_thuong,
P00615,HS06,A,2026-10-28T22:13:23+07:00,2026-10-28T22:16:01+07:00,158,Zalo Mini App,6,6,binh_thuong,5
P00616,HS06,A,2026-10-28T16:31:43+07:00,2026-10-28T16:32:24+07:00,41,Web,2,2,binh_thuong,4
P00617,HS11,A,2026-10-28T17:57:23+07:00,2026-10-28T17:57:42+07:00,19,Ứng dụng trường,1,0,binh_thuong,4
P00618,HS13,B,2026-10-28T06:43:19+07:00,2026-10-28T06:44:39+07:00,80,Ứng dụng trường,1,1,binh_thuong,4
P00619,HS15,B,2026-10-28T20:43:47+07:00,2026-10-28T20:44:29+07:00,42,Web,1,1,binh_thuong,4
P00620,HS27,A,2026-10-28T06:22:29+07:00,2026-10-28T06:23:12+07:00,43,Web,2,2,binh_thuong,3
P00621,HS28,B,2026-10-28T06:33:17+07:00,2026-10-28T06:34:14+07:00,57,Web,2,2,binh_thuong,
P00622,HS29,B,2026-10-28T12:44:16+07:00,2026-10-28T12:47:00+07:00,164,Web,2,2,binh_thuong,
P00623,HS29,B,2026-10-28T21:54:57+07:00,2026-10-28T21:55:15+07:00,18,Ứng dụng trường,1,1,binh_thuong,5
P00624,HS29,B,2026-10-28T21:00:03+07:00,2026-10-28T21:01:22+07:00,79,Web,2,2,binh_thuong,4
P00625,HS32,A,2026-10-28T22:34:35+07:00,2026-10-28T22:34:59+07:00,24,Web,1,1,binh_thuong,4
P00626,HS35,A,2026-10-28T22:16:10+07:00,2026-10-28T22:18:07+07:00,117,Zalo Mini App,2,1,binh_thuong,3
P00627,HS39,A,2026-10-28T17:34:33+07:00,2026-10-28T17:34:58+07:00,25,Ứng dụng trường,1,0,bo_do,3
P00628,HS01,B,2026-10-29T20:45:27+07:00,2026-10-29T20:45:44+07:00,17,Web,1,1,binh_thuong,4
P00629,HS03,A,2026-10-29T21:06:10+07:00,2026-10-29T21:06:51+07:00,41,Ứng dụng trường,1,0,bo_do,
P00630,HS04,A,2026-10-29T14:23:33+07:00,2026-10-29T14:24:20+07:00,47,Ứng dụng trường,1,1,binh_thuong,4
P00631,HS06,A,2026-10-29T13:36:12+07:00,2026-10-29T13:36:39+07:00,27,Web,1,1,binh_thuong,5
P00632,HS07,B,2026-10-29T21:09:54+07:00,2026-10-29T21:10:48+07:00,54,Ứng dụng trường,2,2,binh_thuong,
P00633,HS08,B,2026-10-29T18:23:19+07:00,2026-10-29T18:23:49+07:00,30,Zalo Mini App,1,1,binh_thuong,5
P00634,HS15,B,2026-10-29T20:43:17+07:00,2026-10-29T20:44:32+07:00,75,Web,3,3,binh_thuong,4
P00635,HS21,A,2026-10-29T05:01:26+07:00,2026-10-29T05:01:51+07:00,25,Web,1,1,binh_thuong,5
P00636,HS21,A,2026-10-29T12:11:44+07:00,2026-10-29T12:12:10+07:00,26,Web,1,0,binh_thuong,3
P00637,HS23,A,2026-10-29T21:01:58+07:00,2026-10-29T21:03:02+07:00,64,Zalo Mini App,2,2,binh_thuong,
P00638,HS28,B,2026-10-29T20:21:11+07:00,2026-10-29T20:23:37+07:00,146,Web,3,3,binh_thuong,4
P00639,HS31,A,2026-10-29T06:58:28+07:00,2026-10-29T06:59:34+07:00,66,Zalo Mini App,2,2,binh_thuong,
P00640,HS31,A,2026-10-29T21:09:09+07:00,2026-10-29T21:09:27+07:00,18,Zalo Mini App,1,1,binh_thuong,
P00641,HS33,A,2026-10-29T20:45:59+07:00,2026-10-29T20:46:30+07:00,31,Web,1,1,binh_thuong,5
P00642,HS35,A,2026-10-29T23:23:58+07:00,2026-10-29T23:24:20+07:00,22,Zalo Mini App,1,1,binh_thuong,4
P00643,HS40,A,2026-10-29T19:17:38+07:00,2026-10-29T19:18:01+07:00,23,Ứng dụng trường,2,1,binh_thuong,3
P00644,HS06,A,2026-10-30T20:29:38+07:00,2026-10-30T20:31:28+07:00,110,Web,3,2,bo_do,
P00645,HS07,B,2026-10-30T12:03:38+07:00,2026-10-30T12:05:23+07:00,105,Ứng dụng trường,2,1,binh_thuong,
P00646,HS16,B,2026-10-30T18:01:03+07:00,2026-10-30T18:02:28+07:00,85,Web,2,2,binh_thuong,5
P00647,HS19,B,2026-10-30T13:21:24+07:00,2026-10-30T13:22:29+07:00,65,Web,2,2,binh_thuong,5
P00648,HS19,B,2026-10-30T22:36:28+07:00,2026-10-30T22:37:06+07:00,38,Web,1,1,binh_thuong,
P00649,HS21,A,2026-10-30T18:05:09+07:00,2026-10-30T18:05:44+07:00,35,Web,1,1,binh_thuong,4
P00650,HS25,A,2026-10-30T19:43:49+07:00,2026-10-30T19:44:09+07:00,20,Web,1,0,bo_do,3
P00651,HS27,A,2026-10-30T18:31:01+07:00,2026-10-30T18:31:33+07:00,32,Web,1,0,binh_thuong,3
P00652,HS29,B,2026-10-30T18:02:25+07:00,2026-10-30T18:03:13+07:00,48,Web,1,1,binh_thuong,5
P00653,HS37,B,2026-10-30T22:48:52+07:00,2026-10-30T22:49:27+07:00,35,Zalo Mini App,1,1,binh_thuong,4
P00654,HS38,B,2026-10-30T13:28:38+07:00,2026-10-30T13:29:10+07:00,32,Web,1,1,binh_thuong,5
P00655,HS39,A,2026-10-30T16:05:02+07:00,2026-10-30T16:05:20+07:00,18,Ứng dụng trường,1,1,binh_thuong,
P00656,HS07,B,2026-10-31T19:12:26+07:00,2026-10-31T19:13:49+07:00,83,Ứng dụng trường,4,4,binh_thuong,
P00657,HS10,A,2026-10-31T13:23:13+07:00,2026-10-31T13:23:32+07:00,19,Zalo Mini App,1,1,binh_thuong,5
P00658,HS19,B,2026-10-31T21:48:12+07:00,2026-10-31T21:48:27+07:00,15,Ứng dụng trường,1,0,binh_thuong,
P00659,HS33,A,2026-10-31T22:10:03+07:00,2026-10-31T22:10:46+07:00,43,Web,1,0,bo_do,
P00660,HS39,A,2026-10-31T21:18:42+07:00,2026-10-31T21:18:57+07:00,15,Zalo Mini App,1,1,binh_thuong,5
P00661,HS40,A,2026-10-31T06:57:49+07:00,2026-10-31T06:59:14+07:00,85,Zalo Mini App,2,1,binh_thuong,4
P00662,HS02,B,2026-11-01T06:00:52+07:00,2026-11-01T06:01:37+07:00,45,Zalo Mini App,1,1,binh_thuong,
P00663,HS06,A,2026-11-01T21:04:12+07:00,2026-11-01T21:06:09+07:00,117,Web,3,2,bo_do,3
P00664,HS09,B,2026-11-01T21:24:51+07:00,2026-11-01T21:25:31+07:00,40,Web,2,2,binh_thuong,
P00665,HS11,A,2026-11-01T13:59:39+07:00,2026-11-01T14:00:40+07:00,61,Web,1,1,binh_thuong,5
P00666,HS12,B,2026-11-01T20:25:06+07:00,2026-11-01T20:25:55+07:00,49,Zalo Mini App,1,1,binh_thuong,4
P00667,HS13,B,2026-11-01T21:27:38+07:00,2026-11-01T21:28:01+07:00,23,Ứng dụng trường,1,1,binh_thuong,5
P00668,HS14,A,2026-11-01T15:56:51+07:00,2026-11-01T15:57:01+07:00,10,Zalo Mini App,1,0,binh_thuong,
P00669,HS16,B,2026-11-01T13:23:58+07:00,2026-11-01T13:24:26+07:00,28,Web,1,1,binh_thuong,
P00670,HS19,B,2026-11-01T21:41:46+07:00,2026-11-01T21:43:01+07:00,75,Web,1,1,binh_thuong,5
P00671,HS27,A,2026-11-01T20:42:59+07:00,2026-11-01T20:43:17+07:00,18,Web,1,1,binh_thuong,5
P00672,HS29,B,2026-11-01T19:22:02+07:00,2026-11-01T19:23:17+07:00,75,Web,3,3,binh_thuong,4
P00673,HS40,A,2026-11-01T17:36:45+07:00,2026-11-01T17:37:30+07:00,45,Ứng dụng trường,2,1,binh_thuong,4
P00674,HS06,A,2026-11-02T20:36:16+07:00,2026-11-02T20:37:29+07:00,73,Web,2,2,binh_thuong,
P00675,HS10,A,2026-11-02T21:27:09+07:00,2026-11-02T21:27:24+07:00,15,Zalo Mini App,1,1,binh_thuong,
P00676,HS10,A,2026-11-02T23:00:38+07:00,2026-11-02T23:01:15+07:00,37,Zalo Mini App,2,2,binh_thuong,
P00677,HS12,B,2026-11-02T20:04:08+07:00,2026-11-02T20:05:09+07:00,61,Zalo Mini App,2,2,binh_thuong,5
P00678,HS12,B,2026-11-02T06:15:03+07:00,2026-11-02T06:15:21+07:00,18,Zalo Mini App,1,1,binh_thuong,
P00679,HS14,A,2026-11-02T19:10:31+07:00,2026-11-02T19:11:30+07:00,59,Zalo Mini App,2,0,bo_do,2
P00680,HS16,B,2026-11-02T22:56:58+07:00,2026-11-02T22:57:22+07:00,24,Web,1,1,binh_thuong,4
P00681,HS19,B,2026-11-02T22:30:32+07:00,2026-11-02T22:31:04+07:00,32,Web,2,2,binh_thuong,5
P00682,HS20,A,2026-11-02T22:18:53+07:00,2026-11-02T22:19:14+07:00,21,Ứng dụng trường,1,1,binh_thuong,
P00683,HS25,A,2026-11-02T18:10:32+07:00,2026-11-02T18:10:58+07:00,26,Web,1,0,bo_do,3
P00684,HS26,B,2026-11-02T17:36:42+07:00,2026-11-02T17:37:17+07:00,35,Zalo Mini App,1,1,binh_thuong,4
P00685,HS28,B,2026-11-02T18:11:52+07:00,2026-11-02T18:12:23+07:00,31,Web,1,1,binh_thuong,5
P00686,HS28,B,2026-11-02T21:04:37+07:00,2026-11-02T21:04:58+07:00,21,Web,1,1,binh_thuong,5
P00687,HS30,A,2026-11-02T21:22:46+07:00,2026-11-02T21:23:02+07:00,16,Zalo Mini App,1,0,bo_do,3
P00688,HS31,A,2026-11-02T22:38:00+07:00,2026-11-02T22:38:50+07:00,50,Zalo Mini App,2,2,binh_thuong,5
P00689,HS32,A,2026-11-02T20:26:18+07:00,2026-11-02T20:32:08+07:00,350,Web,2,1,binh_thuong,5
P00690,HS37,B,2026-11-02T19:48:03+07:00,2026-11-02T19:48:24+07:00,21,Zalo Mini App,1,1,binh_thuong,
P00691,HS37,B,2026-11-02T21:24:50+07:00,2026-11-02T21:25:13+07:00,23,Zalo Mini App,1,1,binh_thuong,4
P00692,HS39,A,2026-11-02T20:03:53+07:00,2026-11-02T20:06:06+07:00,133,Ứng dụng trường,3,3,binh_thuong,
P00693,HS40,A,2026-11-02T11:26:01+07:00,2026-11-02T11:26:41+07:00,40,Ứng dụng trường,2,2,binh_thuong,4
P00694,HS04,A,2026-11-03T21:45:14+07:00,2026-11-03T21:45:26+07:00,12,Zalo Mini App,1,0,binh_thuong,3
P00695,HS04,A,2026-11-03T06:26:47+07:00,2026-11-03T06:28:25+07:00,98,Zalo Mini App,3,3,binh_thuong,5
P00696,HS10,A,2026-11-03T06:19:34+07:00,2026-11-03T06:20:11+07:00,37,Zalo Mini App,1,1,binh_thuong,4
P00697,HS12,B,2026-11-03T22:08:20+07:00,2026-11-03T22:08:47+07:00,27,Zalo Mini App,1,1,binh_thuong,4
P00698,HS13,B,2026-11-03T23:13:37+07:00,2026-11-03T23:14:43+07:00,66,Ứng dụng trường,2,2,binh_thuong,4
P00699,HS13,B,2026-11-03T21:33:30+07:00,2026-11-03T21:33:58+07:00,28,Ứng dụng trường,1,1,binh_thuong,5
P00700,HS15,B,2026-11-03T21:18:55+07:00,2026-11-03T21:20:26+07:00,91,Ứng dụng trường,4,4,binh_thuong,
P00701,HS16,B,2026-11-03T14:08:36+07:00,2026-11-03T14:09:24+07:00,48,Web,1,1,binh_thuong,5
P00702,HS18,B,2026-11-03T21:29:34+07:00,2026-11-03T21:30:11+07:00,37,Ứng dụng trường,1,1,binh_thuong,4
P00703,HS22,A,2026-11-03T13:44:33+07:00,2026-11-03T13:45:43+07:00,70,Zalo Mini App,1,0,binh_thuong,
P00704,HS26,B,2026-11-03T14:50:42+07:00,2026-11-03T14:51:50+07:00,68,Zalo Mini App,1,1,binh_thuong,
P00705,HS28,B,2026-11-03T21:46:05+07:00,2026-11-03T21:46:49+07:00,44,Web,1,1,binh_thuong,
P00706,HS31,A,2026-11-03T20:47:30+07:00,2026-11-03T20:47:52+07:00,22,Zalo Mini App,1,1,binh_thuong,4
P00707,HS33,A,2026-11-03T05:51:48+07:00,2026-11-03T05:52:31+07:00,43,Zalo Mini App,2,2,binh_thuong,
P00708,HS37,B,2026-11-03T12:19:19+07:00,2026-11-03T12:19:56+07:00,37,Zalo Mini App,1,1,binh_thuong,
P00709,HS38,B,2026-11-03T21:35:37+07:00,2026-11-03T21:36:13+07:00,36,Ứng dụng trường,1,1,binh_thuong,
P00710,HS39,A,2026-11-03T17:47:36+07:00,2026-11-03T17:48:24+07:00,48,Ứng dụng trường,2,2,binh_thuong,
P00711,HS04,A,2026-11-04T23:18:11+07:00,2026-11-04T23:19:17+07:00,66,Zalo Mini App,2,2,binh_thuong,4
P00712,HS06,A,2026-11-04T05:55:38+07:00,2026-11-04T05:56:29+07:00,51,Web,2,1,binh_thuong,4
P00713,HS10,A,2026-11-04T18:41:05+07:00,2026-11-04T18:42:07+07:00,62,Zalo Mini App,1,0,binh_thuong,3
P00714,HS12,B,2026-11-04T23:08:01+07:00,2026-11-04T23:08:48+07:00,47,Zalo Mini App,1,1,binh_thuong,
P00715,HS14,A,2026-11-04T22:14:58+07:00,2026-11-04T22:16:51+07:00,113,Zalo Mini App,2,1,binh_thuong,
P00716,HS16,B,2026-11-04T13:23:46+07:00,2026-11-04T13:24:11+07:00,25,Web,1,1,binh_thuong,4
P00717,HS19,B,2026-11-04T19:49:48+07:00,2026-11-04T19:50:58+07:00,70,Web,2,2,binh_thuong,
P00718,HS21,A,2026-11-04T21:38:30+07:00,2026-11-04T21:38:51+07:00,21,Web,1,1,binh_thuong,
P00719,HS24,B,2026-11-04T14:03:00+07:00,2026-11-04T14:03:20+07:00,20,Zalo Mini App,1,1,binh_thuong,4
P00720,HS24,B,2026-11-04T18:24:30+07:00,2026-11-04T18:25:06+07:00,36,Zalo Mini App,1,1,binh_thuong,
P00721,HS32,A,2026-11-04T22:47:30+07:00,2026-11-04T22:47:56+07:00,26,Web,1,0,bo_do,3
P00722,HS38,B,2026-11-04T21:51:32+07:00,2026-11-04T21:52:00+07:00,28,Web,1,1,binh_thuong,
P00723,HS40,A,2026-11-04T21:28:35+07:00,2026-11-04T21:29:09+07:00,34,Ứng dụng trường,1,1,binh_thuong,
P00724,HS03,A,2026-11-05T22:16:44+07:00,2026-11-05T22:17:33+07:00,49,Ứng dụng trường,2,2,binh_thuong,4
P00725,HS03,A,2026-11-05T21:46:49+07:00,2026-11-05T21:47:15+07:00,26,Ứng dụng trường,1,1,binh_thuong,5
P00726,HS07,B,2026-11-05T10:49:52+07:00,2026-11-05T10:51:27+07:00,95,Ứng dụng trường,3,3,binh_thuong,
P00727,HS09,B,2026-11-05T14:11:53+07:00,2026-11-05T14:12:37+07:00,44,Web,1,1,binh_thuong,4
P00728,HS18,B,2026-11-05T10:28:11+07:00,2026-11-05T10:28:47+07:00,36,Zalo Mini App,1,1,binh_thuong,4
P00729,HS19,B,2026-11-05T22:57:33+07:00,2026-11-05T22:58:50+07:00,77,Web,3,3,binh_thuong,5
P00730,HS19,B,2026-11-05T18:19:25+07:00,2026-11-05T18:21:27+07:00,122,Web,2,2,binh_thuong,4
P00731,HS22,A,2026-11-05T21:18:31+07:00,2026-11-05T21:19:51+07:00,80,Zalo Mini App,2,0,bo_do,
P00732,HS26,B,2026-11-05T21:58:29+07:00,2026-11-05T21:59:50+07:00,81,Zalo Mini App,2,2,binh_thuong,
P00733,HS27,A,2026-11-05T20:00:01+07:00,2026-11-05T20:00:49+07:00,48,Web,2,2,binh_thuong,
P00734,HS38,B,2026-11-05T20:09:31+07:00,2026-11-05T20:10:48+07:00,77,Web,2,2,binh_thuong,
P00735,HS01,B,2026-11-06T13:06:36+07:00,2026-11-06T13:09:21+07:00,165,Web,2,2,binh_thuong,
P00736,HS03,A,2026-11-06T12:03:27+07:00,2026-11-06T12:04:32+07:00,65,Ứng dụng trường,2,1,bo_do,3
P00737,HS04,A,2026-11-06T21:07:54+07:00,2026-11-06T21:09:24+07:00,90,Zalo Mini App,2,1,binh_thuong,3
P00738,HS07,B,2026-11-06T10:53:53+07:00,2026-11-06T10:56:03+07:00,130,Ứng dụng trường,4,4,binh_thuong,5
P00739,HS11,A,2026-11-06T20:03:24+07:00,2026-11-06T20:03:49+07:00,25,Web,1,1,binh_thuong,
P00740,HS13,B,2026-11-06T18:38:01+07:00,2026-11-06T18:39:16+07:00,75,Ứng dụng trường,3,3,binh_thuong,4
P00741,HS15,B,2026-11-06T20:05:13+07:00,2026-11-06T20:06:12+07:00,59,Web,2,2,binh_thuong,5
P00742,HS17,B,2026-11-06T20:53:50+07:00,2026-11-06T20:54:37+07:00,47,Web,2,2,binh_thuong,4
P00743,HS34,B,2026-11-06T22:59:58+07:00,2026-11-06T23:00:16+07:00,18,Web,1,1,binh_thuong,4
P00744,HS39,A,2026-11-06T22:29:35+07:00,2026-11-06T22:31:14+07:00,99,Ứng dụng trường,3,3,binh_thuong,
P00745,HS01,B,2026-11-07T21:36:20+07:00,2026-11-07T21:37:08+07:00,48,Web,2,2,binh_thuong,
P00746,HS02,B,2026-11-07T22:05:34+07:00,2026-11-07T22:06:05+07:00,31,Zalo Mini App,2,2,binh_thuong,
P00747,HS12,B,2026-11-07T21:58:06+07:00,2026-11-07T21:58:57+07:00,51,Zalo Mini App,3,3,binh_thuong,
P00748,HS13,B,2026-11-07T21:42:39+07:00,2026-11-07T21:43:06+07:00,27,Ứng dụng trường,1,1,binh_thuong,
P00749,HS15,B,2026-11-07T21:57:28+07:00,2026-11-07T21:58:28+07:00,60,Zalo Mini App,1,1,binh_thuong,5
P00750,HS17,B,2026-11-07T14:47:48+07:00,2026-11-07T14:48:03+07:00,15,Web,1,1,binh_thuong,
P00751,HS18,B,2026-11-07T11:47:16+07:00,2026-11-07T11:47:33+07:00,17,Ứng dụng trường,1,1,binh_thuong,4
P00752,HS24,B,2026-11-07T17:55:59+07:00,2026-11-07T17:56:41+07:00,42,Zalo Mini App,2,2,binh_thuong,
P00753,HS27,A,2026-11-07T17:10:14+07:00,2026-11-07T17:10:34+07:00,20,Zalo Mini App,1,1,binh_thuong,
P00754,HS38,B,2026-11-07T19:38:17+07:00,2026-11-07T19:38:58+07:00,41,Web,1,1,binh_thuong,5
P00755,HS40,A,2026-11-07T20:29:51+07:00,2026-11-07T20:30:47+07:00,56,Ứng dụng trường,2,2,binh_thuong,
P00756,HS03,A,2026-11-08T20:01:42+07:00,2026-11-08T20:02:03+07:00,21,Ứng dụng trường,1,0,bo_do,4
P00757,HS04,A,2026-11-08T20:36:22+07:00,2026-11-08T20:37:43+07:00,81,Zalo Mini App,2,2,binh_thuong,5
P00758,HS06,A,2026-11-08T21:33:04+07:00,2026-11-08T21:34:40+07:00,96,Web,3,3,binh_thuong,
P00759,HS07,B,2026-11-08T22:26:08+07:00,2026-11-08T22:28:04+07:00,116,Ứng dụng trường,2,2,binh_thuong,4
P00760,HS08,B,2026-11-08T18:42:22+07:00,2026-11-08T18:42:49+07:00,27,Zalo Mini App,1,1,binh_thuong,5
P00761,HS09,B,2026-11-08T06:05:02+07:00,2026-11-08T06:05:59+07:00,57,Web,2,2,binh_thuong,5
P00762,HS11,A,2026-11-08T13:27:33+07:00,2026-11-08T13:27:59+07:00,26,Web,1,1,binh_thuong,
P00763,HS13,B,2026-11-08T19:14:18+07:00,2026-11-08T19:15:46+07:00,88,Zalo Mini App,2,2,binh_thuong,
P00764,HS14,A,2026-11-08T23:50:51+07:00,2026-11-08T23:51:21+07:00,30,Zalo Mini App,1,0,binh_thuong,
P00765,HS17,B,2026-11-08T21:23:06+07:00,2026-11-08T21:23:35+07:00,29,Web,1,0,binh_thuong,4
P00766,HS18,B,2026-11-08T21:46:18+07:00,2026-11-08T21:46:35+07:00,17,Ứng dụng trường,1,1,binh_thuong,
P00767,HS24,B,2026-11-08T22:02:21+07:00,2026-11-08T22:03:47+07:00,86,Zalo Mini App,2,2,binh_thuong,4
P00768,HS26,B,2026-11-08T22:15:51+07:00,2026-11-08T22:16:10+07:00,19,Zalo Mini App,1,1,binh_thuong,
P00769,HS27,A,2026-11-08T07:30:11+07:00,2026-11-08T07:31:38+07:00,87,Web,3,3,binh_thuong,5
P00770,HS29,B,2026-11-08T21:19:11+07:00,2026-11-08T21:19:39+07:00,28,Web,2,2,binh_thuong,
P00771,HS29,B,2026-11-08T21:39:39+07:00,2026-11-08T21:40:14+07:00,35,Web,2,2,binh_thuong,
P00772,HS32,A,2026-11-08T06:30:40+07:00,2026-11-08T06:30:52+07:00,12,Ứng dụng trường,1,0,binh_thuong,3
P00773,HS34,B,2026-11-08T22:46:12+07:00,2026-11-08T22:47:11+07:00,59,Zalo Mini App,2,1,binh_thuong,4
P00774,HS38,B,2026-11-08T21:17:44+07:00,2026-11-08T21:18:20+07:00,36,Web,1,1,binh_thuong,5
P00775,HS01,B,2026-11-09T19:10:01+07:00,2026-11-09T19:11:06+07:00,65,Web,2,2,binh_thuong,5
P00776,HS01,B,2026-11-09T15:30:11+07:00,2026-11-09T15:31:00+07:00,49,Web,2,2,binh_thuong,5
P00777,HS04,A,2026-11-09T22:12:16+07:00,2026-11-09T22:14:05+07:00,109,Zalo Mini App,2,2,binh_thuong,4
P00778,HS09,B,2026-11-09T13:53:04+07:00,2026-11-09T13:53:26+07:00,22,Web,1,1,binh_thuong,5
P00779,HS10,A,2026-11-09T06:22:08+07:00,2026-11-09T06:23:27+07:00,79,Zalo Mini App,2,2,binh_thuong,5
P00780,HS11,A,2026-11-09T22:01:53+07:00,2026-11-09T22:02:29+07:00,36,Web,1,1,binh_thuong,
P00781,HS12,B,2026-11-09T21:44:52+07:00,2026-11-09T21:45:08+07:00,16,Zalo Mini App,1,1,binh_thuong,4
P00782,HS13,B,2026-11-09T16:30:25+07:00,2026-11-09T16:30:48+07:00,23,Ứng dụng trường,1,1,binh_thuong,5
P00783,HS14,A,2026-11-09T20:58:02+07:00,2026-11-09T20:59:05+07:00,63,Zalo Mini App,2,1,bo_do,
P00784,HS16,B,2026-11-09T06:29:31+07:00,2026-11-09T06:29:42+07:00,11,Web,1,1,binh_thuong,4
P00785,HS17,B,2026-11-09T12:26:23+07:00,2026-11-09T12:27:01+07:00,38,Web,2,2,binh_thuong,5
P00786,HS20,A,2026-11-09T12:08:29+07:00,2026-11-09T12:09:34+07:00,65,Ứng dụng trường,3,2,bo_do,
P00787,HS24,B,2026-11-09T07:41:52+07:00,2026-11-09T07:42:19+07:00,27,Zalo Mini App,1,1,binh_thuong,4
P00788,HS27,A,2026-11-09T22:46:38+07:00,2026-11-09T22:47:35+07:00,57,Web,1,1,binh_thuong,
P00789,HS28,B,2026-11-09T21:47:54+07:00,2026-11-09T21:48:29+07:00,35,Web,1,1,binh_thuong,5
P00790,HS31,A,2026-11-09T21:04:19+07:00,2026-11-09T21:05:18+07:00,59,Zalo Mini App,1,1,binh_thuong,4
P00791,HS34,B,2026-11-09T13:40:57+07:00,2026-11-09T13:41:51+07:00,54,Web,2,2,binh_thuong,4
P00792,HS14,A,2026-11-10T17:30:50+07:00,2026-11-10T17:31:31+07:00,41,Zalo Mini App,1,1,binh_thuong,
P00793,HS15,B,2026-11-10T12:05:04+07:00,2026-11-10T12:05:27+07:00,23,Ứng dụng trường,1,1,binh_thuong,4
P00794,HS16,B,2026-11-10T14:47:24+07:00,2026-11-10T14:48:04+07:00,40,Web,2,2,binh_thuong,5
P00795,HS19,B,2026-11-10T06:27:16+07:00,2026-11-10T06:28:12+07:00,56,Web,1,1,binh_thuong,4
P00796,HS20,A,2026-11-10T23:07:19+07:00,2026-11-10T23:07:48+07:00,29,Ứng dụng trường,1,1,binh_thuong,4
P00797,HS25,A,2026-11-10T16:50:44+07:00,2026-11-10T16:51:12+07:00,28,Web,1,1,binh_thuong,5
P00798,HS28,B,2026-11-10T22:44:58+07:00,2026-11-10T22:45:39+07:00,41,Web,1,1,binh_thuong,
P00799,HS33,A,2026-11-10T12:55:36+07:00,2026-11-10T12:56:06+07:00,30,Zalo Mini App,1,1,binh_thuong,4
P00800,HS34,B,2026-11-10T12:47:07+07:00,2026-11-10T12:47:39+07:00,32,Web,1,1,binh_thuong,
P00801,HS37,B,2026-11-10T21:21:11+07:00,2026-11-10T21:21:23+07:00,12,Zalo Mini App,1,1,binh_thuong,5
P00802,HS38,B,2026-11-10T20:16:24+07:00,2026-11-10T20:18:08+07:00,104,Web,4,4,binh_thuong,
P00803,HS04,A,2026-11-11T21:06:24+07:00,2026-11-11T21:06:36+07:00,12,Zalo Mini App,1,1,binh_thuong,4
P00804,HS05,B,2026-11-11T22:47:27+07:00,2026-11-11T22:48:12+07:00,45,Ứng dụng trường,2,2,binh_thuong,5
P00805,HS09,B,2026-11-11T17:27:13+07:00,2026-11-11T17:27:35+07:00,22,Web,1,1,binh_thuong,4
P00806,HS11,A,2026-11-11T20:52:16+07:00,2026-11-11T20:53:27+07:00,71,Web,2,2,binh_thuong,4
P00807,HS12,B,2026-11-11T12:19:40+07:00,2026-11-11T12:20:17+07:00,37,Zalo Mini App,1,1,binh_thuong,5
P00808,HS15,B,2026-11-11T22:27:48+07:00,2026-11-11T22:28:58+07:00,70,Web,2,2,binh_thuong,5
P00809,HS16,B,2026-11-11T06:09:23+07:00,2026-11-11T06:10:33+07:00,70,Web,3,3,binh_thuong,5
P00810,HS21,A,2026-11-11T18:19:04+07:00,2026-11-11T18:19:35+07:00,31,Web,1,1,binh_thuong,5
P00811,HS26,B,2026-11-11T19:25:19+07:00,2026-11-11T19:27:06+07:00,107,Zalo Mini App,2,2,binh_thuong,5
P00812,HS30,A,2026-11-11T18:43:50+07:00,2026-11-11T18:44:27+07:00,37,Zalo Mini App,1,0,binh_thuong,4
P00813,HS31,A,2026-11-11T22:55:59+07:00,2026-11-11T22:56:52+07:00,53,Web,1,1,binh_thuong,4
P00814,HS40,A,2026-11-11T19:51:40+07:00,2026-11-11T19:52:04+07:00,24,Ứng dụng trường,1,1,binh_thuong,
P00815,HS40,A,2026-11-11T06:05:02+07:00,2026-11-11T06:07:07+07:00,125,Ứng dụng trường,3,2,binh_thuong,4
P00816,HS10,A,2026-11-12T20:13:26+07:00,2026-11-12T20:13:45+07:00,19,Zalo Mini App,1,1,binh_thuong,5
P00817,HS21,A,2026-11-12T23:44:33+07:00,2026-11-12T23:46:33+07:00,120,Zalo Mini App,3,2,bo_do,3
P00818,HS25,A,2026-11-12T16:47:44+07:00,2026-11-12T16:49:04+07:00,80,Web,3,2,binh_thuong,5
P00819,HS29,B,2026-11-12T16:55:39+07:00,2026-11-12T16:56:00+07:00,21,Web,1,1,binh_thuong,4
P00820,HS29,B,2026-11-12T13:46:27+07:00,2026-11-12T13:47:20+07:00,53,Web,1,1,binh_thuong,
P00821,HS36,A,2026-11-12T06:40:00+07:00,2026-11-12T06:40:38+07:00,38,Ứng dụng trường,2,2,binh_thuong,5
P00822,HS36,A,2026-11-12T06:39:24+07:00,2026-11-12T06:41:43+07:00,139,Zalo Mini App,3,3,binh_thuong,5
P00823,HS39,A,2026-11-12T19:24:50+07:00,2026-11-12T19:24:59+07:00,9,Ứng dụng trường,1,0,binh_thuong,2
P00824,HS39,A,2026-11-12T21:35:41+07:00,2026-11-12T21:36:32+07:00,51,Ứng dụng trường,2,1,binh_thuong,4
P00825,HS40,A,2026-11-12T07:40:20+07:00,2026-11-12T07:40:34+07:00,14,Ứng dụng trường,1,1,binh_thuong,5
P00826,HS03,A,2026-11-13T20:13:40+07:00,2026-11-13T20:14:04+07:00,24,Ứng dụng trường,1,1,binh_thuong,4
P00827,HS03,A,2026-11-13T20:46:03+07:00,2026-11-13T20:47:25+07:00,82,Ứng dụng trường,2,1,bo_do,
P00828,HS09,B,2026-11-13T06:37:51+07:00,2026-11-13T06:39:33+07:00,102,Web,2,2,binh_thuong,
P00829,HS14,A,2026-11-13T12:32:39+07:00,2026-11-13T12:32:54+07:00,15,Zalo Mini App,1,1,binh_thuong,5
P00830,HS15,B,2026-11-13T22:26:09+07:00,2026-11-13T22:26:36+07:00,27,Web,2,1,binh_thuong,5
P00831,HS30,A,2026-11-13T22:18:22+07:00,2026-11-13T22:20:18+07:00,116,Zalo Mini App,2,1,binh_thuong,5
P00832,HS35,A,2026-11-13T21:05:02+07:00,2026-11-13T21:05:49+07:00,47,Zalo Mini App,2,1,bo_do,
P00833,HS40,A,2026-11-13T20:05:05+07:00,2026-11-13T20:07:44+07:00,159,Ứng dụng trường,3,2,binh_thuong,4
P00834,HS10,A,2026-11-14T09:04:13+07:00,2026-11-14T09:05:48+07:00,95,Zalo Mini App,4,4,binh_thuong,
P00835,HS10,A,2026-11-14T22:55:46+07:00,2026-11-14T22:56:37+07:00,51,Zalo Mini App,2,1,binh_thuong,3
P00836,HS20,A,2026-11-14T07:18:18+07:00,2026-11-14T07:19:05+07:00,47,Ứng dụng trường,2,1,binh_thuong,
P00837,HS20,A,2026-11-14T21:14:01+07:00,2026-11-14T21:14:36+07:00,35,Ứng dụng trường,1,1,binh_thuong,4
P00838,HS25,A,2026-11-14T19:00:50+07:00,2026-11-14T19:01:30+07:00,40,Web,1,0,binh_thuong,4
P00839,HS33,A,2026-11-14T20:58:27+07:00,2026-11-14T20:59:06+07:00,39,Zalo Mini App,2,1,binh_thuong,
P00840,HS03,A,2026-11-15T13:56:34+07:00,2026-11-15T13:57:22+07:00,48,Web,1,1,binh_thuong,4
P00841,HS06,A,2026-11-15T18:03:24+07:00,2026-11-15T18:04:13+07:00,49,Web,1,1,binh_thuong,5
P00842,HS07,B,2026-11-15T11:50:25+07:00,2026-11-15T11:53:50+07:00,205,Web,5,5,binh_thuong,5
P00843,HS08,B,2026-11-15T20:14:26+07:00,2026-11-15T20:15:32+07:00,66,Zalo Mini App,3,3,binh_thuong,4
P00844,HS08,B,2026-11-15T21:55:01+07:00,2026-11-15T21:56:58+07:00,117,Ứng dụng trường,2,2,binh_thuong,
P00845,HS11,A,2026-11-15T06:30:57+07:00,2026-11-15T06:31:21+07:00,24,Web,1,1,binh_thuong,4
P00846,HS12,B,2026-11-15T09:34:44+07:00,2026-11-15T09:34:55+07:00,11,Zalo Mini App,1,1,binh_thuong,4
P00847,HS12,B,2026-11-15T21:57:00+07:00,2026-11-15T21:58:33+07:00,93,Zalo Mini App,3,3,binh_thuong,
P00848,HS24,B,2026-11-15T13:46:42+07:00,2026-11-15T13:47:59+07:00,77,Zalo Mini App,2,2,binh_thuong,
P00849,HS25,A,2026-11-15T17:47:51+07:00,2026-11-15T17:49:10+07:00,79,Web,2,1,binh_thuong,4
P00850,HS28,B,2026-11-15T07:27:24+07:00,2026-11-15T07:28:28+07:00,64,Web,2,2,binh_thuong,
P00851,HS29,B,2026-11-15T23:06:07+07:00,2026-11-15T23:06:23+07:00,16,Web,1,1,binh_thuong,
P00852,HS29,B,2026-11-15T17:01:28+07:00,2026-11-15T17:01:36+07:00,8,Web,1,1,binh_thuong,4
P00853,HS29,B,2026-11-15T20:02:19+07:00,2026-11-15T20:03:19+07:00,60,Web,2,2,binh_thuong,5
P00854,HS29,B,2026-11-15T21:16:06+07:00,2026-11-15T21:16:33+07:00,27,Web,1,1,binh_thuong,
P00855,HS30,A,2026-11-15T12:18:04+07:00,2026-11-15T12:18:41+07:00,37,Zalo Mini App,2,2,binh_thuong,4
P00856,HS36,A,2026-11-15T18:11:50+07:00,2026-11-15T18:13:04+07:00,74,Zalo Mini App,1,0,binh_thuong,2
P00857,HS36,A,2026-11-15T18:35:45+07:00,2026-11-15T18:37:22+07:00,97,Web,1,1,binh_thuong,
P00858,HS37,B,2026-11-15T19:38:13+07:00,2026-11-15T19:38:31+07:00,18,Zalo Mini App,1,1,binh_thuong,
P00859,HS37,B,2026-11-15T22:44:17+07:00,2026-11-15T22:45:07+07:00,50,Zalo Mini App,2,2,binh_thuong,4
P00860,HS39,A,2026-11-15T22:35:10+07:00,2026-11-15T22:35:28+07:00,18,Ứng dụng trường,1,1,binh_thuong,4
P00861,HS40,A,2026-11-15T20:43:56+07:00,2026-11-15T20:44:42+07:00,46,Ứng dụng trường,2,1,binh_thuong,
P00862,HS03,A,2026-11-16T19:59:19+07:00,2026-11-16T19:59:44+07:00,25,Zalo Mini App,2,1,bo_do,
P00863,HS05,B,2026-11-16T22:13:13+07:00,2026-11-16T22:14:02+07:00,49,Ứng dụng trường,2,2,binh_thuong,5
P00864,HS10,A,2026-11-16T12:33:09+07:00,2026-11-16T12:34:08+07:00,59,Zalo Mini App,2,1,bo_do,
P00865,HS10,A,2026-11-16T07:47:38+07:00,2026-11-16T07:48:17+07:00,39,Zalo Mini App,2,1,binh_thuong,3
P00866,HS21,A,2026-11-16T22:50:19+07:00,2026-11-16T22:50:48+07:00,29,Web,1,1,binh_thuong,
P00867,HS23,A,2026-11-16T21:19:23+07:00,2026-11-16T21:20:16+07:00,53,Ứng dụng trường,3,3,binh_thuong,5
P00868,HS24,B,2026-11-16T21:45:20+07:00,2026-11-16T21:46:05+07:00,45,Zalo Mini App,1,1,binh_thuong,5
P00869,HS25,A,2026-11-16T16:24:05+07:00,2026-11-16T16:25:10+07:00,65,Zalo Mini App,3,0,binh_thuong,3
P00870,HS27,A,2026-11-16T21:31:44+07:00,2026-11-16T21:32:40+07:00,56,Web,2,0,bo_do,3
P00871,HS28,B,2026-11-16T16:27:32+07:00,2026-11-16T16:30:02+07:00,150,Ứng dụng trường,3,3,binh_thuong,4
P00872,HS29,B,2026-11-16T22:07:32+07:00,2026-11-16T22:08:01+07:00,29,Web,1,1,binh_thuong,
P00873,HS31,A,2026-11-16T06:03:50+07:00,2026-11-16T06:04:52+07:00,62,Zalo Mini App,2,2,binh_thuong,4
P00874,HS36,A,2026-11-16T21:27:02+07:00,2026-11-16T21:28:50+07:00,108,Zalo Mini App,3,3,binh_thuong,
P00875,HS36,A,2026-11-16T23:23:35+07:00,2026-11-16T23:24:19+07:00,44,Zalo Mini App,2,0,binh_thuong,
P00876,HS37,B,2026-11-16T10:07:56+07:00,2026-11-16T10:09:20+07:00,84,Zalo Mini App,2,2,binh_thuong,
P00877,HS40,A,2026-11-16T22:13:10+07:00,2026-11-16T22:13:56+07:00,46,Ứng dụng trường,2,1,bo_do,3
P00878,HS40,A,2026-11-16T12:52:03+07:00,2026-11-16T12:53:18+07:00,75,Ứng dụng trường,1,1,binh_thuong,
P00879,HS03,A,2026-11-17T17:37:50+07:00,2026-11-17T17:38:03+07:00,13,Ứng dụng trường,1,1,binh_thuong,
P00880,HS11,A,2026-11-17T14:38:30+07:00,2026-11-17T14:39:45+07:00,75,Web,2,1,binh_thuong,4
P00881,HS12,B,2026-11-17T07:35:57+07:00,2026-11-17T07:37:40+07:00,103,Zalo Mini App,3,3,binh_thuong,5
P00882,HS12,B,2026-11-17T21:02:42+07:00,2026-11-17T21:03:22+07:00,40,Zalo Mini App,2,2,binh_thuong,5
P00883,HS13,B,2026-11-17T11:44:29+07:00,2026-11-17T11:45:21+07:00,52,Ứng dụng trường,1,1,binh_thuong,
P00884,HS19,B,2026-11-17T15:24:56+07:00,2026-11-17T15:25:41+07:00,45,Web,1,1,binh_thuong,
P00885,HS24,B,2026-11-17T19:04:24+07:00,2026-11-17T19:06:05+07:00,101,Zalo Mini App,2,2,binh_thuong,
P00886,HS27,A,2026-11-17T23:59:42+07:00,2026-11-18T00:00:45+07:00,63,Ứng dụng trường,3,2,binh_thuong,3
P00887,HS28,B,2026-11-17T07:26:07+07:00,2026-11-17T07:27:00+07:00,53,Web,2,2,binh_thuong,5
P00888,HS31,A,2026-11-17T06:05:50+07:00,2026-11-17T06:06:14+07:00,24,Zalo Mini App,1,0,binh_thuong,
P00889,HS40,A,2026-11-17T21:09:46+07:00,2026-11-17T21:10:33+07:00,47,Ứng dụng trường,2,1,binh_thuong,4
P00890,HS02,B,2026-11-18T22:41:15+07:00,2026-11-18T22:42:37+07:00,82,Zalo Mini App,3,3,binh_thuong,5
P00891,HS07,B,2026-11-18T06:50:35+07:00,2026-11-18T06:51:02+07:00,27,Ứng dụng trường,1,1,binh_thuong,3
P00892,HS12,B,2026-11-18T23:25:52+07:00,2026-11-18T23:27:06+07:00,74,Zalo Mini App,2,2,binh_thuong,5
P00893,HS19,B,2026-11-18T21:31:24+07:00,2026-11-18T21:32:01+07:00,37,Web,1,1,binh_thuong,5
P00894,HS20,A,2026-11-18T22:29:02+07:00,2026-11-18T22:29:12+07:00,10,Ứng dụng trường,1,1,binh_thuong,5
P00895,HS27,A,2026-11-18T12:02:34+07:00,2026-11-18T12:03:11+07:00,37,Web,1,1,binh_thuong,4
P00896,HS27,A,2026-11-18T22:43:58+07:00,2026-11-18T22:46:06+07:00,128,Web,3,2,binh_thuong,5
P00897,HS31,A,2026-11-18T22:40:22+07:00,2026-11-18T22:42:34+07:00,132,Zalo Mini App,3,3,binh_thuong,4
P00898,HS32,A,2026-11-18T20:56:37+07:00,2026-11-18T20:57:18+07:00,41,Web,1,1,binh_thuong,4
P00899,HS34,B,2026-11-18T11:55:15+07:00,2026-11-18T11:57:23+07:00,128,Web,3,3,binh_thuong,4
P00900,HS34,B,2026-11-18T09:06:17+07:00,2026-11-18T09:06:52+07:00,35,Web,1,1,binh_thuong,5
P00901,HS34,B,2026-11-18T21:27:44+07:00,2026-11-18T21:28:34+07:00,50,Web,2,2,binh_thuong,5
P00902,HS35,A,2026-11-18T23:03:32+07:00,2026-11-18T23:04:09+07:00,37,Zalo Mini App,1,1,binh_thuong,
P00903,HS40,A,2026-11-18T13:12:04+07:00,2026-11-18T13:14:09+07:00,125,Ứng dụng trường,2,2,binh_thuong,4
P00904,HS01,B,2026-11-19T18:44:10+07:00,2026-11-19T18:45:37+07:00,87,Web,3,3,binh_thuong,5
P00905,HS05,B,2026-11-19T21:12:49+07:00,2026-11-19T21:13:24+07:00,35,Ứng dụng trường,2,2,binh_thuong,5
P00906,HS07,B,2026-11-19T07:37:34+07:00,2026-11-19T07:38:34+07:00,60,Ứng dụng trường,2,2,binh_thuong,5
P00907,HS08,B,2026-11-19T20:51:04+07:00,2026-11-19T20:51:32+07:00,28,Zalo Mini App,1,1,binh_thuong,5
P00908,HS13,B,2026-11-19T23:10:31+07:00,2026-11-19T23:13:45+07:00,194,Ứng dụng trường,5,5,binh_thuong,5
P00909,HS18,B,2026-11-19T21:39:11+07:00,2026-11-19T21:40:39+07:00,88,Ứng dụng trường,2,2,binh_thuong,5
P00910,HS18,B,2026-11-19T21:46:42+07:00,2026-11-19T21:48:14+07:00,92,Ứng dụng trường,3,3,binh_thuong,5
P00911,HS20,A,2026-11-19T18:27:33+07:00,2026-11-19T18:29:00+07:00,87,Ứng dụng trường,2,1,binh_thuong,
P00912,HS38,B,2026-11-19T06:30:22+07:00,2026-11-19T06:32:02+07:00,100,Zalo Mini App,2,2,binh_thuong,4
P00913,HS39,A,2026-11-19T20:09:57+07:00,2026-11-19T20:11:13+07:00,76,Ứng dụng trường,2,2,binh_thuong,5
P00914,HS40,A,2026-11-19T12:27:22+07:00,2026-11-19T12:29:02+07:00,100,Ứng dụng trường,3,1,binh_thuong,2
P00915,HS11,A,2026-11-20T14:28:53+07:00,2026-11-20T14:29:21+07:00,28,Web,1,0,binh_thuong,
P00916,HS15,B,2026-11-20T06:14:59+07:00,2026-11-20T06:16:17+07:00,78,Web,3,3,binh_thuong,
P00917,HS21,A,2026-11-20T22:56:56+07:00,2026-11-20T22:58:15+07:00,79,Web,2,2,binh_thuong,4
P00918,HS22,A,2026-11-20T20:09:15+07:00,2026-11-20T20:09:45+07:00,30,Zalo Mini App,1,0,binh_thuong,3
P00919,HS35,A,2026-11-20T17:40:42+07:00,2026-11-20T17:41:33+07:00,51,Zalo Mini App,2,2,binh_thuong,5
P00920,HS13,B,2026-11-21T18:44:55+07:00,2026-11-21T18:45:13+07:00,18,Ứng dụng trường,1,1,binh_thuong,
P00921,HS23,A,2026-11-21T12:23:47+07:00,2026-11-21T12:24:45+07:00,58,Zalo Mini App,2,2,binh_thuong,
P00922,HS01,B,2026-11-22T20:02:03+07:00,2026-11-22T20:02:24+07:00,21,Zalo Mini App,1,0,binh_thuong,
P00923,HS06,A,2026-11-22T22:16:53+07:00,2026-11-22T22:17:07+07:00,14,Web,1,1,binh_thuong,5
P00924,HS10,A,2026-11-22T13:04:12+07:00,2026-11-22T13:04:53+07:00,41,Zalo Mini App,2,1,binh_thuong,
P00925,HS16,B,2026-11-22T12:50:57+07:00,2026-11-22T12:51:21+07:00,24,Web,1,1,binh_thuong,
P00926,HS19,B,2026-11-22T12:22:34+07:00,2026-11-22T12:23:32+07:00,58,Web,2,2,binh_thuong,
P00927,HS19,B,2026-11-22T20:34:05+07:00,2026-11-22T20:34:20+07:00,15,Web,1,1,binh_thuong,4
P00928,HS21,A,2026-11-22T06:31:11+07:00,2026-11-22T06:31:47+07:00,36,Web,2,2,binh_thuong,
P00929,HS27,A,2026-11-22T19:50:16+07:00,2026-11-22T19:50:28+07:00,12,Web,1,0,bo_do,
P00930,HS34,B,2026-11-22T13:11:41+07:00,2026-11-22T13:12:15+07:00,34,Web,1,1,binh_thuong,4
P00931,HS39,A,2026-11-22T07:07:28+07:00,2026-11-22T07:08:14+07:00,46,Ứng dụng trường,1,1,binh_thuong,5
P00932,HS40,A,2026-11-22T18:04:18+07:00,2026-11-22T18:04:54+07:00,36,Ứng dụng trường,1,1,binh_thuong,
P00933,HS04,A,2026-11-23T22:51:42+07:00,2026-11-23T22:52:18+07:00,36,Zalo Mini App,1,0,binh_thuong,
P00934,HS05,B,2026-11-23T17:33:56+07:00,2026-11-23T17:34:21+07:00,25,Ứng dụng trường,1,1,binh_thuong,5
P00935,HS13,B,2026-11-23T07:45:50+07:00,2026-11-23T07:46:26+07:00,36,Ứng dụng trường,1,1,binh_thuong,5
P00936,HS15,B,2026-11-23T18:15:48+07:00,2026-11-23T18:17:50+07:00,122,Web,2,2,binh_thuong,
P00937,HS35,A,2026-11-23T20:42:45+07:00,2026-11-23T20:43:15+07:00,30,Zalo Mini App,2,2,binh_thuong,5
P00938,HS39,A,2026-11-23T11:31:31+07:00,2026-11-23T11:32:07+07:00,36,Ứng dụng trường,1,1,binh_thuong,4
P00939,HS08,B,2026-11-24T12:01:00+07:00,2026-11-24T12:02:11+07:00,71,Zalo Mini App,3,3,binh_thuong,5
P00940,HS10,A,2026-11-24T13:06:36+07:00,2026-11-24T13:07:02+07:00,26,Zalo Mini App,1,1,binh_thuong,5
P00941,HS10,A,2026-11-24T19:59:27+07:00,2026-11-24T19:59:42+07:00,15,Zalo Mini App,1,1,binh_thuong,5
P00942,HS15,B,2026-11-24T21:07:26+07:00,2026-11-24T21:08:08+07:00,42,Web,1,1,binh_thuong,
P00943,HS16,B,2026-11-24T05:08:24+07:00,2026-11-24T05:09:02+07:00,38,Ứng dụng trường,2,2,binh_thuong,
P00944,HS24,B,2026-11-24T19:02:01+07:00,2026-11-24T19:02:40+07:00,39,Zalo Mini App,1,1,binh_thuong,5
P00945,HS27,A,2026-11-24T20:21:10+07:00,2026-11-24T20:21:58+07:00,48,Web,2,2,binh_thuong,4
P00946,HS28,B,2026-11-24T13:17:53+07:00,2026-11-24T13:18:37+07:00,44,Web,2,2,binh_thuong,4
P00947,HS30,A,2026-11-24T21:07:41+07:00,2026-11-24T21:08:44+07:00,63,Zalo Mini App,3,3,binh_thuong,5
P00948,HS39,A,2026-11-24T12:30:38+07:00,2026-11-24T12:31:02+07:00,24,Ứng dụng trường,1,1,binh_thuong,4
P00949,HS01,B,2026-11-25T22:51:26+07:00,2026-11-25T22:52:15+07:00,49,Web,2,2,binh_thuong,5
P00950,HS14,A,2026-11-25T06:30:28+07:00,2026-11-25T06:31:11+07:00,43,Zalo Mini App,2,1,binh_thuong,
P00951,HS14,A,2026-11-25T19:51:26+07:00,2026-11-25T19:51:53+07:00,27,Zalo Mini App,1,1,binh_thuong,4
P00952,HS21,A,2026-11-25T16:39:38+07:00,2026-11-25T16:40:25+07:00,47,Zalo Mini App,1,0,binh_thuong,
P00953,HS23,A,2026-11-25T20:20:04+07:00,2026-11-25T20:22:22+07:00,138,Zalo Mini App,3,3,binh_thuong,5
P00954,HS23,A,2026-11-25T06:41:33+07:00,2026-11-25T06:43:07+07:00,94,Zalo Mini App,2,2,binh_thuong,
P00955,HS24,B,2026-11-25T18:41:02+07:00,2026-11-25T18:41:36+07:00,34,Zalo Mini App,2,2,binh_thuong,5
P00956,HS27,A,2026-11-25T21:32:16+07:00,2026-11-25T21:32:40+07:00,24,Web,1,1,binh_thuong,
P00957,HS35,A,2026-11-25T21:03:31+07:00,2026-11-25T21:04:52+07:00,81,Zalo Mini App,2,1,bo_do,
P00958,HS39,A,2026-11-25T13:37:45+07:00,2026-11-25T13:39:03+07:00,78,Ứng dụng trường,2,2,binh_thuong,4
P00959,HS40,A,2026-11-25T06:03:02+07:00,2026-11-25T06:04:35+07:00,93,Ứng dụng trường,2,2,binh_thuong,
P00960,HS01,B,2026-11-26T12:48:24+07:00,2026-11-26T12:49:00+07:00,36,Web,1,1,binh_thuong,4
P00961,HS03,A,2026-11-26T20:30:07+07:00,2026-11-26T20:31:49+07:00,102,Ứng dụng trường,3,3,binh_thuong,5
P00962,HS04,A,2026-11-26T13:25:45+07:00,2026-11-26T13:26:21+07:00,36,Zalo Mini App,2,1,binh_thuong,3
P00963,HS04,A,2026-11-26T20:26:58+07:00,2026-11-26T20:27:07+07:00,9,Zalo Mini App,1,1,binh_thuong,4
P00964,HS08,B,2026-11-26T16:55:59+07:00,2026-11-26T16:57:20+07:00,81,Zalo Mini App,2,2,binh_thuong,5
P00965,HS15,B,2026-11-26T19:50:06+07:00,2026-11-26T19:50:23+07:00,17,Web,1,1,binh_thuong,5
P00966,HS17,B,2026-11-26T18:54:30+07:00,2026-11-26T18:56:37+07:00,127,Web,4,4,binh_thuong,
P00967,HS18,B,2026-11-26T08:44:06+07:00,2026-11-26T08:44:21+07:00,15,Ứng dụng trường,1,1,binh_thuong,
P00968,HS23,A,2026-11-26T12:39:39+07:00,2026-11-26T12:41:23+07:00,104,Ứng dụng trường,2,2,binh_thuong,4
P00969,HS25,A,2026-11-26T13:28:00+07:00,2026-11-26T13:28:18+07:00,18,Web,1,1,binh_thuong,5
P00970,HS26,B,2026-11-26T12:28:58+07:00,2026-11-26T12:31:13+07:00,135,Zalo Mini App,4,4,binh_thuong,5
P00971,HS28,B,2026-11-26T21:14:59+07:00,2026-11-26T21:15:17+07:00,18,Web,1,1,binh_thuong,
P00972,HS28,B,2026-11-26T05:38:13+07:00,2026-11-26T05:38:39+07:00,26,Web,1,1,binh_thuong,
P00973,HS28,B,2026-11-26T11:38:32+07:00,2026-11-26T11:39:57+07:00,85,Web,3,3,binh_thuong,4
P00974,HS32,A,2026-11-26T20:57:32+07:00,2026-11-26T20:58:51+07:00,79,Web,1,1,binh_thuong,5
P00975,HS33,A,2026-11-26T07:30:20+07:00,2026-11-26T07:30:41+07:00,21,Zalo Mini App,1,1,binh_thuong,
P00976,HS36,A,2026-11-26T22:14:31+07:00,2026-11-26T22:15:54+07:00,83,Zalo Mini App,3,2,binh_thuong,
P00977,HS39,A,2026-11-26T18:30:40+07:00,2026-11-26T18:31:43+07:00,63,Ứng dụng trường,3,3,binh_thuong,5
P00978,HS40,A,2026-11-26T06:53:10+07:00,2026-11-26T06:55:07+07:00,117,Ứng dụng trường,3,3,binh_thuong,5
P00979,HS04,A,2026-11-27T20:43:38+07:00,2026-11-27T20:43:54+07:00,16,Zalo Mini App,1,0,binh_thuong,3
P00980,HS06,A,2026-11-27T21:47:37+07:00,2026-11-27T21:48:35+07:00,58,Web,2,2,binh_thuong,
P00981,HS08,B,2026-11-27T16:47:10+07:00,2026-11-27T16:47:21+07:00,11,Zalo Mini App,1,1,binh_thuong,5
P00982,HS13,B,2026-11-27T20:49:20+07:00,2026-11-27T20:53:55+07:00,275,Ứng dụng trường,2,2,binh_thuong,4
P00983,HS20,A,2026-11-27T11:25:36+07:00,2026-11-27T11:28:06+07:00,150,Ứng dụng trường,5,4,bo_do,3
P00984,HS24,B,2026-11-27T20:19:34+07:00,2026-11-27T20:20:06+07:00,32,Zalo Mini App,1,1,binh_thuong,5
P00985,HS24,B,2026-11-27T15:07:12+07:00,2026-11-27T15:08:27+07:00,75,Zalo Mini App,2,2,binh_thuong,4
P00986,HS32,A,2026-11-27T16:06:29+07:00,2026-11-27T16:07:46+07:00,77,Web,3,2,binh_thuong,5
P00987,HS34,B,2026-11-27T21:52:16+07:00,2026-11-27T21:52:25+07:00,9,Web,1,1,binh_thuong,
P00988,HS37,B,2026-11-27T21:45:24+07:00,2026-11-27T21:45:50+07:00,26,Zalo Mini App,2,2,binh_thuong,5
P00989,HS07,B,2026-11-28T09:54:43+07:00,2026-11-28T09:54:59+07:00,16,Ứng dụng trường,1,1,binh_thuong,5
P00990,HS08,B,2026-11-28T20:00:44+07:00,2026-11-28T20:01:42+07:00,58,Zalo Mini App,2,2,binh_thuong,
P00991,HS13,B,2026-11-28T19:31:03+07:00,2026-11-28T19:31:59+07:00,56,Ứng dụng trường,2,2,binh_thuong,4
P00992,HS13,B,2026-11-28T06:11:42+07:00,2026-11-28T06:12:17+07:00,35,Ứng dụng trường,2,2,binh_thuong,5
P00993,HS18,B,2026-11-28T21:50:29+07:00,2026-11-28T21:50:37+07:00,8,Ứng dụng trường,1,1,binh_thuong,4
P00994,HS19,B,2026-11-28T22:33:44+07:00,2026-11-28T22:34:11+07:00,27,Web,1,1,binh_thuong,4
P00995,HS25,A,2026-11-28T17:56:15+07:00,2026-11-28T17:56:57+07:00,42,Web,1,1,binh_thuong,5
P00996,HS27,A,2026-11-28T13:29:16+07:00,2026-11-28T13:30:37+07:00,81,Web,2,1,bo_do,4
P00997,HS30,A,2026-11-28T21:04:02+07:00,2026-11-28T21:04:22+07:00,20,Zalo Mini App,1,1,binh_thuong,5
P00998,HS39,A,2026-11-28T20:56:34+07:00,2026-11-28T20:57:23+07:00,49,Ứng dụng trường,2,1,binh_thuong,
P00999,HS03,A,2026-11-29T20:25:37+07:00,2026-11-29T20:26:02+07:00,25,Ứng dụng trường,1,1,binh_thuong,
P01000,HS04,A,2026-11-29T12:40:35+07:00,2026-11-29T12:40:54+07:00,19,Zalo Mini App,1,1,binh_thuong,4
P01001,HS04,A,2026-11-29T20:54:21+07:00,2026-11-29T20:55:19+07:00,58,Zalo Mini App,2,2,binh_thuong,
P01002,HS05,B,2026-11-29T14:10:45+07:00,2026-11-29T14:11:07+07:00,22,Ứng dụng trường,1,1,binh_thuong,4
P01003,HS07,B,2026-11-29T21:08:10+07:00,2026-11-29T21:09:00+07:00,50,Ứng dụng trường,2,2,binh_thuong,5
P01004,HS10,A,2026-11-29T06:05:31+07:00,2026-11-29T06:05:52+07:00,21,Zalo Mini App,1,1,binh_thuong,4
P01005,HS12,B,2026-11-29T11:31:56+07:00,2026-11-29T11:34:05+07:00,129,Zalo Mini App,2,2,binh_thuong,4
P01006,HS12,B,2026-11-29T19:52:15+07:00,2026-11-29T19:53:23+07:00,68,Web,1,1,binh_thuong,5
P01007,HS19,B,2026-11-29T20:08:34+07:00,2026-11-29T20:09:06+07:00,32,Web,1,1,binh_thuong,5
P01008,HS20,A,2026-11-29T16:54:06+07:00,2026-11-29T16:55:20+07:00,74,Ứng dụng trường,2,2,binh_thuong,5
P01009,HS21,A,2026-11-29T16:48:37+07:00,2026-11-29T16:49:13+07:00,36,Web,1,0,binh_thuong,5
P01010,HS24,B,2026-11-29T22:17:21+07:00,2026-11-29T22:17:43+07:00,22,Zalo Mini App,1,1,binh_thuong,5
P01011,HS26,B,2026-11-29T18:02:16+07:00,2026-11-29T18:03:23+07:00,67,Zalo Mini App,2,2,binh_thuong,4
P01012,HS26,B,2026-11-29T20:09:38+07:00,2026-11-29T20:10:30+07:00,52,Zalo Mini App,1,1,binh_thuong,
P01013,HS27,A,2026-11-29T07:33:47+07:00,2026-11-29T07:34:23+07:00,36,Web,1,0,binh_thuong,3
P01014,HS27,A,2026-11-29T21:47:01+07:00,2026-11-29T21:47:56+07:00,55,Web,2,2,binh_thuong,4
P01015,HS28,B,2026-11-29T16:11:48+07:00,2026-11-29T16:13:04+07:00,76,Web,3,3,binh_thuong,3
P01016,HS29,B,2026-11-29T22:18:39+07:00,2026-11-29T22:18:58+07:00,19,Web,1,1,binh_thuong,
P01017,HS31,A,2026-11-29T18:49:02+07:00,2026-11-29T18:49:43+07:00,41,Zalo Mini App,1,1,binh_thuong,5
P01018,HS35,A,2026-11-29T16:07:20+07:00,2026-11-29T16:07:50+07:00,30,Zalo Mini App,1,1,binh_thuong,
P01019,HS38,B,2026-11-29T18:30:28+07:00,2026-11-29T18:31:30+07:00,62,Web,1,1,binh_thuong,5
P01020,HS38,B,2026-11-29T19:56:28+07:00,2026-11-29T19:56:34+07:00,6,Zalo Mini App,1,1,binh_thuong,5
P01021,HS01,B,2026-11-30T06:47:06+07:00,2026-11-30T06:47:22+07:00,16,Web,1,1,binh_thuong,4
P01022,HS01,B,2026-11-30T05:57:13+07:00,2026-11-30T05:57:45+07:00,32,Web,1,1,binh_thuong,
P01023,HS02,B,2026-11-30T17:51:55+07:00,2026-11-30T17:53:11+07:00,76,Zalo Mini App,3,3,binh_thuong,5
P01024,HS02,B,2026-11-30T12:54:28+07:00,2026-11-30T12:56:22+07:00,114,Ứng dụng trường,3,3,binh_thuong,5
P01025,HS03,A,2026-11-30T21:59:19+07:00,2026-11-30T21:59:54+07:00,35,Zalo Mini App,1,1,binh_thuong,5
P01026,HS04,A,2026-11-30T17:17:34+07:00,2026-11-30T17:18:24+07:00,50,Zalo Mini App,1,1,binh_thuong,4
P01027,HS04,A,2026-11-30T22:40:49+07:00,2026-11-30T22:41:41+07:00,52,Zalo Mini App,2,1,binh_thuong,
P01028,HS04,A,2026-11-30T12:08:22+07:00,2026-11-30T12:08:45+07:00,23,Web,1,1,binh_thuong,
P01029,HS04,A,2026-11-30T19:50:14+07:00,2026-11-30T19:51:12+07:00,58,Zalo Mini App,2,1,bo_do,4
P01030,HS06,A,2026-11-30T19:02:10+07:00,2026-11-30T19:02:36+07:00,26,Web,1,1,binh_thuong,
P01031,HS06,A,2026-11-30T22:34:55+07:00,2026-11-30T22:35:34+07:00,39,Zalo Mini App,1,1,binh_thuong,
P01032,HS06,A,2026-11-30T06:42:43+07:00,2026-11-30T06:43:43+07:00,60,Web,2,1,bo_do,4
P01033,HS08,B,2026-11-30T07:26:16+07:00,2026-11-30T07:26:25+07:00,9,Zalo Mini App,1,1,binh_thuong,
P01034,HS09,B,2026-11-30T13:00:24+07:00,2026-11-30T13:01:29+07:00,65,Web,2,2,binh_thuong,
P01035,HS10,A,2026-11-30T23:35:40+07:00,2026-11-30T23:37:01+07:00,81,Zalo Mini App,3,2,bo_do,3
P01036,HS11,A,2026-11-30T23:22:12+07:00,2026-11-30T23:22:58+07:00,46,Web,2,2,binh_thuong,5
P01037,HS12,B,2026-11-30T11:37:30+07:00,2026-11-30T11:38:01+07:00,31,Zalo Mini App,2,2,binh_thuong,4
P01038,HS12,B,2026-11-30T20:33:29+07:00,2026-11-30T20:34:20+07:00,51,Ứng dụng trường,2,2,binh_thuong,5
P01039,HS14,A,2026-11-30T20:41:40+07:00,2026-11-30T20:42:42+07:00,62,Ứng dụng trường,2,2,binh_thuong,
P01040,HS14,A,2026-11-30T21:24:20+07:00,2026-11-30T21:25:26+07:00,66,Zalo Mini App,3,2,bo_do,4
P01041,HS15,B,2026-11-30T20:02:17+07:00,2026-11-30T20:03:37+07:00,80,Web,3,3,binh_thuong,
P01042,HS16,B,2026-11-30T19:51:53+07:00,2026-11-30T19:52:54+07:00,61,Web,2,2,binh_thuong,5
P01043,HS18,B,2026-11-30T20:22:00+07:00,2026-11-30T20:23:39+07:00,99,Web,2,2,binh_thuong,
P01044,HS19,B,2026-11-30T21:56:59+07:00,2026-11-30T21:57:43+07:00,44,Web,2,2,binh_thuong,4
P01045,HS21,A,2026-11-30T15:01:16+07:00,2026-11-30T15:02:24+07:00,68,Web,2,2,binh_thuong,
P01046,HS22,A,2026-11-30T21:51:59+07:00,2026-11-30T21:52:42+07:00,43,Zalo Mini App,1,1,binh_thuong,4
P01047,HS24,B,2026-11-30T13:24:09+07:00,2026-11-30T13:25:47+07:00,98,Zalo Mini App,2,2,binh_thuong,4
P01048,HS24,B,2026-11-30T17:35:35+07:00,2026-11-30T17:37:00+07:00,85,Zalo Mini App,2,2,binh_thuong,5
P01049,HS25,A,2026-11-30T21:20:04+07:00,2026-11-30T21:21:14+07:00,70,Web,2,1,binh_thuong,3
P01050,HS28,B,2026-11-30T22:32:05+07:00,2026-11-30T22:32:57+07:00,52,Web,2,2,binh_thuong,5
P01051,HS28,B,2026-11-30T19:47:25+07:00,2026-11-30T19:48:08+07:00,43,Web,2,2,binh_thuong,5
P01052,HS28,B,2026-11-30T20:05:28+07:00,2026-11-30T20:05:41+07:00,13,Web,1,1,binh_thuong,5
P01053,HS29,B,2026-11-30T21:59:00+07:00,2026-11-30T21:59:37+07:00,37,Web,1,1,binh_thuong,
P01054,HS29,B,2026-11-30T07:08:05+07:00,2026-11-30T07:09:41+07:00,96,Web,2,2,binh_thuong,
P01055,HS30,A,2026-11-30T12:37:29+07:00,2026-11-30T12:38:29+07:00,60,Zalo Mini App,2,0,binh_thuong,3
P01056,HS31,A,2026-11-30T16:08:14+07:00,2026-11-30T16:09:51+07:00,97,Ứng dụng trường,3,1,binh_thuong,
P01057,HS33,A,2026-11-30T10:53:29+07:00,2026-11-30T10:54:43+07:00,74,Zalo Mini App,3,2,binh_thuong,4
P01058,HS34,B,2026-11-30T20:42:38+07:00,2026-11-30T20:43:21+07:00,43,Web,1,1,binh_thuong,4
P01059,HS35,A,2026-11-30T06:57:25+07:00,2026-11-30T06:58:06+07:00,41,Zalo Mini App,1,1,binh_thuong,4
P01060,HS37,B,2026-11-30T22:45:52+07:00,2026-11-30T22:46:24+07:00,32,Zalo Mini App,1,1,binh_thuong,
P01061,HS37,B,2026-11-30T21:35:30+07:00,2026-11-30T21:36:12+07:00,42,Zalo Mini App,1,1,binh_thuong,5
P01062,HS39,A,2026-11-30T21:02:18+07:00,2026-11-30T21:03:07+07:00,49,Ứng dụng trường,2,1,binh_thuong,5
P01063,HS39,A,2026-11-30T10:27:49+07:00,2026-11-30T10:29:23+07:00,94,Ứng dụng trường,2,2,binh_thuong,
P01064,HS40,A,2026-11-30T15:19:24+07:00,2026-11-30T15:19:58+07:00,34,Ứng dụng trường,1,0,bo_do,3
P01065,HS40,A,2026-11-30T18:30:25+07:00,2026-11-30T18:30:59+07:00,34,Ứng dụng trường,1,1,binh_thuong,
P01066,HS03,A,2026-12-01T21:01:27+07:00,2026-12-01T21:02:26+07:00,59,Ứng dụng trường,2,0,binh_thuong,
P01067,HS06,A,2026-12-01T06:22:42+07:00,2026-12-01T06:23:15+07:00,33,Web,1,1,binh_thuong,
P01068,HS06,A,2026-12-01T22:35:46+07:00,2026-12-01T22:36:11+07:00,25,Web,1,1,binh_thuong,4
P01069,HS10,A,2026-12-01T22:01:10+07:00,2026-12-01T22:01:41+07:00,31,Zalo Mini App,2,2,binh_thuong,5
P01070,HS11,A,2026-12-01T20:05:10+07:00,2026-12-01T20:06:07+07:00,57,Web,2,1,binh_thuong,5
P01071,HS14,A,2026-12-01T20:19:24+07:00,2026-12-01T20:20:02+07:00,38,Zalo Mini App,2,2,binh_thuong,4
P01072,HS16,B,2026-12-01T20:41:30+07:00,2026-12-01T20:43:40+07:00,130,Web,3,3,binh_thuong,4
P01073,HS17,B,2026-12-01T22:55:18+07:00,2026-12-01T22:57:45+07:00,147,Web,4,3,bo_do,
P01074,HS20,A,2026-12-01T19:24:33+07:00,2026-12-01T19:25:28+07:00,55,Ứng dụng trường,1,0,binh_thuong,5
P01075,HS21,A,2026-12-01T22:00:06+07:00,2026-12-01T22:00:22+07:00,16,Web,1,1,binh_thuong,4
P01076,HS24,B,2026-12-01T16:21:59+07:00,2026-12-01T16:22:56+07:00,57,Zalo Mini App,2,2,binh_thuong,4
P01077,HS25,A,2026-12-01T13:14:08+07:00,2026-12-01T13:15:04+07:00,56,Ứng dụng trường,2,1,bo_do,3
P01078,HS29,B,2026-12-01T18:17:51+07:00,2026-12-01T18:18:02+07:00,11,Web,1,1,binh_thuong,
P01079,HS31,A,2026-12-01T12:51:39+07:00,2026-12-01T12:52:26+07:00,47,Zalo Mini App,1,0,bo_do,
P01080,HS32,A,2026-12-01T22:03:16+07:00,2026-12-01T22:04:08+07:00,52,Web,1,1,binh_thuong,4
P01081,HS34,B,2026-12-01T21:41:55+07:00,2026-12-01T21:42:13+07:00,18,Web,1,1,binh_thuong,4
P01082,HS35,A,2026-12-01T11:48:35+07:00,2026-12-01T11:49:34+07:00,59,Zalo Mini App,1,1,binh_thuong,5
P01083,HS35,A,2026-12-01T17:54:04+07:00,2026-12-01T17:55:24+07:00,80,Zalo Mini App,2,2,binh_thuong,4
P01084,HS35,A,2026-12-01T23:11:12+07:00,2026-12-01T23:12:11+07:00,59,Zalo Mini App,1,1,binh_thuong,
P01085,HS39,A,2026-12-01T11:15:22+07:00,2026-12-01T11:15:48+07:00,26,Web,1,0,binh_thuong,3
P01086,HS01,B,2026-12-02T21:14:30+07:00,2026-12-02T21:15:04+07:00,34,Web,1,1,binh_thuong,4
P01087,HS03,A,2026-12-02T22:30:29+07:00,2026-12-02T22:31:24+07:00,55,Ứng dụng trường,2,2,binh_thuong,
P01088,HS06,A,2026-12-02T11:47:29+07:00,2026-12-02T11:48:31+07:00,62,Web,3,3,binh_thuong,5
P01089,HS10,A,2026-12-02T19:47:41+07:00,2026-12-02T19:48:52+07:00,71,Zalo Mini App,2,1,binh_thuong,4
P01090,HS12,B,2026-12-02T21:40:06+07:00,2026-12-02T21:41:29+07:00,83,Zalo Mini App,3,3,binh_thuong,4
P01091,HS12,B,2026-12-02T13:07:36+07:00,2026-12-02T13:09:46+07:00,130,Zalo Mini App,1,1,binh_thuong,
P01092,HS12,B,2026-12-02T13:31:26+07:00,2026-12-02T13:32:50+07:00,84,Zalo Mini App,2,2,binh_thuong,5
P01093,HS13,B,2026-12-02T11:05:14+07:00,2026-12-02T11:06:32+07:00,78,Ứng dụng trường,1,1,binh_thuong,5
P01094,HS15,B,2026-12-02T20:47:38+07:00,2026-12-02T20:48:55+07:00,77,Web,3,3,binh_thuong,
P01095,HS16,B,2026-12-02T13:15:57+07:00,2026-12-02T13:17:12+07:00,75,Web,2,2,binh_thuong,5
P01096,HS17,B,2026-12-02T20:23:13+07:00,2026-12-02T20:23:56+07:00,43,Web,1,1,binh_thuong,
P01097,HS22,A,2026-12-02T21:16:18+07:00,2026-12-02T21:17:03+07:00,45,Zalo Mini App,1,0,binh_thuong,4
P01098,HS23,A,2026-12-02T08:19:35+07:00,2026-12-02T08:23:27+07:00,232,Zalo Mini App,4,4,binh_thuong,
P01099,HS24,B,2026-12-02T21:57:19+07:00,2026-12-02T21:57:58+07:00,39,Ứng dụng trường,2,2,binh_thuong,
P01100,HS24,B,2026-12-02T17:43:16+07:00,2026-12-02T17:44:04+07:00,48,Zalo Mini App,1,1,binh_thuong,
P01101,HS24,B,2026-12-02T20:04:13+07:00,2026-12-02T20:04:27+07:00,14,Zalo Mini App,1,1,binh_thuong,5
P01102,HS25,A,2026-12-02T21:07:32+07:00,2026-12-02T21:08:46+07:00,74,Web,2,2,binh_thuong,5
P01103,HS26,B,2026-12-02T20:59:02+07:00,2026-12-02T21:00:47+07:00,105,Zalo Mini App,1,1,binh_thuong,5
P01104,HS26,B,2026-12-02T06:51:45+07:00,2026-12-02T06:53:36+07:00,111,Zalo Mini App,2,2,binh_thuong,
P01105,HS27,A,2026-12-02T20:36:36+07:00,2026-12-02T20:39:20+07:00,164,Web,4,2,bo_do,3
P01106,HS29,B,2026-12-02T12:37:05+07:00,2026-12-02T12:38:40+07:00,95,Web,2,2,binh_thuong,5
P01107,HS30,A,2026-12-02T22:08:31+07:00,2026-12-02T22:10:01+07:00,90,Zalo Mini App,2,1,bo_do,3
P01108,HS33,A,2026-12-02T12:39:20+07:00,2026-12-02T12:39:45+07:00,25,Zalo Mini App,1,1,binh_thuong,5
P01109,HS34,B,2026-12-02T20:14:31+07:00,2026-12-02T20:15:03+07:00,32,Web,1,1,binh_thuong,5
P01110,HS39,A,2026-12-02T20:00:15+07:00,2026-12-02T20:01:18+07:00,63,Ứng dụng trường,2,2,binh_thuong,
P01111,HS39,A,2026-12-02T08:45:42+07:00,2026-12-02T08:46:23+07:00,41,Ứng dụng trường,1,0,bo_do,2
P01112,HS40,A,2026-12-02T22:45:13+07:00,2026-12-02T22:46:32+07:00,79,Ứng dụng trường,2,2,binh_thuong,5
P01113,HS40,A,2026-12-02T18:39:43+07:00,2026-12-02T18:40:43+07:00,60,Ứng dụng trường,2,1,binh_thuong,
P01114,HS07,B,2026-12-03T21:06:33+07:00,2026-12-03T21:06:59+07:00,26,Ứng dụng trường,1,1,binh_thuong,5
P01115,HS07,B,2026-12-03T21:42:16+07:00,2026-12-03T21:43:10+07:00,54,Ứng dụng trường,2,2,binh_thuong,4
P01116,HS10,A,2026-12-03T21:22:19+07:00,2026-12-03T21:22:52+07:00,33,Zalo Mini App,1,1,binh_thuong,
P01117,HS11,A,2026-12-03T14:00:19+07:00,2026-12-03T14:00:30+07:00,11,Web,1,1,binh_thuong,4
P01118,HS11,A,2026-12-03T20:17:30+07:00,2026-12-03T20:17:48+07:00,18,Web,1,1,binh_thuong,4
P01119,HS12,B,2026-12-03T13:01:41+07:00,2026-12-03T13:02:31+07:00,50,Zalo Mini App,2,2,binh_thuong,
P01120,HS14,A,2026-12-03T19:12:57+07:00,2026-12-03T19:13:47+07:00,50,Zalo Mini App,1,1,binh_thuong,5
P01121,HS15,B,2026-12-03T19:01:13+07:00,2026-12-03T19:02:17+07:00,64,Ứng dụng trường,2,2,binh_thuong,4
P01122,HS20,A,2026-12-03T18:11:21+07:00,2026-12-03T18:11:57+07:00,36,Ứng dụng trường,1,1,binh_thuong,5
P01123,HS24,B,2026-12-03T22:10:13+07:00,2026-12-03T22:10:42+07:00,29,Ứng dụng trường,1,1,binh_thuong,
P01124,HS26,B,2026-12-03T20:12:50+07:00,2026-12-03T20:13:58+07:00,68,Zalo Mini App,2,2,binh_thuong,5
P01125,HS26,B,2026-12-03T22:23:35+07:00,2026-12-03T22:24:10+07:00,35,Zalo Mini App,2,2,binh_thuong,5
P01126,HS27,A,2026-12-03T06:49:03+07:00,2026-12-03T06:49:45+07:00,42,Web,2,2,binh_thuong,5
P01127,HS27,A,2026-12-03T15:27:51+07:00,2026-12-03T15:28:02+07:00,11,Web,1,1,binh_thuong,4
P01128,HS29,B,2026-12-03T19:24:57+07:00,2026-12-03T19:26:18+07:00,81,Ứng dụng trường,2,2,binh_thuong,
P01129,HS31,A,2026-12-03T20:33:03+07:00,2026-12-03T20:35:20+07:00,137,Zalo Mini App,3,1,binh_thuong,3
P01130,HS34,B,2026-12-03T21:41:55+07:00,2026-12-03T21:42:46+07:00,51,Web,2,2,binh_thuong,4
P01131,HS35,A,2026-12-03T08:16:26+07:00,2026-12-03T08:17:37+07:00,71,Ứng dụng trường,2,1,binh_thuong,3
P01132,HS38,B,2026-12-03T17:59:17+07:00,2026-12-03T17:59:48+07:00,31,Web,1,1,binh_thuong,
P01133,HS38,B,2026-12-03T22:47:40+07:00,2026-12-03T22:48:45+07:00,65,Web,2,2,binh_thuong,4
P01134,HS38,B,2026-12-03T21:54:47+07:00,2026-12-03T21:55:15+07:00,28,Web,1,1,binh_thuong,
P01135,HS38,B,2026-12-03T06:45:41+07:00,2026-12-03T06:45:52+07:00,11,Web,1,1,binh_thuong,4
P01136,HS39,A,2026-12-03T13:55:07+07:00,2026-12-03T13:55:43+07:00,36,Ứng dụng trường,1,1,binh_thuong,
P01137,HS01,B,2026-12-04T16:32:58+07:00,2026-12-04T16:33:25+07:00,27,Web,1,1,binh_thuong,5
P01138,HS01,B,2026-12-04T17:39:00+07:00,2026-12-04T17:39:14+07:00,14,Web,1,1,binh_thuong,
P01139,HS02,B,2026-12-04T19:22:22+07:00,2026-12-04T19:23:23+07:00,61,Zalo Mini App,1,1,binh_thuong,
P01140,HS07,B,2026-12-04T07:16:21+07:00,2026-12-04T07:17:00+07:00,39,Ứng dụng trường,1,1,binh_thuong,5
P01141,HS11,A,2026-12-04T06:28:59+07:00,2026-12-04T06:29:53+07:00,54,Web,1,1,binh_thuong,5
P01142,HS14,A,2026-12-04T12:11:40+07:00,2026-12-04T12:12:10+07:00,30,Zalo Mini App,1,0,binh_thuong,4
P01143,HS15,B,2026-12-04T12:53:39+07:00,2026-12-04T12:54:26+07:00,47,Web,1,1,binh_thuong,
P01144,HS16,B,2026-12-04T20:22:02+07:00,2026-12-04T20:23:06+07:00,64,Web,2,2,binh_thuong,5
P01145,HS18,B,2026-12-04T19:00:54+07:00,2026-12-04T19:01:50+07:00,56,Ứng dụng trường,1,1,binh_thuong,5
P01146,HS19,B,2026-12-04T21:37:35+07:00,2026-12-04T21:38:20+07:00,45,Web,2,2,binh_thuong,
P01147,HS25,A,2026-12-04T05:11:26+07:00,2026-12-04T05:11:59+07:00,33,Zalo Mini App,1,1,binh_thuong,
P01148,HS27,A,2026-12-04T18:49:54+07:00,2026-12-04T18:51:22+07:00,88,Ứng dụng trường,1,0,binh_thuong,5
P01149,HS31,A,2026-12-04T21:41:24+07:00,2026-12-04T21:43:36+07:00,132,Zalo Mini App,3,2,binh_thuong,
P01150,HS35,A,2026-12-04T08:59:57+07:00,2026-12-04T09:00:52+07:00,55,Zalo Mini App,2,1,binh_thuong,
P01151,HS39,A,2026-12-04T07:44:03+07:00,2026-12-04T07:44:31+07:00,28,Ứng dụng trường,1,1,binh_thuong,4
P01152,HS40,A,2026-12-04T13:45:07+07:00,2026-12-04T13:47:21+07:00,134,Ứng dụng trường,3,3,binh_thuong,4
P01153,HS02,B,2026-12-05T21:43:24+07:00,2026-12-05T21:43:46+07:00,22,Ứng dụng trường,1,1,binh_thuong,5
P01154,HS06,A,2026-12-05T14:02:41+07:00,2026-12-05T14:03:35+07:00,54,Zalo Mini App,2,1,bo_do,4
P01155,HS16,B,2026-12-05T22:23:29+07:00,2026-12-05T22:24:11+07:00,42,Web,1,1,binh_thuong,4
P01156,HS22,A,2026-12-05T21:48:05+07:00,2026-12-05T21:48:48+07:00,43,Zalo Mini App,1,1,binh_thuong,
P01157,HS24,B,2026-12-05T22:28:12+07:00,2026-12-05T22:29:24+07:00,72,Zalo Mini App,2,2,binh_thuong,5
P01158,HS27,A,2026-12-05T22:06:17+07:00,2026-12-05T22:06:34+07:00,17,Web,1,1,binh_thuong,5
P01159,HS29,B,2026-12-05T14:51:21+07:00,2026-12-05T14:51:56+07:00,35,Web,1,1,binh_thuong,5
P01160,HS34,B,2026-12-05T13:08:06+07:00,2026-12-05T13:09:42+07:00,96,Web,3,3,binh_thuong,
P01161,HS34,B,2026-12-05T19:36:47+07:00,2026-12-05T19:37:12+07:00,25,Web,2,2,binh_thuong,4
P01162,HS37,B,2026-12-05T20:04:02+07:00,2026-12-05T20:05:58+07:00,116,Zalo Mini App,4,4,binh_thuong,5
P01163,HS39,A,2026-12-05T22:19:06+07:00,2026-12-05T22:21:35+07:00,149,Ứng dụng trường,1,1,binh_thuong,
P01164,HS39,A,2026-12-05T21:10:29+07:00,2026-12-05T21:11:41+07:00,72,Ứng dụng trường,2,2,binh_thuong,4
P01165,HS39,A,2026-12-05T12:43:19+07:00,2026-12-05T12:45:11+07:00,112,Ứng dụng trường,2,2,binh_thuong,
P01166,HS02,B,2026-12-06T13:32:46+07:00,2026-12-06T13:33:32+07:00,46,Zalo Mini App,2,2,binh_thuong,5
P01167,HS02,B,2026-12-06T17:49:00+07:00,2026-12-06T17:49:39+07:00,39,Zalo Mini App,1,1,binh_thuong,5
P01168,HS03,A,2026-12-06T13:40:41+07:00,2026-12-06T13:43:51+07:00,190,Ứng dụng trường,4,4,binh_thuong,5
P01169,HS04,A,2026-12-06T11:09:19+07:00,2026-12-06T11:11:57+07:00,158,Zalo Mini App,3,0,bo_do,
P01170,HS04,A,2026-12-06T21:10:49+07:00,2026-12-06T21:12:10+07:00,81,Zalo Mini App,2,2,binh_thuong,5
P01171,HS12,B,2026-12-06T22:12:19+07:00,2026-12-06T22:13:08+07:00,49,Ứng dụng trường,2,2,binh_thuong,5
P01172,HS12,B,2026-12-06T16:36:54+07:00,2026-12-06T16:37:40+07:00,46,Zalo Mini App,2,2,binh_thuong,
P01173,HS12,B,2026-12-06T20:17:58+07:00,2026-12-06T20:18:21+07:00,23,Zalo Mini App,1,1,binh_thuong,5
P01174,HS13,B,2026-12-06T22:38:09+07:00,2026-12-06T22:38:38+07:00,29,Ứng dụng trường,1,1,binh_thuong,
P01175,HS14,A,2026-12-06T06:25:43+07:00,2026-12-06T06:26:27+07:00,44,Zalo Mini App,2,2,binh_thuong,5
P01176,HS14,A,2026-12-06T12:41:55+07:00,2026-12-06T12:42:32+07:00,37,Zalo Mini App,1,1,binh_thuong,
P01177,HS15,B,2026-12-06T21:16:39+07:00,2026-12-06T21:17:03+07:00,24,Zalo Mini App,1,1,binh_thuong,5
P01178,HS17,B,2026-12-06T19:04:24+07:00,2026-12-06T19:05:22+07:00,58,Ứng dụng trường,2,2,binh_thuong,5
P01179,HS17,B,2026-12-06T07:59:21+07:00,2026-12-06T07:59:46+07:00,25,Web,1,1,binh_thuong,5
P01180,HS19,B,2026-12-06T10:23:38+07:00,2026-12-06T10:25:20+07:00,102,Web,2,2,binh_thuong,5
P01181,HS19,B,2026-12-06T20:05:07+07:00,2026-12-06T20:05:44+07:00,37,Web,2,2,binh_thuong,4
P01182,HS20,A,2026-12-06T06:06:54+07:00,2026-12-06T06:07:06+07:00,12,Zalo Mini App,1,0,binh_thuong,3
P01183,HS23,A,2026-12-06T23:03:25+07:00,2026-12-06T23:03:48+07:00,23,Zalo Mini App,1,0,bo_do,3
P01184,HS23,A,2026-12-06T12:35:35+07:00,2026-12-06T12:37:13+07:00,98,Ứng dụng trường,2,2,binh_thuong,5
P01185,HS24,B,2026-12-06T07:41:57+07:00,2026-12-06T07:42:49+07:00,52,Web,1,1,binh_thuong,
P01186,HS24,B,2026-12-06T13:34:07+07:00,2026-12-06T13:36:34+07:00,147,Zalo Mini App,2,2,binh_thuong,5
P01187,HS25,A,2026-12-06T21:14:38+07:00,2026-12-06T21:15:48+07:00,70,Web,2,2,binh_thuong,5
P01188,HS26,B,2026-12-06T20:04:30+07:00,2026-12-06T20:05:32+07:00,62,Zalo Mini App,2,2,binh_thuong,5
P01189,HS28,B,2026-12-06T22:51:12+07:00,2026-12-06T22:52:11+07:00,59,Web,2,2,binh_thuong,4
P01190,HS29,B,2026-12-06T15:04:54+07:00,2026-12-06T15:05:31+07:00,37,Web,1,1,binh_thuong,
P01191,HS29,B,2026-12-06T22:51:45+07:00,2026-12-06T22:52:50+07:00,65,Ứng dụng trường,2,2,binh_thuong,4
P01192,HS32,A,2026-12-06T13:03:59+07:00,2026-12-06T13:04:14+07:00,15,Web,1,1,binh_thuong,4
P01193,HS33,A,2026-12-06T12:26:19+07:00,2026-12-06T12:26:38+07:00,19,Zalo Mini App,1,1,binh_thuong,4
P01194,HS33,A,2026-12-06T16:18:40+07:00,2026-12-06T16:19:21+07:00,41,Zalo Mini App,2,0,bo_do,3
P01195,HS33,A,2026-12-06T22:26:35+07:00,2026-12-06T22:27:17+07:00,42,Zalo Mini App,2,1,binh_thuong,5
P01196,HS34,B,2026-12-06T06:44:35+07:00,2026-12-06T06:45:29+07:00,54,Zalo Mini App,1,1,binh_thuong,5
P01197,HS34,B,2026-12-06T18:50:20+07:00,2026-12-06T18:51:15+07:00,55,Web,2,2,binh_thuong,
P01198,HS35,A,2026-12-06T06:30:31+07:00,2026-12-06T06:31:20+07:00,49,Zalo Mini App,1,1,binh_thuong,4
P01199,HS35,A,2026-12-06T17:27:24+07:00,2026-12-06T17:28:01+07:00,37,Zalo Mini App,1,0,bo_do,
P01200,HS39,A,2026-12-06T23:04:15+07:00,2026-12-06T23:05:01+07:00,46,Ứng dụng trường,1,0,bo_do,4
P01201,HS40,A,2026-12-06T06:37:36+07:00,2026-12-06T06:40:16+07:00,160,Ứng dụng trường,3,1,binh_thuong,3
P01202,HS40,A,2026-12-06T17:47:41+07:00,2026-12-06T17:48:04+07:00,23,Ứng dụng trường,1,0,binh_thuong,5
P01203,HS01,B,2026-12-07T21:03:11+07:00,2026-12-07T21:03:47+07:00,36,Web,2,2,binh_thuong,
P01204,HS02,B,2026-12-07T23:49:32+07:00,2026-12-07T23:51:10+07:00,98,Zalo Mini App,4,4,binh_thuong,5
P01205,HS04,A,2026-12-07T23:16:23+07:00,2026-12-07T23:16:53+07:00,30,Web,1,1,binh_thuong,5
P01206,HS04,A,2026-12-07T17:48:23+07:00,2026-12-07T17:49:22+07:00,59,Zalo Mini App,1,1,binh_thuong,
P01207,HS05,B,2026-12-07T06:56:05+07:00,2026-12-07T06:56:21+07:00,16,Ứng dụng trường,1,1,binh_thuong,5
P01208,HS09,B,2026-12-07T08:54:10+07:00,2026-12-07T08:54:35+07:00,25,Web,1,1,binh_thuong,5
P01209,HS10,A,2026-12-07T20:25:24+07:00,2026-12-07T20:25:38+07:00,14,Zalo Mini App,1,1,binh_thuong,
P01210,HS11,A,2026-12-07T14:27:08+07:00,2026-12-07T14:27:58+07:00,50,Web,2,2,binh_thuong,
P01211,HS12,B,2026-12-07T21:00:27+07:00,2026-12-07T21:02:14+07:00,107,Zalo Mini App,3,3,binh_thuong,4
P01212,HS12,B,2026-12-07T22:47:49+07:00,2026-12-07T22:48:13+07:00,24,Zalo Mini App,1,1,binh_thuong,5
P01213,HS12,B,2026-12-07T17:20:21+07:00,2026-12-07T17:21:09+07:00,48,Zalo Mini App,2,2,binh_thuong,5
P01214,HS12,B,2026-12-07T16:04:00+07:00,2026-12-07T16:04:39+07:00,39,Zalo Mini App,2,2,binh_thuong,
P01215,HS13,B,2026-12-07T18:50:07+07:00,2026-12-07T18:51:44+07:00,97,Zalo Mini App,3,3,binh_thuong,
P01216,HS14,A,2026-12-07T06:51:08+07:00,2026-12-07T06:52:30+07:00,82,Zalo Mini App,2,2,binh_thuong,
P01217,HS16,B,2026-12-07T22:05:53+07:00,2026-12-07T22:06:41+07:00,48,Web,1,1,binh_thuong,4
P01218,HS16,B,2026-12-07T06:36:09+07:00,2026-12-07T06:38:17+07:00,128,Web,3,3,binh_thuong,5
P01219,HS18,B,2026-12-07T21:40:11+07:00,2026-12-07T21:40:31+07:00,20,Ứng dụng trường,1,1,binh_thuong,
P01220,HS19,B,2026-12-07T13:49:32+07:00,2026-12-07T13:49:50+07:00,18,Web,1,1,binh_thuong,
P01221,HS19,B,2026-12-07T22:23:09+07:00,2026-12-07T22:24:17+07:00,68,Ứng dụng trường,3,3,binh_thuong,5
P01222,HS19,B,2026-12-07T17:20:33+07:00,2026-12-07T17:21:38+07:00,65,Web,1,1,binh_thuong,5
P01223,HS26,B,2026-12-07T22:01:14+07:00,2026-12-07T22:03:34+07:00,140,Zalo Mini App,2,2,binh_thuong,
P01224,HS26,B,2026-12-07T17:41:31+07:00,2026-12-07T17:43:55+07:00,144,Zalo Mini App,4,4,binh_thuong,4
P01225,HS34,B,2026-12-07T12:40:18+07:00,2026-12-07T12:40:53+07:00,35,Web,1,1,binh_thuong,4
P01226,HS01,B,2026-12-08T18:42:37+07:00,2026-12-08T18:44:30+07:00,113,Web,3,3,binh_thuong,5
P01227,HS01,B,2026-12-08T20:07:35+07:00,2026-12-08T20:09:19+07:00,104,Web,2,1,bo_do,3
P01228,HS04,A,2026-12-08T07:16:26+07:00,2026-12-08T07:16:40+07:00,14,Web,1,1,binh_thuong,4
P01229,HS10,A,2026-12-08T21:17:32+07:00,2026-12-08T21:18:20+07:00,48,Zalo Mini App,2,2,binh_thuong,5
P01230,HS10,A,2026-12-08T12:30:51+07:00,2026-12-08T12:31:47+07:00,56,Zalo Mini App,2,1,bo_do,4
P01231,HS10,A,2026-12-08T20:19:30+07:00,2026-12-08T20:20:00+07:00,30,Zalo Mini App,1,1,binh_thuong,4
P01232,HS11,A,2026-12-08T20:26:19+07:00,2026-12-08T20:27:06+07:00,47,Web,1,1,binh_thuong,
P01233,HS11,A,2026-12-08T11:26:46+07:00,2026-12-08T11:27:33+07:00,47,Web,2,0,binh_thuong,3
P01234,HS13,B,2026-12-08T17:06:45+07:00,2026-12-08T17:07:48+07:00,63,Ứng dụng trường,2,2,binh_thuong,5
P01235,HS14,A,2026-12-08T20:48:40+07:00,2026-12-08T20:49:58+07:00,78,Zalo Mini App,2,2,binh_thuong,5
P01236,HS16,B,2026-12-08T06:10:11+07:00,2026-12-08T06:10:57+07:00,46,Web,1,1,binh_thuong,5
P01237,HS17,B,2026-12-08T22:46:52+07:00,2026-12-08T22:47:22+07:00,30,Web,2,2,binh_thuong,
P01238,HS17,B,2026-12-08T21:06:36+07:00,2026-12-08T21:07:05+07:00,29,Web,1,1,binh_thuong,
P01239,HS19,B,2026-12-08T23:39:31+07:00,2026-12-08T23:40:39+07:00,68,Web,3,3,binh_thuong,
P01240,HS20,A,2026-12-08T17:03:04+07:00,2026-12-08T17:03:59+07:00,55,Ứng dụng trường,2,2,binh_thuong,5
P01241,HS20,A,2026-12-08T23:04:06+07:00,2026-12-08T23:04:55+07:00,49,Ứng dụng trường,1,1,binh_thuong,
P01242,HS21,A,2026-12-08T20:51:55+07:00,2026-12-08T20:52:33+07:00,38,Web,1,1,binh_thuong,5
P01243,HS25,A,2026-12-08T17:24:29+07:00,2026-12-08T17:25:43+07:00,74,Web,2,1,binh_thuong,
P01244,HS26,B,2026-12-08T13:13:28+07:00,2026-12-08T13:13:42+07:00,14,Zalo Mini App,1,1,binh_thuong,4
P01245,HS30,A,2026-12-08T21:30:58+07:00,2026-12-08T21:31:42+07:00,44,Zalo Mini App,2,2,binh_thuong,4
P01246,HS33,A,2026-12-08T22:29:33+07:00,2026-12-08T22:29:59+07:00,26,Zalo Mini App,1,1,binh_thuong,5
P01247,HS39,A,2026-12-08T12:03:29+07:00,2026-12-08T12:04:20+07:00,51,Ứng dụng trường,2,2,binh_thuong,5
P01248,HS01,B,2026-12-09T22:52:42+07:00,2026-12-09T22:53:54+07:00,72,Web,3,3,binh_thuong,4
P01249,HS04,A,2026-12-09T22:26:13+07:00,2026-12-09T22:26:56+07:00,43,Zalo Mini App,2,2,binh_thuong,
P01250,HS04,A,2026-12-09T21:59:08+07:00,2026-12-09T22:00:18+07:00,70,Zalo Mini App,2,1,binh_thuong,4
P01251,HS07,B,2026-12-09T20:54:30+07:00,2026-12-09T20:57:18+07:00,168,Ứng dụng trường,2,2,binh_thuong,5
P01252,HS08,B,2026-12-09T19:46:34+07:00,2026-12-09T19:47:19+07:00,45,Zalo Mini App,1,1,binh_thuong,5
P01253,HS09,B,2026-12-09T13:31:51+07:00,2026-12-09T13:32:50+07:00,59,Web,3,3,binh_thuong,4
P01254,HS12,B,2026-12-09T21:51:31+07:00,2026-12-09T21:51:58+07:00,27,Zalo Mini App,1,1,binh_thuong,5
P01255,HS13,B,2026-12-09T17:51:40+07:00,2026-12-09T17:53:31+07:00,111,Ứng dụng trường,4,4,binh_thuong,5
P01256,HS16,B,2026-12-09T22:56:49+07:00,2026-12-09T22:59:46+07:00,177,Web,3,3,binh_thuong,5
P01257,HS18,B,2026-12-09T13:09:49+07:00,2026-12-09T13:10:57+07:00,68,Ứng dụng trường,2,2,binh_thuong,4
P01258,HS20,A,2026-12-09T23:08:03+07:00,2026-12-09T23:08:43+07:00,40,Ứng dụng trường,2,2,binh_thuong,5
P01259,HS21,A,2026-12-09T22:34:17+07:00,2026-12-09T22:35:39+07:00,82,Web,2,2,binh_thuong,
P01260,HS23,A,2026-12-09T20:19:48+07:00,2026-12-09T20:21:35+07:00,107,Zalo Mini App,1,0,bo_do,
P01261,HS23,A,2026-12-09T18:29:55+07:00,2026-12-09T18:32:12+07:00,137,Zalo Mini App,3,2,bo_do,
P01262,HS25,A,2026-12-09T22:15:01+07:00,2026-12-09T22:15:55+07:00,54,Web,1,0,binh_thuong,5
P01263,HS28,B,2026-12-09T23:56:45+07:00,2026-12-09T23:57:29+07:00,44,Zalo Mini App,2,2,binh_thuong,5
P01264,HS29,B,2026-12-09T07:55:05+07:00,2026-12-09T07:56:13+07:00,68,Web,2,2,binh_thuong,5
P01265,HS29,B,2026-12-09T20:02:36+07:00,2026-12-09T20:03:14+07:00,38,Web,1,1,binh_thuong,
P01266,HS30,A,2026-12-09T12:20:55+07:00,2026-12-09T12:22:47+07:00,112,Zalo Mini App,4,3,bo_do,3
P01267,HS31,A,2026-12-09T21:23:05+07:00,2026-12-09T21:24:18+07:00,73,Zalo Mini App,3,3,binh_thuong,5
P01268,HS31,A,2026-12-09T17:25:02+07:00,2026-12-09T17:25:35+07:00,33,Zalo Mini App,2,1,bo_do,4
P01269,HS33,A,2026-12-09T12:10:31+07:00,2026-12-09T12:10:45+07:00,14,Zalo Mini App,1,1,binh_thuong,5
P01270,HS34,B,2026-12-09T20:03:51+07:00,2026-12-09T20:04:07+07:00,16,Web,1,1,binh_thuong,
P01271,HS35,A,2026-12-09T23:14:51+07:00,2026-12-09T23:15:26+07:00,35,Zalo Mini App,1,1,binh_thuong,
P01272,HS40,A,2026-12-09T19:12:37+07:00,2026-12-09T19:13:59+07:00,82,Ứng dụng trường,2,2,binh_thuong,4
P01273,HS01,B,2026-12-10T20:53:55+07:00,2026-12-10T20:54:50+07:00,55,Web,1,1,binh_thuong,
P01274,HS03,A,2026-12-10T21:58:38+07:00,2026-12-10T21:58:55+07:00,17,Ứng dụng trường,1,0,bo_do,4
P01275,HS04,A,2026-12-10T14:49:58+07:00,2026-12-10T14:51:04+07:00,66,Zalo Mini App,2,2,binh_thuong,5
P01276,HS04,A,2026-12-10T06:51:55+07:00,2026-12-10T06:52:33+07:00,38,Zalo Mini App,2,2,binh_thuong,4
P01277,HS06,A,2026-12-10T05:07:38+07:00,2026-12-10T05:08:03+07:00,25,Web,1,0,binh_thuong,4
P01278,HS06,A,2026-12-10T23:19:49+07:00,2026-12-10T23:20:16+07:00,27,Web,1,1,binh_thuong,5
P01279,HS07,B,2026-12-10T23:40:09+07:00,2026-12-10T23:40:33+07:00,24,Ứng dụng trường,1,1,binh_thuong,5
P01280,HS08,B,2026-12-10T20:58:19+07:00,2026-12-10T20:58:29+07:00,10,Zalo Mini App,1,1,binh_thuong,5
P01281,HS10,A,2026-12-10T20:44:30+07:00,2026-12-10T20:45:25+07:00,55,Zalo Mini App,2,2,binh_thuong,4
P01282,HS11,A,2026-12-10T21:43:06+07:00,2026-12-10T21:45:16+07:00,130,Web,2,2,binh_thuong,4
P01283,HS15,B,2026-12-10T12:23:30+07:00,2026-12-10T12:24:26+07:00,56,Web,2,2,binh_thuong,5
P01284,HS15,B,2026-12-10T18:19:25+07:00,2026-12-10T18:20:10+07:00,45,Web,1,1,binh_thuong,4
P01285,HS15,B,2026-12-10T20:30:57+07:00,2026-12-10T20:31:31+07:00,34,Zalo Mini App,1,1,binh_thuong,
P01286,HS15,B,2026-12-10T12:16:06+07:00,2026-12-10T12:18:10+07:00,124,Web,2,2,binh_thuong,
P01287,HS16,B,2026-12-10T14:09:39+07:00,2026-12-10T14:12:57+07:00,198,Web,2,2,binh_thuong,4
P01288,HS19,B,2026-12-10T13:38:34+07:00,2026-12-10T13:40:21+07:00,107,Web,3,3,binh_thuong,5
P01289,HS20,A,2026-12-10T13:49:10+07:00,2026-12-10T13:50:13+07:00,63,Ứng dụng trường,2,2,binh_thuong,5
P01290,HS20,A,2026-12-10T18:45:24+07:00,2026-12-10T18:46:18+07:00,54,Ứng dụng trường,1,0,bo_do,
P01291,HS23,A,2026-12-10T07:54:07+07:00,2026-12-10T07:54:54+07:00,47,Web,2,2,binh_thuong,5
P01292,HS24,B,2026-12-10T21:24:33+07:00,2026-12-10T21:24:58+07:00,25,Zalo Mini App,1,1,binh_thuong,5
P01293,HS26,B,2026-12-10T12:16:06+07:00,2026-12-10T12:16:24+07:00,18,Zalo Mini App,1,1,binh_thuong,
P01294,HS28,B,2026-12-10T21:36:39+07:00,2026-12-10T21:37:07+07:00,28,Ứng dụng trường,1,1,binh_thuong,4
P01295,HS30,A,2026-12-10T12:20:32+07:00,2026-12-10T12:21:08+07:00,36,Zalo Mini App,1,0,binh_thuong,3
P01296,HS30,A,2026-12-10T21:27:23+07:00,2026-12-10T21:28:23+07:00,60,Zalo Mini App,2,1,binh_thuong,3
P01297,HS34,B,2026-12-10T12:15:19+07:00,2026-12-10T12:15:46+07:00,27,Web,1,1,binh_thuong,5
P01298,HS36,A,2026-12-10T13:03:55+07:00,2026-12-10T13:04:20+07:00,25,Zalo Mini App,1,0,binh_thuong,3
P01299,HS39,A,2026-12-10T19:10:51+07:00,2026-12-10T19:11:41+07:00,50,Ứng dụng trường,1,1,binh_thuong,
P01300,HS39,A,2026-12-10T22:58:11+07:00,2026-12-10T22:59:20+07:00,69,Ứng dụng trường,1,0,bo_do,3
P01301,HS40,A,2026-12-10T17:59:18+07:00,2026-12-10T17:59:43+07:00,25,Ứng dụng trường,1,1,binh_thuong,4
P01302,HS03,A,2026-12-11T07:43:31+07:00,2026-12-11T07:44:05+07:00,34,Ứng dụng trường,2,2,binh_thuong,4
P01303,HS04,A,2026-12-11T20:03:32+07:00,2026-12-11T20:03:56+07:00,24,Zalo Mini App,1,1,binh_thuong,5
P01304,HS04,A,2026-12-11T09:00:08+07:00,2026-12-11T09:02:20+07:00,132,Zalo Mini App,3,1,binh_thuong,4
P01305,HS06,A,2026-12-11T23:41:50+07:00,2026-12-11T23:42:11+07:00,21,Web,1,0,binh_thuong,3
P01306,HS07,B,2026-12-11T21:06:09+07:00,2026-12-11T21:06:33+07:00,24,Ứng dụng trường,1,1,binh_thuong,5
P01307,HS16,B,2026-12-11T21:06:08+07:00,2026-12-11T21:07:15+07:00,67,Web,2,2,binh_thuong,
P01308,HS20,A,2026-12-11T13:01:30+07:00,2026-12-11T13:01:53+07:00,23,Web,1,1,binh_thuong,
P01309,HS21,A,2026-12-11T19:31:26+07:00,2026-12-11T19:33:56+07:00,150,Web,3,3,binh_thuong,5
P01310,HS25,A,2026-12-11T21:45:05+07:00,2026-12-11T21:45:31+07:00,26,Web,1,1,binh_thuong,4
P01311,HS26,B,2026-12-11T19:18:25+07:00,2026-12-11T19:18:44+07:00,19,Zalo Mini App,1,1,binh_thuong,4
P01312,HS27,A,2026-12-11T21:28:23+07:00,2026-12-11T21:29:15+07:00,52,Web,2,1,bo_do,
P01313,HS28,B,2026-12-11T21:21:41+07:00,2026-12-11T21:21:54+07:00,13,Web,1,1,binh_thuong,
P01314,HS36,A,2026-12-11T13:23:29+07:00,2026-12-11T13:25:17+07:00,108,Zalo Mini App,3,3,binh_thuong,5
P01315,HS37,B,2026-12-11T21:29:12+07:00,2026-12-11T21:29:40+07:00,28,Zalo Mini App,1,1,binh_thuong,5
P01316,HS39,A,2026-12-11T18:57:34+07:00,2026-12-11T18:58:12+07:00,38,Zalo Mini App,2,1,binh_thuong,5
P01317,HS40,A,2026-12-11T20:03:22+07:00,2026-12-11T20:03:55+07:00,33,Zalo Mini App,1,1,binh_thuong,5
P01318,HS01,B,2026-12-12T21:11:25+07:00,2026-12-12T21:12:25+07:00,60,Web,3,3,binh_thuong,5
P01319,HS06,A,2026-12-12T23:18:50+07:00,2026-12-12T23:19:21+07:00,31,Web,1,0,binh_thuong,5
P01320,HS07,B,2026-12-12T21:10:22+07:00,2026-12-12T21:10:44+07:00,22,Ứng dụng trường,1,1,binh_thuong,
P01321,HS08,B,2026-12-12T11:14:19+07:00,2026-12-12T11:14:59+07:00,40,Zalo Mini App,2,2,binh_thuong,4
P01322,HS13,B,2026-12-12T07:26:49+07:00,2026-12-12T07:28:22+07:00,93,Ứng dụng trường,2,2,binh_thuong,4
P01323,HS16,B,2026-12-12T23:50:44+07:00,2026-12-12T23:51:58+07:00,74,Web,2,2,binh_thuong,
P01324,HS21,A,2026-12-12T23:53:09+07:00,2026-12-12T23:53:38+07:00,29,Web,1,1,binh_thuong,
P01325,HS22,A,2026-12-12T06:17:04+07:00,2026-12-12T06:17:27+07:00,23,Zalo Mini App,1,1,binh_thuong,4
P01326,HS37,B,2026-12-12T23:07:25+07:00,2026-12-12T23:07:48+07:00,23,Zalo Mini App,1,1,binh_thuong,5
P01327,HS01,B,2026-12-13T20:52:35+07:00,2026-12-13T20:53:21+07:00,46,Ứng dụng trường,3,3,binh_thuong,
P01328,HS03,A,2026-12-13T20:51:34+07:00,2026-12-13T20:52:59+07:00,85,Ứng dụng trường,2,1,binh_thuong,
P01329,HS03,A,2026-12-13T22:53:43+07:00,2026-12-13T22:55:16+07:00,93,Ứng dụng trường,4,2,bo_do,3
P01330,HS04,A,2026-12-13T21:26:05+07:00,2026-12-13T21:26:53+07:00,48,Zalo Mini App,1,1,binh_thuong,4
P01331,HS05,B,2026-12-13T08:48:55+07:00,2026-12-13T08:49:46+07:00,51,Ứng dụng trường,2,2,binh_thuong,5
P01332,HS06,A,2026-12-13T22:06:45+07:00,2026-12-13T22:09:05+07:00,140,Web,4,3,binh_thuong,4
P01333,HS06,A,2026-12-13T22:56:07+07:00,2026-12-13T22:58:19+07:00,132,Web,2,1,bo_do,3
P01334,HS07,B,2026-12-13T20:24:05+07:00,2026-12-13T20:25:50+07:00,105,Ứng dụng trường,3,3,binh_thuong,5
P01335,HS08,B,2026-12-13T20:57:29+07:00,2026-12-13T20:59:00+07:00,91,Web,3,3,binh_thuong,5
P01336,HS13,B,2026-12-13T22:25:18+07:00,2026-12-13T22:26:05+07:00,47,Ứng dụng trường,2,2,binh_thuong,5
P01337,HS14,A,2026-12-13T20:07:15+07:00,2026-12-13T20:07:38+07:00,23,Zalo Mini App,1,1,binh_thuong,
P01338,HS14,A,2026-12-13T23:54:13+07:00,2026-12-13T23:56:11+07:00,118,Ứng dụng trường,3,2,binh_thuong,3
P01339,HS20,A,2026-12-13T06:34:16+07:00,2026-12-13T06:34:50+07:00,34,Ứng dụng trường,2,2,binh_thuong,
P01340,HS24,B,2026-12-13T17:31:31+07:00,2026-12-13T17:31:48+07:00,17,Zalo Mini App,1,1,binh_thuong,4
P01341,HS24,B,2026-12-13T13:50:17+07:00,2026-12-13T13:50:38+07:00,21,Zalo Mini App,1,1,binh_thuong,5
P01342,HS24,B,2026-12-13T22:58:40+07:00,2026-12-13T22:59:20+07:00,40,Zalo Mini App,1,1,binh_thuong,5
P01343,HS24,B,2026-12-13T12:28:00+07:00,2026-12-13T12:28:38+07:00,38,Zalo Mini App,1,1,binh_thuong,4
P01344,HS24,B,2026-12-13T18:04:37+07:00,2026-12-13T18:06:13+07:00,96,Zalo Mini App,2,2,binh_thuong,5
P01345,HS25,A,2026-12-13T10:45:02+07:00,2026-12-13T10:45:23+07:00,21,Web,1,1,binh_thuong,4
P01346,HS25,A,2026-12-13T06:43:46+07:00,2026-12-13T06:44:49+07:00,63,Web,1,1,binh_thuong,
P01347,HS25,A,2026-12-13T21:43:13+07:00,2026-12-13T21:43:48+07:00,35,Web,1,0,binh_thuong,4
P01348,HS26,B,2026-12-13T13:53:03+07:00,2026-12-13T13:53:46+07:00,43,Zalo Mini App,2,2,binh_thuong,4
P01349,HS26,B,2026-12-13T13:24:37+07:00,2026-12-13T13:26:38+07:00,121,Zalo Mini App,2,2,binh_thuong,5
P01350,HS28,B,2026-12-13T21:42:24+07:00,2026-12-13T21:43:37+07:00,73,Ứng dụng trường,3,3,binh_thuong,
P01351,HS29,B,2026-12-13T16:05:52+07:00,2026-12-13T16:06:13+07:00,21,Web,2,2,binh_thuong,5
P01352,HS34,B,2026-12-13T21:56:34+07:00,2026-12-13T21:56:53+07:00,19,Web,1,1,binh_thuong,5
P01353,HS34,B,2026-12-13T12:19:30+07:00,2026-12-13T12:19:52+07:00,22,Web,1,1,binh_thuong,3
P01354,HS36,A,2026-12-13T06:39:37+07:00,2026-12-13T06:39:49+07:00,12,Zalo Mini App,1,1,binh_thuong,5
P01355,HS37,B,2026-12-13T20:29:53+07:00,2026-12-13T20:30:46+07:00,53,Zalo Mini App,1,1,binh_thuong,4
P01356,HS02,B,2026-12-14T07:19:19+07:00,2026-12-14T07:20:28+07:00,69,Zalo Mini App,3,3,binh_thuong,4
P01357,HS03,A,2026-12-14T06:21:20+07:00,2026-12-14T06:22:05+07:00,45,Ứng dụng trường,2,2,binh_thuong,
P01358,HS07,B,2026-12-14T17:41:47+07:00,2026-12-14T17:43:14+07:00,87,Ứng dụng trường,2,2,binh_thuong,4
P01359,HS10,A,2026-12-14T10:55:23+07:00,2026-12-14T10:55:42+07:00,19,Zalo Mini App,1,0,binh_thuong,
P01360,HS11,A,2026-12-14T17:38:20+07:00,2026-12-14T17:38:51+07:00,31,Web,2,2,binh_thuong,5
P01361,HS13,B,2026-12-14T07:07:28+07:00,2026-12-14T07:08:56+07:00,88,Ứng dụng trường,2,2,binh_thuong,5
P01362,HS13,B,2026-12-14T23:41:34+07:00,2026-12-14T23:41:56+07:00,22,Ứng dụng trường,1,1,binh_thuong,4
P01363,HS13,B,2026-12-14T22:05:04+07:00,2026-12-14T22:06:04+07:00,60,Ứng dụng trường,4,4,binh_thuong,
P01364,HS19,B,2026-12-14T12:30:22+07:00,2026-12-14T12:30:44+07:00,22,Web,1,1,binh_thuong,
P01365,HS20,A,2026-12-14T20:28:39+07:00,2026-12-14T20:29:12+07:00,33,Ứng dụng trường,1,0,binh_thuong,4
P01366,HS23,A,2026-12-14T23:46:50+07:00,2026-12-14T23:47:17+07:00,27,Zalo Mini App,1,1,binh_thuong,
P01367,HS23,A,2026-12-14T13:38:31+07:00,2026-12-14T13:38:59+07:00,28,Web,1,1,binh_thuong,
P01368,HS23,A,2026-12-14T21:43:04+07:00,2026-12-14T21:44:14+07:00,70,Zalo Mini App,2,1,binh_thuong,3
P01369,HS24,B,2026-12-14T16:08:52+07:00,2026-12-14T16:09:18+07:00,26,Ứng dụng trường,1,1,binh_thuong,5
P01370,HS26,B,2026-12-14T13:19:01+07:00,2026-12-14T13:19:44+07:00,43,Zalo Mini App,1,1,binh_thuong,
P01371,HS27,A,2026-12-14T19:41:10+07:00,2026-12-14T19:41:25+07:00,15,Ứng dụng trường,1,1,binh_thuong,
P01372,HS31,A,2026-12-14T20:48:35+07:00,2026-12-14T20:49:37+07:00,62,Zalo Mini App,1,1,binh_thuong,
P01373,HS32,A,2026-12-14T22:54:53+07:00,2026-12-14T22:55:58+07:00,65,Web,3,2,binh_thuong,5
P01374,HS32,A,2026-12-14T23:23:40+07:00,2026-12-14T23:24:27+07:00,47,Web,1,1,binh_thuong,
P01375,HS32,A,2026-12-14T21:13:55+07:00,2026-12-14T21:14:42+07:00,47,Web,1,1,binh_thuong,
P01376,HS34,B,2026-12-14T19:25:34+07:00,2026-12-14T19:26:55+07:00,81,Web,3,3,binh_thuong,
P01377,HS39,A,2026-12-14T21:54:13+07:00,2026-12-14T21:54:46+07:00,33,Ứng dụng trường,1,1,binh_thuong,4
P01378,HS19,B,2026-12-15T21:45:15+07:00,2026-12-15T21:45:41+07:00,26,Web,1,1,binh_thuong,
P01379,HS20,A,2026-12-15T22:13:26+07:00,2026-12-15T22:13:35+07:00,9,Ứng dụng trường,1,1,binh_thuong,4
P01380,HS25,A,2026-12-15T06:39:30+07:00,2026-12-15T06:40:25+07:00,55,Web,2,2,binh_thuong,
P01381,HS26,B,2026-12-15T21:59:37+07:00,2026-12-15T22:00:07+07:00,30,Zalo Mini App,1,1,binh_thuong,4
P01382,HS31,A,2026-12-15T19:07:38+07:00,2026-12-15T19:09:23+07:00,105,Zalo Mini App,2,2,binh_thuong,4
P01383,HS32,A,2026-12-15T07:10:52+07:00,2026-12-15T07:11:51+07:00,59,Web,2,1,binh_thuong,3
P01384,HS33,A,2026-12-15T18:13:10+07:00,2026-12-15T18:13:48+07:00,38,Zalo Mini App,2,2,binh_thuong,
P01385,HS10,A,2026-12-16T21:34:28+07:00,2026-12-16T21:35:40+07:00,72,Zalo Mini App,1,1,binh_thuong,
P01386,HS15,B,2026-12-16T21:19:17+07:00,2026-12-16T21:20:26+07:00,69,Ứng dụng trường,2,2,binh_thuong,4
P01387,HS24,B,2026-12-16T06:47:11+07:00,2026-12-16T06:48:28+07:00,77,Zalo Mini App,2,2,binh_thuong,5
P01388,HS26,B,2026-12-16T14:19:09+07:00,2026-12-16T14:20:32+07:00,83,Zalo Mini App,2,2,binh_thuong,
P01389,HS34,B,2026-12-16T13:21:00+07:00,2026-12-16T13:21:49+07:00,49,Web,2,2,binh_thuong,5
P01390,HS37,B,2026-12-16T12:44:51+07:00,2026-12-16T12:45:25+07:00,34,Zalo Mini App,1,1,binh_thuong,4
P01391,HS40,A,2026-12-16T12:36:47+07:00,2026-12-16T12:37:54+07:00,67,Web,2,1,binh_thuong,
P01392,HS09,B,2026-12-17T20:19:15+07:00,2026-12-17T20:19:26+07:00,11,Web,1,1,binh_thuong,5
P01393,HS10,A,2026-12-17T18:43:52+07:00,2026-12-17T18:44:27+07:00,35,Zalo Mini App,2,2,binh_thuong,
P01394,HS12,B,2026-12-17T21:39:03+07:00,2026-12-17T21:39:13+07:00,10,Zalo Mini App,1,1,binh_thuong,
P01395,HS21,A,2026-12-17T21:25:16+07:00,2026-12-17T21:25:28+07:00,12,Web,1,1,binh_thuong,5
P01396,HS30,A,2026-12-17T20:43:23+07:00,2026-12-17T20:43:54+07:00,31,Web,1,0,bo_do,4
P01397,HS10,A,2026-12-18T18:53:21+07:00,2026-12-18T18:54:01+07:00,40,Zalo Mini App,2,1,binh_thuong,4
P01398,HS16,B,2026-12-18T20:40:11+07:00,2026-12-18T20:41:35+07:00,84,Web,2,2,binh_thuong,5
P01399,HS19,B,2026-12-18T22:45:14+07:00,2026-12-18T22:47:04+07:00,110,Web,2,2,binh_thuong,
P01400,HS26,B,2026-12-18T18:44:08+07:00,2026-12-18T18:44:59+07:00,51,Zalo Mini App,2,2,binh_thuong,5
P01401,HS34,B,2026-12-18T22:00:27+07:00,2026-12-18T22:02:34+07:00,127,Web,3,3,binh_thuong,
P01402,HS36,A,2026-12-18T18:41:29+07:00,2026-12-18T18:42:12+07:00,43,Web,1,1,binh_thuong,
P01403,HS25,A,2026-12-19T12:53:06+07:00,2026-12-19T12:54:06+07:00,60,Web,2,2,binh_thuong,5
P01404,HS03,A,2026-12-20T21:21:12+07:00,2026-12-20T21:22:21+07:00,69,Ứng dụng trường,1,1,binh_thuong,4
P01405,HS06,A,2026-12-20T21:53:44+07:00,2026-12-20T21:54:46+07:00,62,Web,1,0,bo_do,
P01406,HS10,A,2026-12-20T12:27:55+07:00,2026-12-20T12:28:18+07:00,23,Zalo Mini App,1,1,binh_thuong,4
P01407,HS12,B,2026-12-20T21:31:01+07:00,2026-12-20T21:32:14+07:00,73,Zalo Mini App,3,3,binh_thuong,5
P01408,HS16,B,2026-12-20T20:39:32+07:00,2026-12-20T20:40:19+07:00,47,Web,2,2,binh_thuong,5
P01409,HS27,A,2026-12-20T12:37:24+07:00,2026-12-20T12:38:31+07:00,67,Web,2,2,binh_thuong,
